\BOOKMARK [0][-]{chapter*.2}{\376\377\000P\000r\000e\000f\000a\000c\000e\000:\000\040\000W\000h\000y\000\040\000E\000x\000p\000a\000n\000s\000i\000o\000n\000\040\000M\000a\000y\000\040\000B\000e\000\040\000t\000h\000e\000\040\000W\000r\000o\000n\000g\000\040\000P\000i\000c\000t\000u\000r\000e}{}% 1
\BOOKMARK [-1][-]{part.1}{\376\377\000I\000\040\000T\000h\000e\000\040\000C\000o\000s\000m\000o\000l\000o\000g\000i\000c\000a\000l\000\040\000P\000u\000z\000z\000l\000e}{}% 2
\BOOKMARK [0][-]{chapter.1}{\376\377\000T\000h\000e\000\040\000S\000t\000a\000n\000d\000a\000r\000d\000\040\000S\000t\000o\000r\000y}{part.1}% 3
\BOOKMARK [1][-]{section.1.1}{\376\377\000H\000o\000m\000o\000g\000e\000n\000e\000i\000t\000y\000,\000\040\000I\000s\000o\000t\000r\000o\000p\000y\000,\000\040\000a\000n\000d\000\040\000t\000h\000e\000\040\000C\000o\000s\000m\000o\000l\000o\000g\000i\000c\000a\000l\000\040\000M\000e\000t\000r\000i\000c}{chapter.1}% 4
\BOOKMARK [1][-]{section.1.2}{\376\377\000T\000h\000e\000\040\000F\000r\000i\000e\000d\000m\000a\000n\000n\000\040\000E\000q\000u\000a\000t\000i\000o\000n\000s}{chapter.1}% 5
\BOOKMARK [1][-]{section.1.3}{\376\377\000R\000u\000n\000n\000i\000n\000g\000\040\000t\000h\000e\000\040\000S\000t\000a\000n\000d\000a\000r\000d\000\040\000M\000o\000d\000e\000l\000\040\000B\000a\000c\000k\000w\000a\000r\000d}{chapter.1}% 6
\BOOKMARK [1][-]{section.1.4}{\376\377\000T\000h\000e\000\040\000T\000h\000e\000r\000m\000a\000l\000\040\000H\000i\000s\000t\000o\000r\000y}{chapter.1}% 7
\BOOKMARK [1][-]{section.1.5}{\376\377\000P\000r\000i\000m\000o\000r\000d\000i\000a\000l\000\040\000N\000u\000c\000l\000e\000o\000s\000y\000n\000t\000h\000e\000s\000i\000s}{chapter.1}% 8
\BOOKMARK [1][-]{section.1.6}{\376\377\000T\000h\000e\000\040\000C\000o\000s\000m\000i\000c\000\040\000M\000i\000c\000r\000o\000w\000a\000v\000e\000\040\000B\000a\000c\000k\000g\000r\000o\000u\000n\000d}{chapter.1}% 9
\BOOKMARK [1][-]{section.1.7}{\376\377\000A\000\040\000S\000m\000o\000o\000t\000h\000\040\000B\000e\000g\000i\000n\000n\000i\000n\000g\000\040\000w\000i\000t\000h\000\040\000T\000i\000n\000y\000\040\000D\000i\000f\000f\000e\000r\000e\000n\000c\000e\000s}{chapter.1}% 10
\BOOKMARK [1][-]{section.1.8}{\376\377\000G\000r\000a\000v\000i\000t\000a\000t\000i\000o\000n\000a\000l\000\040\000G\000r\000o\000w\000t\000h}{chapter.1}% 11
\BOOKMARK [1][-]{section.1.9}{\376\377\000C\000o\000l\000d\000\040\000D\000a\000r\000k\000\040\000M\000a\000t\000t\000e\000r\000\040\000a\000n\000d\000\040\000H\000i\000e\000r\000a\000r\000c\000h\000i\000c\000a\000l\000\040\000S\000t\000r\000u\000c\000t\000u\000r\000e}{chapter.1}% 12
\BOOKMARK [1][-]{section.1.10}{\376\377\000V\000o\000i\000d\000s\000\040\000A\000r\000e\000\040\000P\000a\000r\000t\000\040\000o\000f\000\040\000t\000h\000e\000\040\000S\000t\000r\000u\000c\000t\000u\000r\000e}{chapter.1}% 13
\BOOKMARK [1][-]{section.1.11}{\376\377\000S\000t\000a\000r\000s\000\040\000a\000n\000d\000\040\000t\000h\000e\000\040\000T\000h\000e\000r\000m\000o\000d\000y\000n\000a\000m\000i\000c\000\040\000M\000i\000d\000d\000l\000e\000\040\000E\000p\000o\000c\000h}{chapter.1}% 14
\BOOKMARK [1][-]{section.1.12}{\376\377\000A\000c\000c\000e\000l\000e\000r\000a\000t\000i\000o\000n\000\040\000a\000n\000d\000\040\000D\000a\000r\000k\000\040\000E\000n\000e\000r\000g\000y}{chapter.1}% 15
\BOOKMARK [1][-]{section.1.13}{\376\377\000T\000h\000e\000\040\000C\000o\000n\000v\000e\000n\000t\000i\000o\000n\000a\000l\000\040\000F\000a\000r\000\040\000F\000u\000t\000u\000r\000e}{chapter.1}% 16
\BOOKMARK [1][-]{section.1.14}{\376\377\000H\000e\000a\000t\000\040\000D\000e\000a\000t\000h}{chapter.1}% 17
\BOOKMARK [1][-]{section.1.15}{\376\377\000T\000h\000e\000\040\000P\000u\000z\000z\000l\000e\000\040\000H\000i\000d\000d\000e\000n\000\040\000I\000n\000s\000i\000d\000e\000\040\000t\000h\000e\000\040\000S\000t\000a\000n\000d\000a\000r\000d\000\040\000S\000t\000o\000r\000y}{chapter.1}% 18
\BOOKMARK [1][-]{section.1.16}{\376\377\000W\000h\000a\000t\000\040\000T\000h\000i\000s\000\040\000B\000o\000o\000k\000\040\000A\000c\000c\000e\000p\000t\000s\000\040\000a\000s\000\040\000a\000\040\000B\000u\000r\000d\000e\000n\000\040\000o\000f\000\040\000P\000r\000o\000o\000f}{chapter.1}% 19
\BOOKMARK [1][-]{section.1.17}{\376\377\000W\000h\000a\000t\000\040\000t\000h\000e\000\040\000S\000t\000a\000n\000d\000a\000r\000d\000\040\000S\000t\000o\000r\000y\000\040\000D\000o\000e\000s\000\040\000N\000o\000t\000\040\000S\000e\000t\000t\000l\000e}{chapter.1}% 20
\BOOKMARK [1][-]{section.1.18}{\376\377\000T\000h\000e\000\040\000B\000a\000s\000e\000l\000i\000n\000e\000\040\000W\000e\000\040\000W\000i\000l\000l\000\040\000R\000e\000i\000n\000t\000e\000r\000p\000r\000e\000t}{chapter.1}% 21
\BOOKMARK [0][-]{chapter.2}{\376\377\000T\000h\000e\000\040\000B\000i\000g\000\040\000B\000a\000n\000g\000\040\000W\000a\000s\000\040\000N\000o\000t\000\040\000a\000n\000\040\000E\000x\000p\000l\000o\000s\000i\000o\000n}{part.1}% 22
\BOOKMARK [1][-]{section.2.1}{\376\377\000A\000n\000\040\000E\000x\000p\000l\000o\000s\000i\000o\000n\000\040\000R\000e\000q\000u\000i\000r\000e\000s\000\040\000a\000n\000\040\000E\000x\000t\000e\000r\000i\000o\000r}{chapter.2}% 23
\BOOKMARK [1][-]{section.2.2}{\376\377\000T\000h\000e\000r\000e\000\040\000I\000s\000\040\000N\000o\000\040\000C\000e\000n\000t\000e\000r\000\040\000o\000f\000\040\000F\000L\000R\000W\000\040\000E\000x\000p\000a\000n\000s\000i\000o\000n}{chapter.2}% 24
\BOOKMARK [1][-]{section.2.3}{\376\377\000T\000h\000e\000\040\000B\000i\000g\000\040\000B\000a\000n\000g\000\040\000H\000a\000p\000p\000e\000n\000e\000d\000\040\000E\000v\000e\000r\000y\000w\000h\000e\000r\000e}{chapter.2}% 25
\BOOKMARK [1][-]{section.2.4}{\376\377\000H\000o\000t\000,\000\040\000D\000e\000n\000s\000e\000,\000\040\000a\000n\000d\000\040\000S\000m\000a\000l\000l\000\040\000A\000r\000e\000\040\000D\000i\000f\000f\000e\000r\000e\000n\000t\000\040\000C\000l\000a\000i\000m\000s}{chapter.2}% 26
\BOOKMARK [1][-]{section.2.5}{\376\377\000T\000h\000e\000\040\000O\000b\000s\000e\000r\000v\000a\000b\000l\000e\000\040\000U\000n\000i\000v\000e\000r\000s\000e\000\040\000I\000s\000\040\000N\000o\000t\000\040\000t\000h\000e\000\040\000W\000h\000o\000l\000e\000\040\000U\000n\000i\000v\000e\000r\000s\000e}{chapter.2}% 27
\BOOKMARK [1][-]{section.2.6}{\376\377\000R\000e\000d\000s\000h\000i\000f\000t\000\040\000a\000n\000d\000\040\000t\000h\000e\000\040\000E\000x\000p\000a\000n\000d\000i\000n\000g\000\040\000M\000e\000t\000r\000i\000c}{chapter.2}% 28
\BOOKMARK [1][-]{section.2.7}{\376\377\000E\000x\000p\000a\000n\000s\000i\000o\000n\000\040\000D\000o\000e\000s\000\040\000N\000o\000t\000\040\000S\000t\000r\000e\000t\000c\000h\000\040\000E\000v\000e\000r\000y\000t\000h\000i\000n\000g}{chapter.2}% 29
\BOOKMARK [1][-]{section.2.8}{\376\377\000D\000e\000n\000s\000i\000t\000y\000\040\000D\000o\000e\000s\000\040\000N\000o\000t\000\040\000R\000e\000q\000u\000i\000r\000e\000\040\000a\000\040\000C\000o\000n\000t\000a\000i\000n\000e\000r}{chapter.2}% 30
\BOOKMARK [1][-]{section.2.9}{\376\377\000T\000e\000m\000p\000e\000r\000a\000t\000u\000r\000e\000\040\000D\000o\000e\000s\000\040\000N\000o\000t\000\040\000M\000e\000a\000s\000u\000r\000e\000\040\000C\000o\000s\000m\000i\000c\000\040\000S\000i\000z\000e}{chapter.2}% 31
\BOOKMARK [1][-]{section.2.10}{\376\377\000T\000h\000e\000\040\000S\000i\000n\000g\000u\000l\000a\000r\000\040\000L\000i\000m\000i\000t}{chapter.2}% 32
\BOOKMARK [1][-]{section.2.11}{\376\377\000T\000h\000e\000\040\000P\000l\000a\000n\000c\000k\000\040\000R\000e\000g\000i\000m\000e\000\040\000I\000s\000\040\000N\000o\000t\000\040\000O\000b\000s\000e\000r\000v\000a\000t\000i\000o\000n\000a\000l\000l\000y\000\040\000R\000e\000c\000o\000n\000s\000t\000r\000u\000c\000t\000e\000d}{chapter.2}% 33
\BOOKMARK [1][-]{section.2.12}{\376\377\000I\000n\000f\000l\000a\000t\000i\000o\000n\000\040\000D\000o\000e\000s\000\040\000N\000o\000t\000\040\000R\000e\000s\000t\000o\000r\000e\000\040\000t\000h\000e\000\040\000E\000x\000p\000l\000o\000s\000i\000o\000n\000\040\000P\000i\000c\000t\000u\000r\000e}{chapter.2}% 34
\BOOKMARK [1][-]{section.2.13}{\376\377\000A\000\040\000S\000c\000a\000l\000e\000\040\000F\000a\000c\000t\000o\000r\000\040\000I\000s\000\040\000a\000\040\000R\000e\000l\000a\000t\000i\000o\000n\000a\000l\000\040\000Q\000u\000a\000n\000t\000i\000t\000y}{chapter.2}% 35
\BOOKMARK [1][-]{section.2.14}{\376\377\000E\000x\000p\000a\000n\000s\000i\000o\000n\000\040\000I\000s\000\040\000N\000o\000t\000\040\000a\000\040\000S\000u\000b\000s\000t\000a\000n\000c\000e}{chapter.2}% 36
\BOOKMARK [1][-]{section.2.15}{\376\377\000W\000h\000a\000t\000\040\000I\000s\000\040\000A\000c\000t\000u\000a\000l\000l\000y\000\040\000O\000b\000s\000e\000r\000v\000e\000d\000?}{chapter.2}% 37
\BOOKMARK [1][-]{section.2.16}{\376\377\000F\000o\000u\000r\000\040\000C\000l\000a\000i\000m\000s\000\040\000T\000h\000a\000t\000\040\000M\000u\000s\000t\000\040\000R\000e\000m\000a\000i\000n\000\040\000S\000e\000p\000a\000r\000a\000t\000e}{chapter.2}% 38
\BOOKMARK [1][-]{section.2.17}{\376\377\000F\000r\000o\000m\000\040\000a\000\040\000B\000e\000g\000i\000n\000n\000i\000n\000g\000\040\000t\000o\000\040\000a\000\040\000B\000o\000u\000n\000d\000a\000r\000y}{chapter.2}% 39
\BOOKMARK [1][-]{section.2.18}{\376\377\000T\000h\000e\000\040\000F\000i\000r\000s\000t\000\040\000H\000i\000n\000t\000\040\000o\000f\000\040\000t\000h\000e\000\040\000S\000m\000o\000o\000t\000h\000n\000e\000s\000s\000\040\000P\000a\000r\000a\000d\000o\000x}{chapter.2}% 40
\BOOKMARK [1][-]{section.2.19}{\376\377\000T\000h\000e\000\040\000B\000i\000g\000\040\000B\000a\000n\000g\000\040\000a\000s\000\040\000a\000\040\000C\000o\000n\000s\000t\000r\000a\000i\000n\000t\000\040\000o\000n\000\040\000R\000e\000i\000n\000t\000e\000r\000p\000r\000e\000t\000a\000t\000i\000o\000n}{chapter.2}% 41
\BOOKMARK [0][-]{chapter.3}{\376\377\000T\000h\000e\000\040\000L\000o\000w\000-\000E\000n\000t\000r\000o\000p\000y\000\040\000P\000r\000o\000b\000l\000e\000m}{part.1}% 42
\BOOKMARK [1][-]{section.3.1}{\376\377\000T\000h\000e\000\040\000G\000a\000s\000-\000i\000n\000-\000a\000-\000B\000o\000x\000\040\000I\000n\000t\000u\000i\000t\000i\000o\000n}{chapter.3}% 43
\BOOKMARK [1][-]{section.3.2}{\376\377\000G\000r\000a\000v\000i\000t\000y\000\040\000C\000h\000a\000n\000g\000e\000s\000\040\000t\000h\000e\000\040\000S\000t\000a\000t\000i\000s\000t\000i\000c\000a\000l\000\040\000P\000r\000o\000b\000l\000e\000m}{chapter.3}% 44
\BOOKMARK [1][-]{section.3.3}{\376\377\000M\000a\000t\000t\000e\000r\000\040\000E\000n\000t\000r\000o\000p\000y\000\040\000a\000n\000d\000\040\000G\000r\000a\000v\000i\000t\000a\000t\000i\000o\000n\000a\000l\000\040\000E\000n\000t\000r\000o\000p\000y}{chapter.3}% 45
\BOOKMARK [1][-]{section.3.4}{\376\377\000T\000h\000e\000\040\000S\000p\000e\000c\000i\000a\000l\000n\000e\000s\000s\000\040\000o\000f\000\040\000H\000o\000m\000o\000g\000e\000n\000e\000i\000t\000y}{chapter.3}% 46
\BOOKMARK [1][-]{section.3.5}{\376\377\000P\000e\000n\000r\000o\000s\000e\000'\000s\000\040\000G\000r\000a\000v\000i\000t\000a\000t\000i\000o\000n\000a\000l\000\040\000E\000n\000t\000r\000o\000p\000y\000\040\000P\000r\000o\000b\000l\000e\000m}{chapter.3}% 47
\BOOKMARK [1][-]{section.3.6}{\376\377\000B\000l\000a\000c\000k\000\040\000H\000o\000l\000e\000s\000\040\000M\000a\000k\000e\000\040\000t\000h\000e\000\040\000P\000r\000o\000b\000l\000e\000m\000\040\000U\000n\000a\000v\000o\000i\000d\000a\000b\000l\000e}{chapter.3}% 48
\BOOKMARK [1][-]{section.3.7}{\376\377\000T\000h\000e\000\040\000A\000r\000r\000o\000w\000\040\000o\000f\000\040\000T\000i\000m\000e\000\040\000E\000n\000t\000e\000r\000s\000\040\000C\000o\000s\000m\000o\000l\000o\000g\000y}{chapter.3}% 49
\BOOKMARK [1][-]{section.3.8}{\376\377\000T\000h\000e\000\040\000P\000a\000s\000t\000\040\000H\000y\000p\000o\000t\000h\000e\000s\000i\000s}{chapter.3}% 50
\BOOKMARK [1][-]{section.3.9}{\376\377\000E\000n\000t\000r\000o\000p\000y\000\040\000R\000e\000q\000u\000i\000r\000e\000s\000\040\000a\000\040\000C\000h\000o\000i\000c\000e\000\040\000o\000f\000\040\000M\000a\000c\000r\000o\000s\000t\000a\000t\000e\000s}{chapter.3}% 51
\BOOKMARK [1][-]{section.3.10}{\376\377\000F\000i\000n\000e\000-\000G\000r\000a\000i\000n\000e\000d\000\040\000a\000n\000d\000\040\000C\000o\000a\000r\000s\000e\000-\000G\000r\000a\000i\000n\000e\000d\000\040\000E\000n\000t\000r\000o\000p\000y}{chapter.3}% 52
\BOOKMARK [1][-]{section.3.11}{\376\377\000A\000\040\000U\000n\000i\000v\000e\000r\000s\000e\000\040\000C\000a\000n\000\040\000B\000e\000c\000o\000m\000e\000\040\000M\000o\000r\000e\000\040\000S\000t\000r\000u\000c\000t\000u\000r\000e\000d\000\040\000W\000h\000i\000l\000e\000\040\000E\000n\000t\000r\000o\000p\000y\000\040\000I\000n\000c\000r\000e\000a\000s\000e\000s}{chapter.3}% 53
\BOOKMARK [1][-]{section.3.12}{\376\377\000A\000v\000a\000i\000l\000a\000b\000l\000e\000\040\000W\000o\000r\000k\000\040\000I\000s\000\040\000A\000n\000o\000t\000h\000e\000r\000\040\000Q\000u\000a\000n\000t\000i\000t\000y}{chapter.3}% 54
\BOOKMARK [1][-]{section.3.13}{\376\377\000T\000h\000r\000e\000e\000\040\000Q\000u\000a\000n\000t\000i\000t\000i\000e\000s\000\040\000T\000h\000a\000t\000\040\000M\000u\000s\000t\000\040\000N\000o\000t\000\040\000B\000e\000\040\000I\000d\000e\000n\000t\000i\000f\000i\000e\000d}{chapter.3}% 55
\BOOKMARK [1][-]{section.3.14}{\376\377\000T\000h\000e\000\040\000P\000r\000o\000b\000l\000e\000m\000\040\000w\000i\000t\000h\000\040\000C\000a\000l\000l\000i\000n\000g\000\040\000t\000h\000e\000\040\000B\000e\000g\000i\000n\000n\000i\000n\000g\000\040\000`\000`\000O\000r\000d\000e\000r\000e\000d\000'\000'}{chapter.3}% 56
\BOOKMARK [1][-]{section.3.15}{\376\377\000T\000h\000e\000\040\000P\000r\000i\000m\000o\000r\000d\000i\000a\000l\000\040\000S\000t\000a\000t\000e\000\040\000W\000a\000s\000\040\000N\000o\000t\000\040\000F\000e\000a\000t\000u\000r\000e\000l\000e\000s\000s}{chapter.3}% 57
\BOOKMARK [1][-]{section.3.16}{\376\377\000W\000h\000y\000\040\000t\000h\000e\000\040\000E\000a\000r\000l\000y\000\040\000U\000n\000i\000v\000e\000r\000s\000e\000\040\000C\000o\000u\000l\000d\000\040\000D\000o\000\040\000S\000o\000\040\000M\000u\000c\000h}{chapter.3}% 58
\BOOKMARK [1][-]{section.3.17}{\376\377\000L\000o\000w\000\040\000E\000n\000t\000r\000o\000p\000y\000\040\000a\000s\000\040\000U\000n\000s\000p\000e\000n\000t\000\040\000D\000i\000f\000f\000e\000r\000e\000n\000t\000i\000a\000t\000i\000o\000n}{chapter.3}% 59
\BOOKMARK [1][-]{section.3.18}{\376\377\000W\000h\000y\000\040\000t\000h\000e\000\040\000E\000n\000t\000r\000o\000p\000y\000\040\000G\000r\000a\000d\000i\000e\000n\000t\000\040\000C\000a\000n\000n\000o\000t\000\040\000B\000e\000\040\000t\000h\000e\000\040\000W\000h\000o\000l\000e\000\040\000D\000y\000n\000a\000m\000i\000c\000s}{chapter.3}% 60
\BOOKMARK [1][-]{section.3.19}{\376\377\000T\000h\000e\000\040\000E\000n\000t\000r\000o\000p\000y\000\040\000B\000u\000d\000g\000e\000t\000\040\000C\000h\000a\000n\000g\000e\000s\000\040\000C\000h\000a\000r\000a\000c\000t\000e\000r}{chapter.3}% 61
\BOOKMARK [1][-]{section.3.20}{\376\377\000T\000h\000e\000\040\000W\000e\000y\000l\000\040\000P\000r\000o\000x\000y\000\040\000H\000a\000s\000\040\000a\000\040\000D\000o\000m\000a\000i\000n\000\040\000o\000f\000\040\000V\000a\000l\000i\000d\000i\000t\000y}{chapter.3}% 62
\BOOKMARK [1][-]{section.3.21}{\376\377\000T\000h\000e\000\040\000P\000r\000o\000b\000l\000e\000m\000\040\000C\000a\000n\000\040\000N\000o\000w\000\040\000B\000e\000\040\000S\000t\000a\000t\000e\000d\000\040\000P\000r\000e\000c\000i\000s\000e\000l\000y}{chapter.3}% 63
\BOOKMARK [1][-]{section.3.22}{\376\377\000T\000h\000e\000\040\000T\000r\000a\000p\000\040\000o\000f\000\040\000T\000w\000o\000\040\000S\000i\000m\000i\000l\000a\000r\000\040\000P\000i\000c\000t\000u\000r\000e\000s}{chapter.3}% 64
\BOOKMARK [1][-]{section.3.23}{\376\377\000T\000h\000e\000\040\000S\000m\000o\000o\000t\000h\000n\000e\000s\000s\000\040\000P\000a\000r\000a\000d\000o\000x}{chapter.3}% 65
\BOOKMARK [1][-]{section.3.24}{\376\377\000W\000h\000a\000t\000\040\000t\000h\000e\000\040\000T\000h\000e\000o\000r\000y\000\040\000M\000u\000s\000t\000\040\000E\000v\000e\000n\000t\000u\000a\000l\000l\000y\000\040\000E\000x\000p\000l\000a\000i\000n}{chapter.3}% 66
\BOOKMARK [0][-]{chapter.4}{\376\377\000T\000w\000o\000\040\000S\000m\000o\000o\000t\000h\000\040\000U\000n\000i\000v\000e\000r\000s\000e\000s}{part.1}% 67
\BOOKMARK [1][-]{section.4.1}{\376\377\000S\000m\000o\000o\000t\000h\000n\000e\000s\000s\000\040\000I\000s\000\040\000N\000o\000t\000\040\000a\000\040\000S\000t\000a\000t\000e}{chapter.4}% 68
\BOOKMARK [1][-]{section.4.2}{\376\377\000P\000r\000i\000m\000o\000r\000d\000i\000a\000l\000\040\000S\000m\000o\000o\000t\000h\000n\000e\000s\000s}{chapter.4}% 69
\BOOKMARK [1][-]{section.4.3}{\376\377\000T\000e\000r\000m\000i\000n\000a\000l\000\040\000S\000m\000o\000o\000t\000h\000n\000e\000s\000s}{chapter.4}% 70
\BOOKMARK [1][-]{section.4.4}{\376\377\000A\000\040\000F\000i\000r\000s\000t\000\040\000C\000o\000m\000p\000a\000r\000i\000s\000o\000n}{chapter.4}% 71
\BOOKMARK [1][-]{section.4.5}{\376\377\000T\000h\000e\000\040\000S\000a\000m\000e\000\040\000I\000m\000a\000g\000e\000\040\000C\000a\000n\000\040\000H\000i\000d\000e\000\040\000O\000p\000p\000o\000s\000i\000t\000e\000\040\000F\000u\000t\000u\000r\000e\000s}{chapter.4}% 72
\BOOKMARK [1][-]{section.4.6}{\376\377\000A\000\040\000B\000a\000l\000l\000\040\000a\000t\000\040\000t\000h\000e\000\040\000T\000o\000p\000\040\000a\000n\000d\000\040\000a\000\040\000B\000a\000l\000l\000\040\000a\000t\000\040\000t\000h\000e\000\040\000B\000o\000t\000t\000o\000m}{chapter.4}% 73
\BOOKMARK [1][-]{section.4.7}{\376\377\000G\000e\000o\000m\000e\000t\000r\000i\000c\000a\000l\000\040\000E\000q\000u\000i\000v\000a\000l\000e\000n\000c\000e\000\040\000I\000s\000\040\000T\000o\000o\000\040\000W\000e\000a\000k}{chapter.4}% 74
\BOOKMARK [1][-]{section.4.8}{\376\377\000T\000h\000e\000r\000m\000o\000d\000y\000n\000a\000m\000i\000c\000\040\000E\000q\000u\000i\000v\000a\000l\000e\000n\000c\000e\000\040\000I\000s\000\040\000A\000l\000s\000o\000\040\000T\000o\000o\000\040\000W\000e\000a\000k}{chapter.4}% 75
\BOOKMARK [1][-]{section.4.9}{\376\377\000T\000h\000e\000\040\000D\000i\000f\000f\000e\000r\000e\000n\000c\000e\000\040\000B\000e\000t\000w\000e\000e\000n\000\040\000C\000a\000p\000a\000c\000i\000t\000y\000\040\000a\000n\000d\000\040\000O\000c\000c\000u\000p\000a\000t\000i\000o\000n}{chapter.4}% 76
\BOOKMARK [1][-]{section.4.10}{\376\377\000T\000h\000e\000\040\000P\000e\000r\000s\000i\000s\000t\000e\000n\000c\000e\000\040\000Q\000u\000e\000s\000t\000i\000o\000n}{chapter.4}% 77
\BOOKMARK [1][-]{section.4.11}{\376\377\000T\000h\000e\000\040\000P\000e\000r\000s\000i\000s\000t\000e\000n\000c\000e\000\040\000P\000o\000s\000t\000u\000l\000a\000t\000e}{chapter.4}% 78
\BOOKMARK [1][-]{section.4.12}{\376\377\000W\000h\000y\000\040\000D\000i\000s\000s\000i\000p\000a\000t\000i\000o\000n\000\040\000M\000a\000k\000e\000s\000\040\000P\000e\000r\000s\000i\000s\000t\000e\000n\000c\000e\000\040\000D\000i\000f\000f\000i\000c\000u\000l\000t}{chapter.4}% 79
\BOOKMARK [1][-]{section.4.13}{\376\377\000T\000h\000e\000\040\000T\000w\000o\000\040\000S\000m\000o\000o\000t\000h\000\040\000S\000t\000a\000t\000e\000s\000\040\000a\000s\000\040\000E\000q\000u\000i\000v\000a\000l\000e\000n\000c\000e\000\040\000C\000l\000a\000s\000s\000e\000s}{chapter.4}% 80
\BOOKMARK [1][-]{section.4.14}{\376\377\000B\000o\000u\000n\000d\000e\000d\000\040\000P\000h\000y\000s\000i\000c\000a\000l\000\040\000O\000b\000s\000e\000r\000v\000e\000r\000s}{chapter.4}% 81
\BOOKMARK [1][-]{section.4.15}{\376\377\000T\000h\000e\000\040\000O\000b\000s\000e\000r\000v\000e\000r\000\040\000C\000l\000a\000s\000s\000\040\000C\000a\000n\000n\000o\000t\000\040\000B\000e\000\040\000A\000r\000b\000i\000t\000r\000a\000r\000y}{chapter.4}% 82
\BOOKMARK [1][-]{section.4.16}{\376\377\000S\000c\000a\000l\000e\000\040\000C\000r\000e\000a\000t\000e\000s\000\040\000A\000n\000o\000t\000h\000e\000r\000\040\000A\000m\000b\000i\000g\000u\000i\000t\000y}{chapter.4}% 83
\BOOKMARK [1][-]{section.4.17}{\376\377\000S\000i\000m\000i\000l\000a\000r\000i\000t\000y\000\040\000R\000e\000q\000u\000i\000r\000e\000s\000\040\000a\000\040\000M\000a\000p}{chapter.4}% 84
\BOOKMARK [1][-]{section.4.18}{\376\377\000S\000p\000e\000c\000t\000r\000a\000l\000\040\000E\000q\000u\000i\000v\000a\000l\000e\000n\000c\000e}{chapter.4}% 85
\BOOKMARK [1][-]{section.4.19}{\376\377\000D\000i\000m\000e\000n\000s\000i\000o\000n\000l\000e\000s\000s\000\040\000C\000o\000m\000p\000a\000r\000i\000s\000o\000n}{chapter.4}% 86
\BOOKMARK [1][-]{section.4.20}{\376\377\000S\000m\000o\000o\000t\000h\000n\000e\000s\000s\000\040\000a\000n\000d\000\040\000A\000c\000c\000e\000s\000s\000i\000b\000i\000l\000i\000t\000y}{chapter.4}% 87
\BOOKMARK [1][-]{section.4.21}{\376\377\000F\000o\000u\000r\000\040\000M\000o\000d\000a\000l\000\040\000R\000e\000g\000i\000m\000e\000s}{chapter.4}% 88
\BOOKMARK [1][-]{section.4.22}{\376\377\000T\000h\000e\000\040\000T\000h\000r\000e\000e\000\040\000G\000a\000t\000e\000s}{chapter.4}% 89
\BOOKMARK [1][-]{section.4.23}{\376\377\000T\000w\000o\000\040\000R\000o\000u\000t\000e\000s\000\040\000O\000u\000t\000\040\000o\000f\000\040\000T\000e\000r\000m\000i\000n\000a\000l\000\040\000S\000m\000o\000o\000t\000h\000n\000e\000s\000s}{chapter.4}% 90
\BOOKMARK [1][-]{section.4.24}{\376\377\000W\000h\000y\000\040\000T\000h\000e\000r\000m\000a\000l\000\040\000F\000l\000u\000c\000t\000u\000a\000t\000i\000o\000n\000\040\000I\000s\000\040\000N\000o\000t\000\040\000E\000n\000o\000u\000g\000h}{chapter.4}% 91
\BOOKMARK [1][-]{section.4.25}{\376\377\000W\000h\000y\000\040\000P\000o\000i\000n\000c\000a\000r\000\351\000\040\000R\000e\000c\000u\000r\000r\000e\000n\000c\000e\000\040\000I\000s\000\040\000N\000o\000t\000\040\000E\000n\000o\000u\000g\000h}{chapter.4}% 92
\BOOKMARK [1][-]{section.4.26}{\376\377\000T\000h\000e\000\040\000S\000m\000o\000o\000t\000h\000\040\000S\000t\000a\000t\000e\000s\000\040\000a\000n\000d\000\040\000C\000o\000s\000m\000i\000c\000\040\000M\000e\000m\000o\000r\000y}{chapter.4}% 93
\BOOKMARK [1][-]{section.4.27}{\376\377\000T\000h\000r\000e\000e\000\040\000L\000e\000v\000e\000l\000s\000\040\000o\000f\000\040\000E\000n\000d\000p\000o\000i\000n\000t\000\040\000E\000q\000u\000i\000v\000a\000l\000e\000n\000c\000e}{chapter.4}% 94
\BOOKMARK [1][-]{section.4.28}{\376\377\000T\000h\000e\000\040\000S\000t\000r\000o\000n\000g\000e\000s\000t\000\040\000C\000l\000a\000i\000m\000\040\000I\000s\000\040\000N\000o\000t\000\040\000R\000e\000q\000u\000i\000r\000e\000d}{chapter.4}% 95
\BOOKMARK [1][-]{section.4.29}{\376\377\000T\000h\000e\000\040\000T\000w\000o\000\040\000S\000m\000o\000o\000t\000h\000n\000e\000s\000s\000e\000s\000\040\000a\000s\000\040\000B\000o\000u\000n\000d\000a\000r\000y\000\040\000C\000o\000n\000d\000i\000t\000i\000o\000n\000s}{chapter.4}% 96
\BOOKMARK [1][-]{section.4.30}{\376\377\000A\000\040\000B\000o\000u\000n\000d\000a\000r\000y\000\040\000C\000a\000n\000\040\000B\000e\000\040\000a\000n\000\040\000A\000t\000t\000r\000a\000c\000t\000o\000r\000\040\000W\000i\000t\000h\000o\000u\000t\000\040\000B\000e\000i\000n\000g\000\040\000F\000i\000n\000a\000l}{chapter.4}% 97
\BOOKMARK [1][-]{section.4.31}{\376\377\000T\000h\000e\000\040\000B\000u\000r\000d\000e\000n\000\040\000o\000f\000\040\000t\000h\000e\000\040\000B\000o\000o\000k}{chapter.4}% 98
\BOOKMARK [1][-]{section.4.32}{\376\377\000A\000\040\000H\000i\000e\000r\000a\000r\000c\000h\000y\000\040\000o\000f\000\040\000C\000l\000a\000i\000m\000s}{chapter.4}% 99
\BOOKMARK [1][-]{section.4.33}{\376\377\000T\000h\000e\000\040\000P\000a\000r\000a\000d\000o\000x\000\040\000R\000e\000f\000r\000a\000m\000e\000d}{chapter.4}% 100
\BOOKMARK [1][-]{section.4.34}{\376\377\000F\000r\000o\000m\000\040\000P\000u\000z\000z\000l\000e\000\040\000t\000o\000\040\000M\000e\000c\000h\000a\000n\000i\000s\000m}{chapter.4}% 101
\BOOKMARK [0][-]{chapter.5}{\376\377\000E\000x\000p\000a\000n\000s\000i\000o\000n\000\040\000a\000s\000\040\000D\000e\000s\000c\000r\000i\000p\000t\000i\000o\000n}{part.1}% 102
\BOOKMARK [1][-]{section.5.1}{\376\377\000W\000h\000a\000t\000\040\000t\000h\000e\000\040\000S\000c\000a\000l\000e\000\040\000F\000a\000c\000t\000o\000r\000\040\000A\000c\000t\000u\000a\000l\000l\000y\000\040\000S\000a\000y\000s}{chapter.5}% 103
\BOOKMARK [1][-]{section.5.2}{\376\377\000T\000h\000e\000\040\000F\000r\000i\000e\000d\000m\000a\000n\000n\000\040\000D\000e\000s\000c\000r\000i\000p\000t\000i\000o\000n}{chapter.5}% 104
\BOOKMARK [1][-]{section.5.3}{\376\377\000A\000\040\000D\000e\000s\000c\000r\000i\000p\000t\000i\000o\000n\000\040\000C\000a\000n\000\040\000B\000e\000\040\000E\000x\000a\000c\000t\000\040\000W\000i\000t\000h\000o\000u\000t\000\040\000B\000e\000i\000n\000g\000\040\000F\000u\000n\000d\000a\000m\000e\000n\000t\000a\000l}{chapter.5}% 105
\BOOKMARK [1][-]{section.5.4}{\376\377\000W\000h\000a\000t\000\040\000M\000u\000s\000t\000\040\000S\000u\000r\000v\000i\000v\000e\000\040\000a\000\040\000R\000e\000i\000n\000t\000e\000r\000p\000r\000e\000t\000a\000t\000i\000o\000n}{chapter.5}% 106
\BOOKMARK [1][-]{section.5.5}{\376\377\000T\000h\000e\000\040\000B\000a\000l\000l\000o\000o\000n\000\040\000I\000s\000\040\000a\000n\000\040\000A\000n\000a\000l\000o\000g\000y}{chapter.5}% 107
\BOOKMARK [1][-]{section.5.6}{\376\377\000C\000o\000m\000o\000v\000i\000n\000g\000\040\000C\000o\000o\000r\000d\000i\000n\000a\000t\000e\000s\000\040\000a\000n\000d\000\040\000P\000h\000y\000s\000i\000c\000a\000l\000\040\000I\000n\000t\000e\000r\000p\000r\000e\000t\000a\000t\000i\000o\000n}{chapter.5}% 108
\BOOKMARK [1][-]{section.5.7}{\376\377\000A\000\040\000R\000e\000l\000a\000t\000i\000o\000n\000a\000l\000\040\000R\000e\000a\000d\000i\000n\000g\000\040\000o\000f\000\040\000S\000c\000a\000l\000e}{chapter.5}% 109
\BOOKMARK [1][-]{section.5.8}{\376\377\000F\000r\000o\000m\000\040\000S\000c\000a\000l\000e\000\040\000F\000a\000c\000t\000o\000r\000\040\000t\000o\000\040\000F\000i\000e\000l\000d\000\040\000S\000t\000a\000t\000e}{chapter.5}% 110
\BOOKMARK [1][-]{section.5.9}{\376\377\000E\000x\000p\000a\000n\000s\000i\000o\000n\000\040\000a\000n\000d\000\040\000R\000e\000d\000i\000s\000t\000r\000i\000b\000u\000t\000i\000o\000n}{chapter.5}% 111
\BOOKMARK [1][-]{section.5.10}{\376\377\000C\000o\000n\000c\000e\000n\000t\000r\000a\000t\000i\000o\000n\000\040\000a\000n\000d\000\040\000E\000v\000a\000c\000u\000a\000t\000i\000o\000n}{chapter.5}% 112
\BOOKMARK [1][-]{section.5.11}{\376\377\000W\000h\000y\000\040\000V\000o\000i\000d\000s\000\040\000M\000a\000t\000t\000e\000r}{chapter.5}% 113
\BOOKMARK [1][-]{section.5.12}{\376\377\000S\000m\000o\000o\000t\000h\000i\000n\000g\000\040\000a\000n\000d\000\040\000E\000x\000p\000a\000n\000s\000i\000o\000n\000\040\000A\000r\000e\000\040\000N\000o\000t\000\040\000O\000p\000p\000o\000s\000i\000t\000e\000s}{chapter.5}% 114
\BOOKMARK [1][-]{section.5.13}{\376\377\000A\000\040\000C\000h\000a\000n\000g\000e\000\040\000o\000f\000\040\000E\000x\000p\000l\000a\000n\000a\000t\000o\000r\000y\000\040\000P\000r\000i\000o\000r\000i\000t\000y}{chapter.5}% 115
\BOOKMARK [1][-]{section.5.14}{\376\377\000T\000h\000e\000\040\000C\000o\000v\000a\000r\000i\000a\000n\000c\000e\000\040\000R\000e\000q\000u\000i\000r\000e\000m\000e\000n\000t}{chapter.5}% 116
\BOOKMARK [1][-]{section.5.15}{\376\377\000E\000x\000p\000a\000n\000s\000i\000o\000n\000\040\000a\000s\000\040\000a\000n\000\040\000E\000f\000f\000e\000c\000t\000i\000v\000e\000\040\000C\000o\000o\000r\000d\000i\000n\000a\000t\000e\000\040\000o\000n\000\040\000H\000i\000s\000t\000o\000r\000y}{chapter.5}% 117
\BOOKMARK [1][-]{section.5.16}{\376\377\000T\000h\000e\000\040\000D\000i\000f\000f\000e\000r\000e\000n\000c\000e\000\040\000B\000e\000t\000w\000e\000e\000n\000\040\000R\000e\000p\000l\000a\000c\000e\000m\000e\000n\000t\000\040\000a\000n\000d\000\040\000R\000e\000d\000e\000s\000c\000r\000i\000p\000t\000i\000o\000n}{chapter.5}% 118
\BOOKMARK [1][-]{section.5.17}{\376\377\000T\000h\000e\000\040\000E\000m\000p\000i\000r\000i\000c\000a\000l\000\040\000A\000s\000y\000m\000m\000e\000t\000r\000y}{chapter.5}% 119
\BOOKMARK [1][-]{section.5.18}{\376\377\000W\000h\000y\000\040\000K\000e\000e\000p\000\040\000t\000h\000e\000\040\000L\000a\000n\000g\000u\000a\000g\000e\000\040\000o\000f\000\040\000E\000x\000p\000a\000n\000s\000i\000o\000n\000\040\000a\000t\000\040\000A\000l\000l\000?}{chapter.5}% 120
\BOOKMARK [1][-]{section.5.19}{\376\377\000T\000h\000e\000\040\000S\000t\000r\000o\000n\000g\000\040\000V\000e\000r\000s\000i\000o\000n\000\040\000o\000f\000\040\000t\000h\000e\000\040\000S\000m\000o\000o\000t\000h\000i\000n\000g\000\040\000H\000y\000p\000o\000t\000h\000e\000s\000i\000s}{chapter.5}% 121
\BOOKMARK [1][-]{section.5.20}{\376\377\000T\000h\000e\000\040\000W\000e\000a\000k\000e\000r\000\040\000V\000e\000r\000s\000i\000o\000n}{chapter.5}% 122
\BOOKMARK [1][-]{section.5.21}{\376\377\000F\000r\000o\000m\000\040\000E\000x\000p\000a\000n\000s\000i\000o\000n\000\040\000t\000o\000\040\000S\000m\000o\000o\000t\000h\000i\000n\000g}{chapter.5}% 123
\BOOKMARK [1][-]{section.5.22}{\376\377\000A\000\040\000M\000o\000r\000e\000\040\000C\000a\000r\000e\000f\000u\000l\000\040\000C\000o\000s\000m\000o\000l\000o\000g\000i\000c\000a\000l\000\040\000V\000e\000r\000b}{chapter.5}% 124
\BOOKMARK [1][-]{section.5.23}{\376\377\000T\000h\000e\000\040\000N\000e\000x\000t\000\040\000S\000t\000e\000p}{chapter.5}% 125
\BOOKMARK [0][-]{chapter.6}{\376\377\000T\000h\000e\000\040\000P\000l\000e\000n\000u\000m}{part.1}% 126
\BOOKMARK [1][-]{section.6.1}{\376\377\000W\000h\000y\000\040\000a\000\040\000P\000l\000e\000n\000u\000m\000?}{chapter.6}% 127
\BOOKMARK [1][-]{section.6.2}{\376\377\000T\000h\000e\000\040\000S\000c\000a\000l\000a\000r\000\040\000C\000a\000p\000a\000c\000i\000t\000y\000\040\000F\000i\000e\000l\000d}{chapter.6}% 128
\BOOKMARK [1][-]{section.6.3}{\376\377\000T\000h\000e\000\040\000T\000r\000a\000n\000s\000p\000o\000r\000t\000\040\000F\000i\000e\000l\000d}{chapter.6}% 129
\BOOKMARK [1][-]{section.6.4}{\376\377\000E\000n\000t\000r\000o\000p\000y\000\040\000a\000s\000\040\000a\000\040\000F\000i\000e\000l\000d}{chapter.6}% 130
\BOOKMARK [1][-]{section.6.5}{\376\377\000O\000n\000e\000\040\000S\000t\000a\000t\000e\000,\000\040\000S\000e\000v\000e\000r\000a\000l\000\040\000R\000e\000g\000i\000m\000e\000s}{chapter.6}% 131
\BOOKMARK [1][-]{section.6.6}{\376\377\000M\000a\000t\000t\000e\000r\000\040\000I\000s\000\040\000N\000o\000t\000\040\000A\000d\000d\000e\000d\000\040\000t\000o\000\040\000t\000h\000e\000\040\000P\000l\000e\000n\000u\000m}{chapter.6}% 132
\BOOKMARK [1][-]{section.6.7}{\376\377\000T\000h\000e\000\040\000V\000a\000r\000i\000a\000t\000i\000o\000n\000a\000l\000\040\000B\000o\000u\000n\000d\000a\000r\000y}{chapter.6}% 133
\BOOKMARK [1][-]{section.6.8}{\376\377\000G\000e\000o\000m\000e\000t\000r\000y\000\040\000I\000s\000\040\000D\000e\000l\000i\000b\000e\000r\000a\000t\000e\000l\000y\000\040\000L\000e\000f\000t\000\040\000O\000p\000e\000n}{chapter.6}% 134
\BOOKMARK [1][-]{section.6.9}{\376\377\000T\000h\000e\000\040\000P\000l\000e\000n\000u\000m\000\040\000a\000n\000d\000\040\000t\000h\000e\000\040\000M\000e\000a\000n\000i\000n\000g\000\040\000o\000f\000\040\000E\000m\000p\000t\000y\000\040\000S\000p\000a\000c\000e}{chapter.6}% 135
\BOOKMARK [1][-]{section.6.10}{\376\377\000F\000r\000o\000m\000\040\000F\000i\000e\000l\000d\000s\000\040\000t\000o\000\040\000D\000i\000s\000t\000i\000n\000c\000t\000i\000o\000n\000s}{chapter.6}% 136
\BOOKMARK [1][-]{section.6.11}{\376\377\000W\000h\000a\000t\000\040\000T\000h\000i\000s\000\040\000C\000h\000a\000p\000t\000e\000r\000\040\000H\000a\000s\000\040\000a\000n\000d\000\040\000H\000a\000s\000\040\000N\000o\000t\000\040\000C\000l\000a\000i\000m\000e\000d}{chapter.6}% 137
\BOOKMARK [0][-]{chapter.7}{\376\377\000M\000a\000t\000t\000e\000r\000\040\000a\000s\000\040\000K\000n\000o\000t\000t\000e\000d\000\040\000C\000a\000p\000a\000c\000i\000t\000y}{part.1}% 138
\BOOKMARK [1][-]{section.7.1}{\376\377\000L\000o\000c\000a\000l\000i\000z\000a\000t\000i\000o\000n\000\040\000I\000s\000\040\000N\000o\000t\000\040\000Y\000e\000t\000\040\000M\000a\000t\000t\000e\000r}{chapter.7}% 139
\BOOKMARK [1][-]{section.7.2}{\376\377\000S\000t\000a\000t\000i\000o\000n\000a\000r\000y\000\040\000C\000o\000n\000f\000i\000g\000u\000r\000a\000t\000i\000o\000n\000s}{chapter.7}% 140
\BOOKMARK [1][-]{section.7.3}{\376\377\000T\000h\000e\000\040\000S\000t\000a\000b\000i\000l\000i\000t\000y\000\040\000O\000p\000e\000r\000a\000t\000o\000r}{chapter.7}% 141
\BOOKMARK [1][-]{section.7.4}{\376\377\000N\000o\000n\000l\000i\000n\000e\000a\000r\000i\000t\000y\000\040\000a\000n\000d\000\040\000L\000o\000c\000a\000l\000i\000z\000a\000t\000i\000o\000n}{chapter.7}% 142
\BOOKMARK [1][-]{section.7.5}{\376\377\000F\000r\000o\000m\000\040\000a\000\040\000L\000o\000c\000a\000l\000i\000z\000e\000d\000\040\000S\000o\000l\000u\000t\000i\000o\000n\000\040\000t\000o\000\040\000a\000\040\000S\000t\000a\000b\000l\000e\000\040\000K\000n\000o\000t}{chapter.7}% 143
\BOOKMARK [1][-]{section.7.6}{\376\377\000D\000e\000r\000r\000i\000c\000k\000\040\000S\000c\000a\000l\000i\000n\000g\000\040\000a\000n\000d\000\040\000t\000h\000e\000\040\000D\000i\000m\000e\000n\000s\000i\000o\000n\000a\000l\000\040\000O\000b\000s\000t\000r\000u\000c\000t\000i\000o\000n}{chapter.7}% 144
\BOOKMARK [1][-]{section.7.7}{\376\377\000T\000o\000p\000o\000l\000o\000g\000i\000c\000a\000l\000\040\000P\000r\000o\000t\000e\000c\000t\000i\000o\000n}{chapter.7}% 145
\BOOKMARK [1][-]{section.7.8}{\376\377\000A\000\040\000M\000u\000l\000t\000i\000w\000e\000l\000l\000\040\000E\000x\000a\000m\000p\000l\000e}{chapter.7}% 146
\BOOKMARK [1][-]{section.7.9}{\376\377\000E\000n\000e\000r\000g\000e\000t\000i\000c\000,\000\040\000T\000o\000p\000o\000l\000o\000g\000i\000c\000a\000l\000,\000\040\000a\000n\000d\000\040\000D\000y\000n\000a\000m\000i\000c\000a\000l\000\040\000P\000e\000r\000s\000i\000s\000t\000e\000n\000c\000e}{chapter.7}% 147
\BOOKMARK [1][-]{section.7.10}{\376\377\000L\000o\000c\000a\000l\000i\000z\000a\000t\000i\000o\000n\000\040\000a\000s\000\040\000a\000\040\000Q\000u\000a\000n\000t\000i\000t\000a\000t\000i\000v\000e\000\040\000O\000b\000s\000e\000r\000v\000a\000b\000l\000e}{chapter.7}% 148
\BOOKMARK [1][-]{section.7.11}{\376\377\000K\000n\000o\000t\000s\000\040\000a\000n\000d\000\040\000S\000c\000a\000l\000e}{chapter.7}% 149
\BOOKMARK [1][-]{section.7.12}{\376\377\000M\000a\000t\000t\000e\000r\000\040\000a\000s\000\040\000O\000c\000c\000u\000p\000i\000e\000d\000\040\000S\000t\000a\000b\000l\000e\000\040\000S\000e\000c\000t\000o\000r\000s}{chapter.7}% 150
\BOOKMARK [1][-]{section.7.13}{\376\377\000F\000o\000r\000m\000a\000t\000i\000o\000n\000\040\000a\000s\000\040\000E\000n\000t\000r\000y\000\040\000i\000n\000t\000o\000\040\000a\000\040\000S\000t\000a\000b\000l\000e\000\040\000S\000e\000c\000t\000o\000r}{chapter.7}% 151
\BOOKMARK [1][-]{section.7.14}{\376\377\000U\000n\000t\000y\000i\000n\000g}{chapter.7}% 152
\BOOKMARK [1][-]{section.7.15}{\376\377\000K\000n\000o\000t\000s\000\040\000A\000r\000e\000\040\000T\000e\000m\000p\000o\000r\000a\000r\000y}{chapter.7}% 153
\BOOKMARK [1][-]{section.7.16}{\376\377\000O\000r\000g\000a\000n\000i\000z\000a\000t\000i\000o\000n\000\040\000a\000n\000d\000\040\000C\000a\000p\000a\000c\000i\000t\000y\000\040\000M\000u\000s\000t\000\040\000N\000o\000t\000\040\000B\000e\000\040\000C\000o\000n\000f\000u\000s\000e\000d}{chapter.7}% 154
\BOOKMARK [1][-]{section.7.17}{\376\377\000T\000h\000e\000\040\000R\000e\000l\000a\000t\000i\000o\000n\000\040\000t\000o\000\040\000D\000i\000s\000t\000i\000n\000c\000t\000i\000o\000n}{chapter.7}% 155
\BOOKMARK [1][-]{section.7.18}{\376\377\000F\000r\000o\000m\000\040\000K\000n\000o\000t\000\040\000S\000t\000a\000b\000i\000l\000i\000t\000y\000\040\000t\000o\000\040\000C\000o\000s\000m\000i\000c\000\040\000S\000t\000r\000u\000c\000t\000u\000r\000e}{chapter.7}% 156
\BOOKMARK [1][-]{section.7.19}{\376\377\000T\000h\000e\000\040\000K\000n\000o\000t\000\040\000C\000r\000i\000t\000e\000r\000i\000o\000n}{chapter.7}% 157
\BOOKMARK [1][-]{section.7.20}{\376\377\000A\000\040\000T\000h\000r\000e\000e\000-\000G\000a\000t\000e\000\040\000V\000i\000e\000w\000\040\000o\000f\000\040\000M\000a\000t\000t\000e\000r\000\040\000F\000o\000r\000m\000a\000t\000i\000o\000n}{chapter.7}% 158
\BOOKMARK [1][-]{section.7.21}{\376\377\000W\000h\000a\000t\000\040\000t\000h\000e\000\040\000K\000n\000o\000t\000\040\000P\000i\000c\000t\000u\000r\000e\000\040\000E\000x\000p\000l\000a\000i\000n\000s}{chapter.7}% 159
\BOOKMARK [1][-]{section.7.22}{\376\377\000W\000h\000a\000t\000\040\000t\000h\000e\000\040\000K\000n\000o\000t\000\040\000P\000i\000c\000t\000u\000r\000e\000\040\000D\000o\000e\000s\000\040\000N\000o\000t\000\040\000Y\000e\000t\000\040\000E\000x\000p\000l\000a\000i\000n}{chapter.7}% 160
\BOOKMARK [1][-]{section.7.23}{\376\377\000F\000r\000o\000m\000\040\000K\000n\000o\000t\000s\000\040\000t\000o\000\040\000S\000m\000o\000o\000t\000h\000i\000n\000g}{chapter.7}% 161
\BOOKMARK [0][-]{chapter.8}{\376\377\000T\000h\000r\000e\000e\000\040\000M\000o\000d\000e\000s\000\040\000o\000f\000\040\000S\000m\000o\000o\000t\000h\000i\000n\000g}{part.1}% 162
\BOOKMARK [1][-]{section.8.1}{\376\377\000S\000m\000o\000o\000t\000h\000i\000n\000g\000\040\000I\000s\000\040\000R\000e\000l\000a\000t\000i\000v\000e\000\040\000t\000o\000\040\000a\000\040\000D\000e\000s\000c\000r\000i\000p\000t\000i\000o\000n}{chapter.8}% 163
\BOOKMARK [1][-]{section.8.2}{\376\377\000M\000o\000d\000e\000\040\000I\000:\000\040\000P\000h\000y\000s\000i\000c\000a\000l\000\040\000S\000m\000o\000o\000t\000h\000i\000n\000g}{chapter.8}% 164
\BOOKMARK [1][-]{section.8.3}{\376\377\000M\000o\000d\000e\000\040\000I\000I\000:\000\040\000M\000i\000x\000i\000n\000g\000\040\000a\000n\000d\000\040\000C\000o\000a\000r\000s\000e\000-\000G\000r\000a\000i\000n\000e\000d\000\040\000L\000o\000s\000s}{chapter.8}% 165
\BOOKMARK [1][-]{section.8.4}{\376\377\000A\000m\000p\000l\000i\000t\000u\000d\000e\000\040\000a\000n\000d\000\040\000S\000h\000a\000p\000e\000\040\000A\000r\000e\000\040\000N\000o\000t\000\040\000t\000h\000e\000\040\000S\000a\000m\000e\000\040\000Q\000u\000a\000n\000t\000i\000t\000y}{chapter.8}% 166
\BOOKMARK [1][-]{section.8.5}{\376\377\000M\000o\000d\000e\000\040\000I\000I\000I\000:\000\040\000C\000a\000u\000s\000a\000l\000\040\000a\000n\000d\000\040\000O\000p\000e\000r\000a\000t\000i\000o\000n\000a\000l\000\040\000S\000e\000p\000a\000r\000a\000t\000i\000o\000n}{chapter.8}% 167
\BOOKMARK [1][-]{section.8.6}{\376\377\000A\000c\000c\000e\000s\000s\000i\000b\000l\000e\000\040\000D\000i\000s\000t\000i\000n\000c\000t\000i\000o\000n}{chapter.8}% 168
\BOOKMARK [1][-]{section.8.7}{\376\377\000A\000v\000a\000i\000l\000a\000b\000l\000e\000\040\000W\000o\000r\000k\000\040\000a\000s\000\040\000a\000n\000\040\000O\000p\000e\000r\000a\000t\000i\000o\000n\000a\000l\000\040\000T\000e\000s\000t}{chapter.8}% 169
\BOOKMARK [1][-]{section.8.8}{\376\377\000F\000o\000u\000r\000\040\000D\000i\000a\000g\000n\000o\000s\000t\000i\000c\000\040\000U\000n\000i\000v\000e\000r\000s\000e\000s}{chapter.8}% 170
\BOOKMARK [2][-]{subsection.8.8.1}{\376\377\000P\000r\000i\000m\000o\000r\000d\000i\000a\000l\000\040\000n\000e\000a\000r\000-\000h\000o\000m\000o\000g\000e\000n\000e\000i\000t\000y}{section.8.8}% 171
\BOOKMARK [2][-]{subsection.8.8.2}{\376\377\000T\000h\000e\000\040\000s\000t\000r\000u\000c\000t\000u\000r\000e\000d\000\040\000c\000o\000s\000m\000i\000c\000\040\000w\000e\000b}{section.8.8}% 172
\BOOKMARK [2][-]{subsection.8.8.3}{\376\377\000T\000h\000e\000\040\000h\000o\000r\000i\000z\000o\000n\000-\000f\000r\000a\000g\000m\000e\000n\000t\000e\000d\000\040\000f\000u\000t\000u\000r\000e}{section.8.8}% 173
\BOOKMARK [2][-]{subsection.8.8.4}{\376\377\000P\000o\000s\000t\000-\000e\000v\000a\000p\000o\000r\000a\000t\000i\000o\000n\000\040\000t\000h\000e\000r\000m\000a\000l\000\040\000s\000m\000o\000o\000t\000h\000n\000e\000s\000s}{section.8.8}% 174
\BOOKMARK [1][-]{section.8.9}{\376\377\000T\000h\000r\000e\000e\000\040\000T\000u\000r\000n\000o\000v\000e\000r\000\040\000S\000u\000r\000f\000a\000c\000e\000s\000,\000\040\000N\000o\000t\000\040\000N\000e\000c\000e\000s\000s\000a\000r\000i\000l\000y\000\040\000O\000n\000e}{chapter.8}% 175
\BOOKMARK [1][-]{section.8.10}{\376\377\000O\000p\000e\000r\000a\000t\000i\000o\000n\000a\000l\000\040\000H\000e\000a\000t\000\040\000D\000e\000a\000t\000h\000\040\000I\000s\000\040\000a\000\040\000D\000o\000w\000n\000s\000t\000r\000e\000a\000m\000\040\000C\000o\000n\000d\000i\000t\000i\000o\000n}{chapter.8}% 176
\BOOKMARK [1][-]{section.8.11}{\376\377\000W\000h\000y\000\040\000C\000a\000u\000s\000a\000l\000\040\000I\000s\000o\000l\000a\000t\000i\000o\000n\000\040\000I\000s\000\040\000N\000o\000t\000\040\000R\000e\000c\000u\000r\000r\000e\000n\000c\000e}{chapter.8}% 177
\BOOKMARK [1][-]{section.8.12}{\376\377\000T\000h\000e\000\040\000I\000n\000f\000o\000r\000m\000a\000t\000i\000o\000n\000\040\000B\000u\000d\000g\000e\000t}{chapter.8}% 178
\BOOKMARK [1][-]{section.8.13}{\376\377\000A\000\040\000W\000a\000r\000n\000i\000n\000g\000\040\000A\000b\000o\000u\000t\000\040\000E\000n\000t\000r\000o\000p\000y\000\040\000G\000r\000a\000d\000i\000e\000n\000t\000s}{chapter.8}% 179
\BOOKMARK [1][-]{section.8.14}{\376\377\000W\000h\000a\000t\000\040\000H\000a\000s\000\040\000B\000e\000e\000n\000\040\000E\000s\000t\000a\000b\000l\000i\000s\000h\000e\000d}{chapter.8}% 180
\BOOKMARK [1][-]{section.8.15}{\376\377\000F\000r\000o\000m\000\040\000S\000m\000o\000o\000t\000h\000i\000n\000g\000\040\000t\000o\000\040\000C\000o\000n\000g\000e\000a\000l\000i\000n\000g}{chapter.8}% 181
\BOOKMARK [-1][-]{part.2}{\376\377\000I\000I\000\040\000T\000h\000e\000\040\000U\000n\000i\000v\000e\000r\000s\000e\000\040\000C\000o\000n\000g\000e\000a\000l\000s}{}% 182
\BOOKMARK [0][-]{chapter.9}{\376\377\000F\000r\000o\000m\000\040\000P\000r\000i\000m\000o\000r\000d\000i\000a\000l\000\040\000S\000m\000o\000o\000t\000h\000n\000e\000s\000s\000\040\000t\000o\000\040\000M\000a\000t\000t\000e\000r}{part.2}% 183
\BOOKMARK [1][-]{section.9.1}{\376\377\000T\000h\000e\000\040\000S\000m\000o\000o\000t\000h\000\040\000B\000a\000c\000k\000g\000r\000o\000u\000n\000d\000\040\000I\000s\000\040\000a\000n\000\040\000A\000p\000p\000r\000o\000x\000i\000m\000a\000t\000i\000o\000n}{chapter.9}% 184
\BOOKMARK [1][-]{section.9.2}{\376\377\000P\000e\000r\000t\000u\000r\000b\000a\000t\000i\000o\000n\000s\000\040\000a\000s\000\040\000D\000i\000s\000t\000i\000n\000c\000t\000i\000o\000n\000s}{chapter.9}% 185
\BOOKMARK [1][-]{section.9.3}{\376\377\000L\000i\000n\000e\000a\000r\000i\000z\000a\000t\000i\000o\000n\000\040\000A\000b\000o\000u\000t\000\040\000a\000\040\000S\000m\000o\000o\000t\000h\000\040\000S\000t\000a\000t\000e}{chapter.9}% 186
\BOOKMARK [1][-]{section.9.4}{\376\377\000M\000o\000d\000e\000\040\000D\000e\000c\000o\000m\000p\000o\000s\000i\000t\000i\000o\000n}{chapter.9}% 187
\BOOKMARK [1][-]{section.9.5}{\376\377\000G\000r\000o\000w\000i\000n\000g\000\040\000a\000n\000d\000\040\000D\000e\000c\000a\000y\000i\000n\000g\000\040\000M\000o\000d\000e\000s}{chapter.9}% 188
\BOOKMARK [1][-]{section.9.6}{\376\377\000T\000h\000e\000\040\000S\000t\000a\000n\000d\000a\000r\000d\000\040\000G\000r\000a\000v\000i\000t\000a\000t\000i\000o\000n\000a\000l\000\040\000G\000r\000o\000w\000t\000h\000\040\000E\000q\000u\000a\000t\000i\000o\000n}{chapter.9}% 189
\BOOKMARK [1][-]{section.9.7}{\376\377\000P\000r\000e\000s\000s\000u\000r\000e\000\040\000a\000n\000d\000\040\000t\000h\000e\000\040\000J\000e\000a\000n\000s\000\040\000C\000o\000m\000p\000e\000t\000i\000t\000i\000o\000n}{chapter.9}% 190
\BOOKMARK [1][-]{section.9.8}{\376\377\000A\000\040\000S\000p\000e\000c\000t\000r\000a\000l\000\040\000V\000i\000e\000w\000\040\000o\000f\000\040\000C\000o\000n\000g\000e\000a\000l\000i\000n\000g}{chapter.9}% 191
\BOOKMARK [1][-]{section.9.9}{\376\377\000F\000r\000o\000m\000\040\000P\000e\000r\000t\000u\000r\000b\000a\000t\000i\000o\000n\000\040\000t\000o\000\040\000O\000b\000j\000e\000c\000t}{chapter.9}% 192
\BOOKMARK [1][-]{section.9.10}{\376\377\000T\000h\000e\000\040\000P\000r\000i\000m\000o\000r\000d\000i\000a\000l\000\040\000S\000t\000a\000t\000e\000\040\000a\000s\000\040\000a\000\040\000C\000o\000n\000t\000r\000o\000l\000\040\000C\000a\000s\000e}{chapter.9}% 193
\BOOKMARK [1][-]{section.9.11}{\376\377\000G\000r\000o\000w\000t\000h\000\040\000D\000o\000e\000s\000\040\000N\000o\000t\000\040\000V\000i\000o\000l\000a\000t\000e\000\040\000t\000h\000e\000\040\000S\000e\000c\000o\000n\000d\000\040\000L\000a\000w}{chapter.9}% 194
\BOOKMARK [1][-]{section.9.12}{\376\377\000G\000r\000o\000w\000t\000h\000\040\000I\000s\000\040\000S\000c\000a\000l\000e\000\040\000D\000e\000p\000e\000n\000d\000e\000n\000t}{chapter.9}% 195
\BOOKMARK [1][-]{section.9.13}{\376\377\000T\000h\000e\000\040\000R\000o\000l\000e\000\040\000o\000f\000\040\000I\000n\000i\000t\000i\000a\000l\000\040\000C\000o\000n\000d\000i\000t\000i\000o\000n\000s}{chapter.9}% 196
\BOOKMARK [1][-]{section.9.14}{\376\377\000F\000r\000o\000m\000\040\000L\000i\000n\000e\000a\000r\000\040\000G\000r\000o\000w\000t\000h\000\040\000t\000o\000\040\000t\000h\000e\000\040\000C\000o\000s\000m\000i\000c\000\040\000W\000e\000b}{chapter.9}% 197
\BOOKMARK [1][-]{section.9.15}{\376\377\000A\000\040\000F\000i\000r\000s\000t\000\040\000C\000r\000i\000t\000e\000r\000i\000o\000n\000\040\000f\000o\000r\000\040\000C\000o\000n\000g\000e\000a\000l\000i\000n\000g}{chapter.9}% 198
\BOOKMARK [1][-]{section.9.16}{\376\377\000T\000h\000e\000\040\000A\000s\000y\000m\000m\000e\000t\000r\000y\000\040\000T\000h\000a\000t\000\040\000M\000u\000s\000t\000\040\000B\000e\000\040\000E\000x\000p\000l\000a\000i\000n\000e\000d}{chapter.9}% 199
\BOOKMARK [1][-]{section.9.17}{\376\377\000W\000h\000a\000t\000\040\000T\000h\000i\000s\000\040\000C\000h\000a\000p\000t\000e\000r\000\040\000H\000a\000s\000\040\000E\000s\000t\000a\000b\000l\000i\000s\000h\000e\000d}{chapter.9}% 200
\BOOKMARK [0][-]{chapter.10}{\376\377\000I\000n\000s\000t\000a\000b\000i\000l\000i\000t\000y\000\040\000C\000r\000e\000a\000t\000e\000s\000\040\000D\000i\000f\000f\000e\000r\000e\000n\000c\000e}{part.2}% 201
\BOOKMARK [1][-]{section.10.1}{\376\377\000S\000m\000o\000o\000t\000h\000n\000e\000s\000s\000\040\000I\000s\000\040\000a\000\040\000S\000t\000a\000b\000i\000l\000i\000t\000y\000\040\000Q\000u\000e\000s\000t\000i\000o\000n}{chapter.10}% 202
\BOOKMARK [1][-]{section.10.2}{\376\377\000T\000h\000e\000\040\000N\000e\000w\000t\000o\000n\000i\000a\000n\000\040\000P\000e\000r\000t\000u\000r\000b\000a\000t\000i\000o\000n\000\040\000S\000y\000s\000t\000e\000m}{chapter.10}% 203
\BOOKMARK [1][-]{section.10.3}{\376\377\000T\000h\000e\000\040\000J\000e\000a\000n\000s\000\040\000C\000r\000i\000t\000e\000r\000i\000o\000n\000\040\000I\000s\000\040\000S\000c\000a\000l\000e\000\040\000D\000e\000p\000e\000n\000d\000e\000n\000t}{chapter.10}% 204
\BOOKMARK [1][-]{section.10.4}{\376\377\000E\000x\000p\000a\000n\000s\000i\000o\000n\000\040\000C\000h\000a\000n\000g\000e\000s\000\040\000t\000h\000e\000\040\000G\000r\000o\000w\000t\000h\000\040\000L\000a\000w}{chapter.10}% 205
\BOOKMARK [1][-]{section.10.5}{\376\377\000T\000h\000e\000\040\000M\000a\000t\000t\000e\000r\000-\000D\000o\000m\000i\000n\000a\000t\000e\000d\000\040\000G\000r\000o\000w\000i\000n\000g\000\040\000M\000o\000d\000e}{chapter.10}% 206
\BOOKMARK [1][-]{section.10.6}{\376\377\000G\000r\000o\000w\000t\000h\000\040\000F\000a\000c\000t\000o\000r\000s}{chapter.10}% 207
\BOOKMARK [1][-]{section.10.7}{\376\377\000F\000r\000o\000m\000\040\000P\000e\000r\000t\000u\000r\000b\000a\000t\000i\000o\000n\000\040\000G\000r\000o\000w\000t\000h\000\040\000t\000o\000\040\000L\000o\000c\000a\000l\000i\000z\000a\000t\000i\000o\000n}{chapter.10}% 208
\BOOKMARK [1][-]{section.10.8}{\376\377\000A\000\040\000F\000i\000r\000s\000t\000\040\000A\000p\000p\000e\000a\000r\000a\000n\000c\000e\000\040\000o\000f\000\040\000t\000h\000e\000\040\000T\000h\000r\000e\000e\000-\000G\000a\000t\000e\000\040\000S\000t\000r\000u\000c\000t\000u\000r\000e}{chapter.10}% 209
\BOOKMARK [1][-]{section.10.9}{\376\377\000I\000n\000s\000t\000a\000b\000i\000l\000i\000t\000y\000\040\000a\000n\000d\000\040\000t\000h\000e\000\040\000E\000n\000e\000r\000g\000y\000\040\000H\000e\000s\000s\000i\000a\000n}{chapter.10}% 210
\BOOKMARK [1][-]{section.10.10}{\376\377\000T\000w\000o\000\040\000R\000o\000u\000t\000e\000s\000\040\000i\000n\000t\000o\000\040\000a\000n\000\040\000A\000c\000t\000i\000v\000e\000\040\000I\000n\000s\000t\000a\000b\000i\000l\000i\000t\000y}{chapter.10}% 211
\BOOKMARK [1][-]{section.10.11}{\376\377\000I\000n\000s\000t\000a\000b\000i\000l\000i\000t\000y\000\040\000D\000o\000e\000s\000\040\000N\000o\000t\000\040\000V\000i\000o\000l\000a\000t\000e\000\040\000C\000o\000n\000s\000e\000r\000v\000a\000t\000i\000o\000n}{chapter.10}% 212
\BOOKMARK [1][-]{section.10.12}{\376\377\000I\000n\000s\000t\000a\000b\000i\000l\000i\000t\000y\000\040\000a\000n\000d\000\040\000E\000n\000t\000r\000o\000p\000y}{chapter.10}% 213
\BOOKMARK [1][-]{section.10.13}{\376\377\000T\000h\000e\000\040\000P\000r\000i\000m\000o\000r\000d\000i\000a\000l\000\040\000S\000t\000a\000t\000e\000\040\000a\000s\000\040\000a\000\040\000K\000n\000o\000w\000n\000\040\000P\000o\000s\000i\000t\000i\000v\000e\000\040\000C\000a\000s\000e}{chapter.10}% 214
\BOOKMARK [1][-]{section.10.14}{\376\377\000W\000h\000a\000t\000\040\000M\000u\000s\000t\000\040\000B\000e\000\040\000P\000r\000e\000s\000e\000r\000v\000e\000d\000\040\000i\000n\000\040\000a\000n\000\040\000R\000S\000V\000P\000\040\000R\000e\000f\000o\000r\000m\000u\000l\000a\000t\000i\000o\000n}{chapter.10}% 215
\BOOKMARK [1][-]{section.10.15}{\376\377\000F\000r\000o\000m\000\040\000L\000i\000n\000e\000a\000r\000\040\000G\000r\000o\000w\000t\000h\000\040\000t\000o\000\040\000t\000h\000e\000\040\000C\000o\000s\000m\000i\000c\000\040\000W\000e\000b}{chapter.10}% 216
\BOOKMARK [1][-]{section.10.16}{\376\377\000A\000\040\000B\000e\000n\000c\000h\000m\000a\000r\000k\000\040\000f\000o\000r\000\040\000R\000e\000k\000n\000o\000t\000t\000i\000n\000g}{chapter.10}% 217
\BOOKMARK [1][-]{section.10.17}{\376\377\000W\000h\000a\000t\000\040\000H\000a\000s\000\040\000B\000e\000e\000n\000\040\000E\000s\000t\000a\000b\000l\000i\000s\000h\000e\000d}{chapter.10}% 218
\BOOKMARK [0][-]{chapter.11}{\376\377\000T\000h\000e\000\040\000C\000o\000s\000m\000i\000c\000\040\000W\000e\000b}{part.2}% 219
\BOOKMARK [1][-]{section.11.1}{\376\377\000F\000r\000o\000m\000\040\000M\000o\000d\000e\000s\000\040\000t\000o\000\040\000a\000\040\000F\000i\000e\000l\000d}{chapter.11}% 220
\BOOKMARK [1][-]{section.11.2}{\376\377\000T\000h\000e\000\040\000T\000w\000o\000-\000P\000o\000i\000n\000t\000\040\000C\000o\000r\000r\000e\000l\000a\000t\000i\000o\000n\000\040\000F\000u\000n\000c\000t\000i\000o\000n}{chapter.11}% 221
\BOOKMARK [1][-]{section.11.3}{\376\377\000T\000h\000e\000\040\000M\000a\000t\000t\000e\000r\000\040\000P\000o\000w\000e\000r\000\040\000S\000p\000e\000c\000t\000r\000u\000m}{chapter.11}% 222
\BOOKMARK [1][-]{section.11.4}{\376\377\000V\000a\000r\000i\000a\000n\000c\000e\000\040\000o\000n\000\040\000a\000\040\000C\000h\000o\000s\000e\000n\000\040\000S\000c\000a\000l\000e}{chapter.11}% 223
\BOOKMARK [1][-]{section.11.5}{\376\377\000T\000h\000e\000\040\000N\000o\000n\000l\000i\000n\000e\000a\000r\000\040\000S\000c\000a\000l\000e}{chapter.11}% 224
\BOOKMARK [1][-]{section.11.6}{\376\377\000F\000r\000o\000m\000\040\000G\000a\000u\000s\000s\000i\000a\000n\000\040\000P\000e\000r\000t\000u\000r\000b\000a\000t\000i\000o\000n\000s\000\040\000t\000o\000\040\000N\000o\000n\000-\000G\000a\000u\000s\000s\000i\000a\000n\000\040\000S\000t\000r\000u\000c\000t\000u\000r\000e}{chapter.11}% 225
\BOOKMARK [1][-]{section.11.7}{\376\377\000P\000h\000a\000s\000e\000\040\000I\000n\000f\000o\000r\000m\000a\000t\000i\000o\000n\000\040\000a\000n\000d\000\040\000M\000o\000r\000p\000h\000o\000l\000o\000g\000y}{chapter.11}% 226
\BOOKMARK [1][-]{section.11.8}{\376\377\000S\000h\000e\000e\000t\000s\000,\000\040\000F\000i\000l\000a\000m\000e\000n\000t\000s\000,\000\040\000N\000o\000d\000e\000s\000,\000\040\000a\000n\000d\000\040\000V\000o\000i\000d\000s}{chapter.11}% 227
\BOOKMARK [1][-]{section.11.9}{\376\377\000T\000h\000e\000\040\000Z\000e\000l\000'\000d\000o\000v\000i\000c\000h\000\040\000P\000i\000c\000t\000u\000r\000e}{chapter.11}% 228
\BOOKMARK [1][-]{section.11.10}{\376\377\000C\000o\000n\000c\000e\000n\000t\000r\000a\000t\000i\000o\000n\000\040\000a\000n\000d\000\040\000E\000v\000a\000c\000u\000a\000t\000i\000o\000n\000\040\000A\000r\000e\000\040\000O\000n\000e\000\040\000P\000r\000o\000c\000e\000s\000s}{chapter.11}% 229
\BOOKMARK [1][-]{section.11.11}{\376\377\000V\000o\000l\000u\000m\000e\000\040\000a\000n\000d\000\040\000M\000a\000s\000s\000\040\000T\000e\000l\000l\000\040\000D\000i\000f\000f\000e\000r\000e\000n\000t\000\040\000S\000t\000o\000r\000i\000e\000s}{chapter.11}% 230
\BOOKMARK [1][-]{section.11.12}{\376\377\000A\000\040\000P\000r\000e\000l\000i\000m\000i\000n\000a\000r\000y\000\040\000C\000o\000n\000c\000e\000n\000t\000r\000a\000t\000i\000o\000n\000\040\000M\000e\000a\000s\000u\000r\000e}{chapter.11}% 231
\BOOKMARK [1][-]{section.11.13}{\376\377\000A\000\040\000P\000r\000e\000l\000i\000m\000i\000n\000a\000r\000y\000\040\000V\000o\000i\000d\000\040\000F\000r\000a\000c\000t\000i\000o\000n}{chapter.11}% 232
\BOOKMARK [1][-]{section.11.14}{\376\377\000T\000h\000e\000\040\000W\000e\000b\000\040\000a\000s\000\040\000I\000n\000c\000r\000e\000a\000s\000i\000n\000g\000\040\000D\000i\000s\000t\000i\000n\000c\000t\000i\000o\000n}{chapter.11}% 233
\BOOKMARK [1][-]{section.11.15}{\376\377\000W\000h\000y\000\040\000t\000h\000e\000\040\000C\000o\000s\000m\000i\000c\000\040\000W\000e\000b\000\040\000I\000s\000\040\000N\000o\000t\000\040\000a\000n\000\040\000E\000n\000t\000r\000o\000p\000y\000\040\000P\000a\000r\000a\000d\000o\000x}{chapter.11}% 234
\BOOKMARK [1][-]{section.11.16}{\376\377\000T\000h\000e\000\040\000W\000e\000b\000\040\000I\000s\000\040\000N\000o\000t\000\040\000S\000t\000a\000t\000i\000c}{chapter.11}% 235
\BOOKMARK [1][-]{section.11.17}{\376\377\000N\000o\000\040\000E\000n\000t\000r\000o\000p\000y\000-\000G\000r\000a\000d\000i\000e\000n\000t\000\040\000A\000s\000s\000u\000m\000p\000t\000i\000o\000n\000\040\000I\000s\000\040\000N\000e\000e\000d\000e\000d}{chapter.11}% 236
\BOOKMARK [1][-]{section.11.18}{\376\377\000C\000o\000s\000m\000i\000c\000\040\000M\000e\000m\000o\000r\000y\000\040\000i\000n\000\040\000t\000h\000e\000\040\000W\000e\000b}{chapter.11}% 237
\BOOKMARK [1][-]{section.11.19}{\376\377\000T\000h\000e\000\040\000W\000e\000b\000\040\000a\000n\000d\000\040\000t\000h\000e\000\040\000R\000S\000V\000P\000\040\000I\000n\000t\000e\000r\000p\000r\000e\000t\000a\000t\000i\000o\000n}{chapter.11}% 238
\BOOKMARK [1][-]{section.11.20}{\376\377\000W\000h\000a\000t\000\040\000t\000h\000e\000\040\000F\000r\000a\000m\000e\000w\000o\000r\000k\000\040\000M\000u\000s\000t\000\040\000E\000v\000e\000n\000t\000u\000a\000l\000l\000y\000\040\000P\000r\000e\000d\000i\000c\000t}{chapter.11}% 239
\BOOKMARK [1][-]{section.11.21}{\376\377\000W\000h\000y\000\040\000V\000o\000i\000d\000s\000\040\000A\000r\000e\000\040\000E\000s\000p\000e\000c\000i\000a\000l\000l\000y\000\040\000I\000m\000p\000o\000r\000t\000a\000n\000t}{chapter.11}% 240
\BOOKMARK [1][-]{section.11.22}{\376\377\000F\000r\000o\000m\000\040\000W\000e\000b\000\040\000F\000o\000r\000m\000a\000t\000i\000o\000n\000\040\000t\000o\000\040\000V\000o\000i\000d\000\040\000E\000v\000a\000c\000u\000a\000t\000i\000o\000n}{chapter.11}% 241
\BOOKMARK [1][-]{section.11.23}{\376\377\000W\000h\000a\000t\000\040\000H\000a\000s\000\040\000B\000e\000e\000n\000\040\000E\000s\000t\000a\000b\000l\000i\000s\000h\000e\000d}{chapter.11}% 242
\BOOKMARK [0][-]{chapter.12}{\376\377\000T\000h\000e\000\040\000V\000o\000i\000d\000\040\000F\000a\000l\000l\000s\000\040\000O\000u\000t\000w\000a\000r\000d}{part.2}% 243
\BOOKMARK [1][-]{section.12.1}{\376\377\000T\000h\000e\000\040\000C\000o\000n\000t\000i\000n\000u\000i\000t\000y\000\040\000E\000q\000u\000a\000t\000i\000o\000n}{chapter.12}% 244
\BOOKMARK [1][-]{section.12.2}{\376\377\000D\000e\000n\000s\000i\000t\000y\000\040\000C\000o\000n\000t\000r\000a\000s\000t\000\040\000i\000n\000\040\000a\000n\000\040\000E\000x\000p\000a\000n\000d\000i\000n\000g\000\040\000B\000a\000c\000k\000g\000r\000o\000u\000n\000d}{chapter.12}% 245
\BOOKMARK [1][-]{section.12.3}{\376\377\000T\000h\000e\000\040\000L\000i\000n\000e\000a\000r\000\040\000L\000i\000m\000i\000t}{chapter.12}% 246
\BOOKMARK [1][-]{section.12.4}{\376\377\000T\000h\000e\000\040\000S\000i\000g\000n\000\040\000R\000e\000v\000e\000r\000s\000a\000l\000\040\000B\000e\000t\000w\000e\000e\000n\000\040\000K\000n\000o\000t\000s\000\040\000a\000n\000d\000\040\000V\000o\000i\000d\000s}{chapter.12}% 247
\BOOKMARK [1][-]{section.12.5}{\376\377\000A\000\040\000S\000p\000h\000e\000r\000i\000c\000a\000l\000\040\000T\000o\000y\000\040\000V\000o\000i\000d}{chapter.12}% 248
\BOOKMARK [1][-]{section.12.6}{\376\377\000W\000h\000y\000\040\000t\000h\000e\000\040\000C\000e\000n\000t\000e\000r\000\040\000I\000s\000\040\000N\000o\000t\000\040\000R\000e\000p\000e\000l\000l\000i\000n\000g\000\040\000M\000a\000t\000t\000e\000r}{chapter.12}% 249
\BOOKMARK [1][-]{section.12.7}{\376\377\000V\000o\000i\000d\000\040\000G\000r\000o\000w\000t\000h\000\040\000a\000n\000d\000\040\000t\000h\000e\000\040\000D\000e\000n\000s\000i\000t\000y\000\040\000C\000o\000n\000t\000r\000a\000s\000t}{chapter.12}% 250
\BOOKMARK [1][-]{section.12.8}{\376\377\000T\000h\000e\000\040\000D\000e\000n\000s\000i\000t\000y\000\040\000P\000r\000o\000b\000a\000b\000i\000l\000i\000t\000y\000\040\000D\000i\000s\000t\000r\000i\000b\000u\000t\000i\000o\000n}{chapter.12}% 251
\BOOKMARK [1][-]{section.12.9}{\376\377\000C\000o\000m\000p\000e\000n\000s\000a\000t\000i\000o\000n\000\040\000W\000a\000l\000l\000s}{chapter.12}% 252
\BOOKMARK [1][-]{section.12.10}{\376\377\000V\000o\000i\000d\000-\000i\000n\000-\000V\000o\000i\000d\000\040\000a\000n\000d\000\040\000V\000o\000i\000d\000-\000i\000n\000-\000C\000l\000o\000u\000d}{chapter.12}% 253
\BOOKMARK [1][-]{section.12.11}{\376\377\000A\000\040\000V\000o\000i\000d\000\040\000B\000o\000u\000n\000d\000a\000r\000y\000\040\000I\000s\000\040\000a\000\040\000P\000h\000y\000s\000i\000c\000a\000l\000\040\000D\000i\000s\000t\000i\000n\000c\000t\000i\000o\000n}{chapter.12}% 254
\BOOKMARK [1][-]{section.12.12}{\376\377\000V\000o\000i\000d\000\040\000F\000r\000a\000c\000t\000i\000o\000n\000\040\000a\000s\000\040\000a\000\040\000D\000y\000n\000a\000m\000i\000c\000a\000l\000\040\000Q\000u\000a\000n\000t\000i\000t\000y}{chapter.12}% 255
\BOOKMARK [1][-]{section.12.13}{\376\377\000V\000o\000i\000d\000\040\000G\000r\000o\000w\000t\000h\000\040\000D\000o\000e\000s\000\040\000N\000o\000t\000\040\000M\000e\000a\000n\000\040\000G\000l\000o\000b\000a\000l\000\040\000E\000m\000p\000t\000y\000i\000n\000g}{chapter.12}% 256
\BOOKMARK [1][-]{section.12.14}{\376\377\000T\000h\000e\000\040\000R\000S\000V\000P\000\040\000R\000e\000d\000i\000s\000t\000r\000i\000b\000u\000t\000i\000o\000n\000\040\000R\000e\000a\000d\000i\000n\000g}{chapter.12}% 257
\BOOKMARK [1][-]{section.12.15}{\376\377\000V\000o\000i\000d\000\040\000F\000o\000r\000m\000a\000t\000i\000o\000n\000\040\000a\000s\000\040\000a\000\040\000T\000e\000s\000t\000\040\000o\000f\000\040\000R\000e\000d\000i\000s\000t\000r\000i\000b\000u\000t\000i\000o\000n}{chapter.12}% 258
\BOOKMARK [1][-]{section.12.16}{\376\377\000C\000a\000n\000\040\000V\000o\000i\000d\000\040\000E\000v\000a\000c\000u\000a\000t\000i\000o\000n\000\040\000M\000i\000m\000i\000c\000\040\000E\000x\000p\000a\000n\000s\000i\000o\000n\000?}{chapter.12}% 259
\BOOKMARK [1][-]{section.12.17}{\376\377\000A\000\040\000T\000w\000o\000-\000C\000o\000m\000p\000o\000n\000e\000n\000t\000\040\000T\000o\000y\000\040\000M\000o\000d\000e\000l}{chapter.12}% 260
\BOOKMARK [1][-]{section.12.18}{\376\377\000V\000o\000i\000d\000\040\000E\000v\000a\000c\000u\000a\000t\000i\000o\000n\000\040\000a\000n\000d\000\040\000A\000v\000a\000i\000l\000a\000b\000l\000e\000\040\000W\000o\000r\000k}{chapter.12}% 261
\BOOKMARK [1][-]{section.12.19}{\376\377\000V\000o\000i\000d\000\040\000E\000v\000a\000c\000u\000a\000t\000i\000o\000n\000\040\000a\000n\000d\000\040\000S\000m\000o\000o\000t\000h\000i\000n\000g}{chapter.12}% 262
\BOOKMARK [1][-]{section.12.20}{\376\377\000T\000h\000e\000\040\000T\000o\000p\000o\000l\000o\000g\000y\000\040\000o\000f\000\040\000t\000h\000e\000\040\000W\000e\000b}{chapter.12}% 263
\BOOKMARK [1][-]{section.12.21}{\376\377\000T\000h\000e\000\040\000V\000o\000i\000d\000\040\000a\000s\000\040\000a\000\040\000R\000e\000c\000o\000r\000d}{chapter.12}% 264
\BOOKMARK [1][-]{section.12.22}{\376\377\000T\000h\000e\000\040\000F\000a\000t\000e\000\040\000o\000f\000\040\000V\000o\000i\000d\000s}{chapter.12}% 265
\BOOKMARK [1][-]{section.12.23}{\376\377\000W\000h\000a\000t\000\040\000t\000h\000e\000\040\000V\000o\000i\000d\000\040\000D\000e\000r\000i\000v\000a\000t\000i\000o\000n\000\040\000A\000c\000t\000u\000a\000l\000l\000y\000\040\000E\000s\000t\000a\000b\000l\000i\000s\000h\000e\000s}{chapter.12}% 266
\BOOKMARK [0][-]{chapter.13}{\376\377\000W\000h\000y\000\040\000t\000h\000e\000\040\000U\000n\000i\000v\000e\000r\000s\000e\000\040\000L\000o\000o\000k\000s\000\040\000L\000i\000k\000e\000\040\000I\000t\000\040\000I\000s\000\040\000E\000x\000p\000a\000n\000d\000i\000n\000g}{part.2}% 267
\BOOKMARK [1][-]{section.13.1}{\376\377\000T\000w\000o\000\040\000W\000a\000y\000s\000\040\000o\000f\000\040\000F\000a\000l\000l\000i\000n\000g\000\040\000O\000u\000t\000w\000a\000r\000d}{chapter.13}% 268
\BOOKMARK [1][-]{section.13.2}{\376\377\000B\000a\000c\000k\000g\000r\000o\000u\000n\000d\000\040\000E\000x\000p\000a\000n\000s\000i\000o\000n\000\040\000a\000n\000d\000\040\000P\000e\000c\000u\000l\000i\000a\000r\000\040\000M\000o\000t\000i\000o\000n}{chapter.13}% 269
\BOOKMARK [1][-]{section.13.3}{\376\377\000W\000h\000a\000t\000\040\000a\000\040\000R\000e\000d\000i\000s\000t\000r\000i\000b\000u\000t\000i\000o\000n\000\040\000T\000h\000e\000o\000r\000y\000\040\000M\000u\000s\000t\000\040\000E\000x\000p\000l\000a\000i\000n}{chapter.13}% 270
\BOOKMARK [1][-]{section.13.4}{\376\377\000T\000h\000e\000\040\000T\000h\000r\000e\000e\000\040\000C\000o\000s\000m\000o\000l\000o\000g\000i\000c\000a\000l\000\040\000E\000r\000a\000s\000\040\000a\000s\000\040\000a\000\040\000B\000e\000n\000c\000h\000m\000a\000r\000k}{chapter.13}% 271
\BOOKMARK [1][-]{section.13.5}{\376\377\000V\000o\000i\000d\000\040\000G\000r\000o\000w\000t\000h\000\040\000I\000s\000\040\000N\000o\000t\000\040\000Y\000e\000t\000\040\000C\000o\000s\000m\000i\000c\000\040\000E\000x\000p\000a\000n\000s\000i\000o\000n}{chapter.13}% 272
\BOOKMARK [1][-]{section.13.6}{\376\377\000A\000\040\000C\000o\000n\000s\000e\000r\000v\000a\000t\000i\000v\000e\000\040\000R\000S\000V\000P\000\040\000I\000n\000t\000e\000r\000p\000r\000e\000t\000a\000t\000i\000o\000n}{chapter.13}% 273
\BOOKMARK [1][-]{section.13.7}{\376\377\000W\000h\000y\000\040\000T\000h\000i\000s\000\040\000M\000a\000t\000t\000e\000r\000s\000\040\000f\000o\000r\000\040\000t\000h\000e\000\040\000R\000e\000s\000t\000\040\000o\000f\000\040\000t\000h\000e\000\040\000B\000o\000o\000k}{chapter.13}% 274
\BOOKMARK [1][-]{section.13.8}{\376\377\000C\000o\000n\000c\000l\000u\000s\000i\000o\000n}{chapter.13}% 275
\BOOKMARK [-1][-]{part.3}{\376\377\000I\000I\000I\000\040\000E\000n\000t\000r\000o\000p\000y\000\040\000R\000e\000c\000o\000n\000s\000i\000d\000e\000r\000e\000d}{}% 276
\BOOKMARK [0][-]{chapter.14}{\376\377\000E\000n\000t\000r\000o\000p\000y\000\040\000I\000s\000\040\000N\000o\000t\000\040\000D\000i\000s\000o\000r\000d\000e\000r}{part.3}% 277
\BOOKMARK [1][-]{section.14.1}{\376\377\000W\000h\000y\000\040\000D\000i\000s\000o\000r\000d\000e\000r\000\040\000I\000s\000\040\000a\000\040\000D\000a\000n\000g\000e\000r\000o\000u\000s\000\040\000D\000e\000f\000i\000n\000i\000t\000i\000o\000n}{chapter.14}% 278
\BOOKMARK [1][-]{section.14.2}{\376\377\000B\000o\000l\000t\000z\000m\000a\000n\000n\000\040\000E\000n\000t\000r\000o\000p\000y\000\040\000a\000n\000d\000\040\000M\000a\000c\000r\000o\000s\000t\000a\000t\000e\000s}{chapter.14}% 279
\BOOKMARK [1][-]{section.14.3}{\376\377\000G\000i\000b\000b\000s\000\040\000E\000n\000t\000r\000o\000p\000y}{chapter.14}% 280
\BOOKMARK [1][-]{section.14.4}{\376\377\000F\000i\000n\000e\000-\000G\000r\000a\000i\000n\000e\000d\000\040\000a\000n\000d\000\040\000C\000o\000a\000r\000s\000e\000-\000G\000r\000a\000i\000n\000e\000d\000\040\000E\000n\000t\000r\000o\000p\000y}{chapter.14}% 281
\BOOKMARK [1][-]{section.14.5}{\376\377\000E\000n\000t\000r\000o\000p\000y\000\040\000a\000n\000d\000\040\000I\000n\000f\000o\000r\000m\000a\000t\000i\000o\000n}{chapter.14}% 282
\BOOKMARK [1][-]{section.14.6}{\376\377\000W\000h\000y\000\040\000G\000r\000a\000v\000i\000t\000y\000\040\000R\000e\000v\000e\000r\000s\000e\000s\000\040\000t\000h\000e\000\040\000V\000i\000s\000u\000a\000l\000\040\000I\000n\000t\000u\000i\000t\000i\000o\000n}{chapter.14}% 283
\BOOKMARK [1][-]{section.14.7}{\376\377\000E\000m\000e\000r\000g\000e\000n\000t\000\040\000G\000r\000a\000v\000i\000t\000y\000\040\000a\000n\000d\000\040\000C\000o\000s\000m\000o\000l\000o\000g\000i\000c\000a\000l\000\040\000S\000i\000m\000p\000l\000i\000c\000i\000t\000y}{chapter.14}% 284
\BOOKMARK [1][-]{section.14.8}{\376\377\000G\000r\000a\000v\000i\000t\000a\000t\000i\000o\000n\000a\000l\000\040\000E\000n\000t\000r\000o\000p\000y\000\040\000I\000s\000\040\000N\000o\000t\000\040\000a\000\040\000S\000i\000n\000g\000l\000e\000\040\000S\000e\000t\000t\000l\000e\000d\000\040\000Q\000u\000a\000n\000t\000i\000t\000y}{chapter.14}% 285
\BOOKMARK [1][-]{section.14.9}{\376\377\000P\000e\000n\000r\000o\000s\000e\000'\000s\000\040\000C\000h\000a\000l\000l\000e\000n\000g\000e}{chapter.14}% 286
\BOOKMARK [1][-]{section.14.10}{\376\377\000B\000l\000a\000c\000k\000\040\000H\000o\000l\000e\000s\000\040\000M\000a\000k\000e\000\040\000t\000h\000e\000\040\000P\000r\000o\000b\000l\000e\000m\000\040\000U\000n\000a\000v\000o\000i\000d\000a\000b\000l\000e}{chapter.14}% 287
\BOOKMARK [1][-]{section.14.11}{\376\377\000R\000e\000l\000a\000t\000i\000v\000e\000\040\000E\000n\000t\000r\000o\000p\000y\000\040\000a\000n\000d\000\040\000D\000i\000s\000t\000i\000n\000g\000u\000i\000s\000h\000a\000b\000i\000l\000i\000t\000y}{chapter.14}% 288
\BOOKMARK [1][-]{section.14.12}{\376\377\000E\000n\000t\000r\000o\000p\000y\000\040\000a\000s\000\040\000L\000o\000s\000s\000\040\000o\000f\000\040\000R\000e\000c\000o\000v\000e\000r\000a\000b\000l\000e\000\040\000A\000l\000t\000e\000r\000n\000a\000t\000i\000v\000e\000s}{chapter.14}% 289
\BOOKMARK [1][-]{section.14.13}{\376\377\000W\000h\000y\000\040\000t\000h\000e\000\040\000T\000w\000o\000\040\000S\000m\000o\000o\000t\000h\000\040\000L\000i\000m\000i\000t\000s\000\040\000C\000a\000n\000\040\000S\000t\000i\000l\000l\000\040\000D\000i\000f\000f\000e\000r}{chapter.14}% 290
\BOOKMARK [1][-]{section.14.14}{\376\377\000E\000n\000t\000r\000o\000p\000y\000\040\000P\000r\000o\000d\000u\000c\000t\000i\000o\000n\000\040\000a\000n\000d\000\040\000t\000h\000e\000\040\000S\000t\000r\000u\000c\000t\000u\000r\000e\000d\000\040\000E\000p\000o\000c\000h}{chapter.14}% 291
\BOOKMARK [1][-]{section.14.15}{\376\377\000F\000r\000o\000m\000\040\000E\000n\000t\000r\000o\000p\000y\000\040\000t\000o\000\040\000A\000v\000a\000i\000l\000a\000b\000l\000e\000\040\000W\000o\000r\000k}{chapter.14}% 292
\BOOKMARK [1][-]{section.14.16}{\376\377\000A\000\040\000C\000o\000n\000s\000t\000r\000a\000i\000n\000t\000\040\000o\000n\000\040\000t\000h\000e\000\040\000L\000a\000n\000g\000u\000a\000g\000e\000\040\000o\000f\000\040\000t\000h\000e\000\040\000B\000o\000o\000k}{chapter.14}% 293
\BOOKMARK [1][-]{section.14.17}{\376\377\000W\000h\000a\000t\000\040\000T\000h\000i\000s\000\040\000C\000h\000a\000p\000t\000e\000r\000\040\000H\000a\000s\000\040\000E\000s\000t\000a\000b\000l\000i\000s\000h\000e\000d}{chapter.14}% 294
\BOOKMARK [0][-]{chapter.15}{\376\377\000E\000n\000t\000r\000o\000p\000y\000\040\000a\000s\000\040\000L\000o\000s\000t\000\040\000D\000i\000s\000t\000i\000n\000c\000t\000i\000o\000n}{part.3}% 295
\BOOKMARK [1][-]{section.15.1}{\376\377\000A\000\040\000D\000i\000s\000t\000i\000n\000c\000t\000i\000o\000n\000\040\000R\000e\000q\000u\000i\000r\000e\000s\000\040\000a\000\040\000P\000o\000s\000s\000i\000b\000l\000e\000\040\000D\000i\000s\000c\000r\000i\000m\000i\000n\000a\000t\000i\000o\000n}{chapter.15}% 296
\BOOKMARK [1][-]{section.15.2}{\376\377\000C\000o\000a\000r\000s\000e\000-\000G\000r\000a\000i\000n\000i\000n\000g\000\040\000a\000s\000\040\000I\000d\000e\000n\000t\000i\000f\000i\000c\000a\000t\000i\000o\000n}{chapter.15}% 297
\BOOKMARK [1][-]{section.15.3}{\376\377\000F\000i\000n\000e\000-\000G\000r\000a\000i\000n\000e\000d\000\040\000C\000o\000n\000s\000e\000r\000v\000a\000t\000i\000o\000n\000\040\000a\000n\000d\000\040\000C\000o\000a\000r\000s\000e\000-\000G\000r\000a\000i\000n\000e\000d\000\040\000L\000o\000s\000s}{chapter.15}% 298
\BOOKMARK [1][-]{section.15.4}{\376\377\000U\000n\000i\000s\000t\000o\000c\000h\000a\000s\000t\000i\000c\000\040\000D\000y\000n\000a\000m\000i\000c\000s\000\040\000a\000n\000d\000\040\000A\000p\000p\000a\000r\000e\000n\000t\000\040\000I\000n\000f\000o\000r\000m\000a\000t\000i\000o\000n\000\040\000L\000o\000s\000s}{chapter.15}% 299
\BOOKMARK [1][-]{section.15.5}{\376\377\000M\000i\000x\000i\000n\000g\000\040\000a\000s\000\040\000t\000h\000e\000\040\000M\000i\000g\000r\000a\000t\000i\000o\000n\000\040\000o\000f\000\040\000I\000n\000f\000o\000r\000m\000a\000t\000i\000o\000n\000\040\000A\000c\000r\000o\000s\000s\000\040\000S\000c\000a\000l\000e}{chapter.15}% 300
\BOOKMARK [1][-]{section.15.6}{\376\377\000C\000o\000r\000r\000e\000l\000a\000t\000i\000o\000n\000\040\000I\000s\000\040\000a\000\040\000F\000o\000r\000m\000\040\000o\000f\000\040\000D\000i\000s\000t\000i\000n\000c\000t\000i\000o\000n}{chapter.15}% 301
\BOOKMARK [1][-]{section.15.7}{\376\377\000R\000e\000c\000o\000r\000d\000s\000\040\000A\000r\000e\000\040\000P\000h\000y\000s\000i\000c\000a\000l\000\040\000D\000i\000s\000t\000i\000n\000c\000t\000i\000o\000n\000s}{chapter.15}% 302
\BOOKMARK [1][-]{section.15.8}{\376\377\000L\000a\000n\000d\000a\000u\000e\000r\000'\000s\000\040\000P\000r\000i\000n\000c\000i\000p\000l\000e\000\040\000a\000n\000d\000\040\000t\000h\000e\000\040\000C\000o\000s\000t\000\040\000o\000f\000\040\000E\000r\000a\000s\000u\000r\000e}{chapter.15}% 303
\BOOKMARK [1][-]{section.15.9}{\376\377\000R\000e\000l\000a\000t\000i\000v\000e\000\040\000E\000n\000t\000r\000o\000p\000y\000\040\000a\000n\000d\000\040\000D\000i\000s\000t\000i\000n\000g\000u\000i\000s\000h\000a\000b\000i\000l\000i\000t\000y}{chapter.15}% 304
\BOOKMARK [1][-]{section.15.10}{\376\377\000D\000i\000s\000t\000i\000n\000c\000t\000i\000o\000n\000\040\000I\000s\000\040\000S\000c\000a\000l\000e\000\040\000D\000e\000p\000e\000n\000d\000e\000n\000t}{chapter.15}% 305
\BOOKMARK [1][-]{section.15.11}{\376\377\000D\000i\000s\000t\000i\000n\000c\000t\000i\000o\000n\000\040\000C\000a\000n\000\040\000I\000n\000c\000r\000e\000a\000s\000e\000\040\000L\000o\000c\000a\000l\000l\000y\000\040\000W\000h\000i\000l\000e\000\040\000E\000n\000t\000r\000o\000p\000y\000\040\000I\000n\000c\000r\000e\000a\000s\000e\000s\000\040\000G\000l\000o\000b\000a\000l\000l\000y}{chapter.15}% 306
\BOOKMARK [1][-]{section.15.12}{\376\377\000F\000o\000r\000m\000a\000t\000i\000o\000n\000\040\000a\000n\000d\000\040\000E\000r\000a\000s\000u\000r\000e\000\040\000O\000c\000c\000u\000r\000\040\000S\000i\000m\000u\000l\000t\000a\000n\000e\000o\000u\000s\000l\000y}{chapter.15}% 307
\BOOKMARK [1][-]{section.15.13}{\376\377\000C\000a\000u\000s\000a\000l\000\040\000S\000e\000p\000a\000r\000a\000t\000i\000o\000n\000\040\000a\000s\000\040\000L\000o\000s\000s\000\040\000o\000f\000\040\000A\000c\000c\000e\000s\000s\000i\000b\000l\000e\000\040\000D\000i\000s\000t\000i\000n\000c\000t\000i\000o\000n}{chapter.15}% 308
\BOOKMARK [1][-]{section.15.14}{\376\377\000E\000n\000t\000r\000o\000p\000y\000,\000\040\000D\000i\000s\000t\000i\000n\000c\000t\000i\000o\000n\000,\000\040\000a\000n\000d\000\040\000t\000h\000e\000\040\000P\000l\000e\000n\000u\000m}{chapter.15}% 309
\BOOKMARK [1][-]{section.15.15}{\376\377\000A\000\040\000M\000o\000n\000o\000t\000o\000n\000i\000c\000i\000t\000y\000\040\000H\000y\000p\000o\000t\000h\000e\000s\000i\000s\000,\000\040\000N\000o\000t\000\040\000a\000\040\000T\000h\000e\000o\000r\000e\000m}{chapter.15}% 310
\BOOKMARK [1][-]{section.15.16}{\376\377\000T\000h\000e\000\040\000D\000i\000f\000f\000e\000r\000e\000n\000c\000e\000\040\000B\000e\000t\000w\000e\000e\000n\000\040\000D\000e\000s\000t\000r\000u\000c\000t\000i\000o\000n\000\040\000a\000n\000d\000\040\000I\000n\000a\000c\000c\000e\000s\000s\000i\000b\000i\000l\000i\000t\000y}{chapter.15}% 311
\BOOKMARK [1][-]{section.15.17}{\376\377\000W\000h\000y\000\040\000L\000o\000s\000t\000\040\000D\000i\000s\000t\000i\000n\000c\000t\000i\000o\000n\000\040\000M\000a\000t\000t\000e\000r\000s\000\040\000f\000o\000r\000\040\000R\000e\000c\000u\000r\000r\000e\000n\000c\000e}{chapter.15}% 312
\BOOKMARK [1][-]{section.15.18}{\376\377\000T\000h\000e\000\040\000D\000i\000s\000t\000i\000n\000c\000t\000i\000o\000n\000\040\000B\000u\000d\000g\000e\000t}{chapter.15}% 313
\BOOKMARK [1][-]{section.15.19}{\376\377\000W\000h\000a\000t\000\040\000W\000o\000u\000l\000d\000\040\000F\000a\000l\000s\000i\000f\000y\000\040\000t\000h\000e\000\040\000D\000i\000s\000t\000i\000n\000c\000t\000i\000o\000n\000\040\000I\000n\000t\000e\000r\000p\000r\000e\000t\000a\000t\000i\000o\000n\000?}{chapter.15}% 314
\BOOKMARK [1][-]{section.15.20}{\376\377\000F\000r\000o\000m\000\040\000L\000o\000s\000t\000\040\000D\000i\000s\000t\000i\000n\000c\000t\000i\000o\000n\000\040\000t\000o\000\040\000S\000m\000o\000o\000t\000h\000i\000n\000g}{chapter.15}% 315
\BOOKMARK [1][-]{section.15.21}{\376\377\000W\000h\000a\000t\000\040\000T\000h\000i\000s\000\040\000C\000h\000a\000p\000t\000e\000r\000\040\000H\000a\000s\000\040\000E\000s\000t\000a\000b\000l\000i\000s\000h\000e\000d}{chapter.15}% 316
\BOOKMARK [0][-]{chapter.16}{\376\377\000S\000m\000o\000o\000t\000h\000i\000n\000g\000,\000\040\000M\000i\000x\000i\000n\000g\000\040\000a\000n\000d\000\040\000S\000e\000p\000a\000r\000a\000t\000i\000o\000n}{part.3}% 317
\BOOKMARK [1][-]{section.16.1}{\376\377\000T\000h\000r\000e\000e\000\040\000D\000i\000f\000f\000e\000r\000e\000n\000t\000\040\000W\000a\000y\000s\000\040\000t\000o\000\040\000L\000o\000s\000e\000\040\000a\000\040\000D\000i\000f\000f\000e\000r\000e\000n\000c\000e}{chapter.16}% 318
\BOOKMARK [1][-]{section.16.2}{\376\377\000S\000m\000o\000o\000t\000h\000i\000n\000g\000\040\000a\000s\000\040\000G\000r\000a\000d\000i\000e\000n\000t\000\040\000R\000e\000d\000u\000c\000t\000i\000o\000n}{chapter.16}% 319
\BOOKMARK [1][-]{section.16.3}{\376\377\000M\000i\000x\000i\000n\000g\000\040\000W\000i\000t\000h\000o\000u\000t\000\040\000I\000m\000m\000e\000d\000i\000a\000t\000e\000\040\000H\000o\000m\000o\000g\000e\000n\000i\000z\000a\000t\000i\000o\000n}{chapter.16}% 320
\BOOKMARK [1][-]{section.16.4}{\376\377\000C\000o\000r\000r\000e\000l\000a\000t\000i\000o\000n\000\040\000L\000o\000s\000s}{chapter.16}% 321
\BOOKMARK [1][-]{section.16.5}{\376\377\000S\000e\000p\000a\000r\000a\000t\000i\000o\000n\000\040\000I\000s\000\040\000N\000o\000t\000\040\000S\000m\000o\000o\000t\000h\000i\000n\000g}{chapter.16}% 322
\BOOKMARK [1][-]{section.16.6}{\376\377\000A\000\040\000D\000i\000s\000t\000i\000n\000c\000t\000i\000o\000n\000\040\000B\000u\000d\000g\000e\000t}{chapter.16}% 323
\BOOKMARK [1][-]{section.16.7}{\376\377\000F\000o\000r\000m\000a\000t\000i\000o\000n\000\040\000a\000n\000d\000\040\000D\000e\000s\000t\000r\000u\000c\000t\000i\000o\000n\000\040\000C\000a\000n\000\040\000O\000c\000c\000u\000r\000\040\000S\000i\000m\000u\000l\000t\000a\000n\000e\000o\000u\000s\000l\000y}{chapter.16}% 324
\BOOKMARK [1][-]{section.16.8}{\376\377\000T\000h\000e\000\040\000T\000u\000r\000n\000o\000v\000e\000r\000\040\000S\000u\000r\000f\000a\000c\000e}{chapter.16}% 325
\BOOKMARK [1][-]{section.16.9}{\376\377\000S\000m\000o\000o\000t\000h\000i\000n\000g\000\040\000a\000n\000d\000\040\000A\000v\000a\000i\000l\000a\000b\000l\000e\000\040\000W\000o\000r\000k}{chapter.16}% 326
\BOOKMARK [1][-]{section.16.10}{\376\377\000S\000e\000p\000a\000r\000a\000t\000i\000o\000n\000\040\000a\000n\000d\000\040\000t\000h\000e\000\040\000O\000b\000s\000e\000r\000v\000e\000r\000'\000s\000\040\000A\000c\000c\000e\000s\000s\000i\000b\000l\000e\000\040\000S\000t\000a\000t\000e}{chapter.16}% 327
\BOOKMARK [1][-]{section.16.11}{\376\377\000R\000u\000n\000a\000w\000a\000y\000\040\000S\000m\000o\000o\000t\000h\000i\000n\000g\000\040\000a\000s\000\040\000a\000\040\000C\000o\000m\000p\000o\000s\000i\000t\000e\000\040\000P\000r\000o\000c\000e\000s\000s}{chapter.16}% 328
\BOOKMARK [1][-]{section.16.12}{\376\377\000W\000h\000a\000t\000\040\000I\000s\000\040\000a\000n\000d\000\040\000I\000s\000\040\000N\000o\000t\000\040\000C\000o\000n\000s\000e\000r\000v\000e\000d}{chapter.16}% 329
\BOOKMARK [1][-]{section.16.13}{\376\377\000T\000h\000e\000\040\000I\000n\000f\000o\000r\000m\000a\000t\000i\000o\000n\000\040\000B\000u\000d\000g\000e\000t\000\040\000o\000f\000\040\000C\000o\000s\000m\000i\000c\000\040\000H\000i\000s\000t\000o\000r\000y}{chapter.16}% 330
\BOOKMARK [1][-]{section.16.14}{\376\377\000F\000r\000o\000m\000\040\000D\000i\000s\000t\000i\000n\000c\000t\000i\000o\000n\000\040\000t\000o\000\040\000E\000x\000e\000r\000g\000y}{chapter.16}% 331
\BOOKMARK [1][-]{section.16.15}{\376\377\000S\000u\000m\000m\000a\000r\000y}{chapter.16}% 332
\BOOKMARK [0][-]{chapter.17}{\376\377\000A\000v\000a\000i\000l\000a\000b\000l\000e\000\040\000W\000o\000r\000k}{part.3}% 333
\BOOKMARK [1][-]{section.17.1}{\376\377\000E\000n\000e\000r\000g\000y\000\040\000I\000s\000\040\000N\000o\000t\000\040\000t\000h\000e\000\040\000R\000e\000l\000e\000v\000a\000n\000t\000\040\000Q\000u\000a\000n\000t\000i\000t\000y}{chapter.17}% 334
\BOOKMARK [1][-]{section.17.2}{\376\377\000F\000r\000e\000e\000\040\000E\000n\000e\000r\000g\000y\000\040\000a\000n\000d\000\040\000E\000x\000e\000r\000g\000y}{chapter.17}% 335
\BOOKMARK [1][-]{section.17.3}{\376\377\000R\000e\000a\000c\000h\000a\000b\000i\000l\000i\000t\000y\000-\000L\000i\000m\000i\000t\000e\000d\000\040\000W\000o\000r\000k}{chapter.17}% 336
\BOOKMARK [1][-]{section.17.4}{\376\377\000W\000h\000y\000\040\000T\000h\000i\000s\000\040\000C\000h\000a\000p\000t\000e\000r\000\040\000I\000s\000\040\000F\000o\000u\000n\000d\000a\000t\000i\000o\000n\000a\000l\000\040\000R\000a\000t\000h\000e\000r\000\040\000T\000h\000a\000n\000\040\000A\000p\000p\000l\000i\000e\000d}{chapter.17}% 337
\BOOKMARK [1][-]{section.17.5}{\376\377\000A\000v\000a\000i\000l\000a\000b\000l\000e\000\040\000W\000o\000r\000k\000\040\000a\000n\000d\000\040\000t\000h\000e\000\040\000T\000u\000r\000n\000o\000v\000e\000r}{chapter.17}% 338
\BOOKMARK [1][-]{section.17.6}{\376\377\000W\000h\000a\000t\000\040\000R\000e\000m\000a\000i\000n\000s\000\040\000O\000p\000e\000n}{chapter.17}% 339
\BOOKMARK [0][-]{chapter.18}{\376\377\000C\000o\000n\000s\000e\000r\000v\000a\000t\000i\000o\000n\000\040\000W\000i\000t\000h\000o\000u\000t\000\040\000Z\000e\000r\000o\000\040\000E\000n\000e\000r\000g\000y}{part.3}% 340
\BOOKMARK [1][-]{section.18.1}{\376\377\000W\000h\000y\000\040\000Z\000e\000r\000o\000\040\000T\000o\000t\000a\000l\000\040\000E\000n\000e\000r\000g\000y\000\040\000I\000s\000\040\000N\000o\000t\000\040\000R\000e\000q\000u\000i\000r\000e\000d}{chapter.18}% 341
\BOOKMARK [1][-]{section.18.2}{\376\377\000T\000h\000e\000\040\000C\000a\000p\000a\000c\000i\000t\000y\000\040\000C\000o\000n\000s\000e\000r\000v\000a\000t\000i\000o\000n\000\040\000H\000y\000p\000o\000t\000h\000e\000s\000i\000s\000,\000\040\000S\000t\000a\000t\000e\000d\000\040\000F\000o\000r\000m\000a\000l\000l\000y}{chapter.18}% 342
\BOOKMARK [1][-]{section.18.3}{\376\377\000W\000h\000a\000t\000\040\000t\000h\000e\000\040\000A\000u\000d\000i\000t\000\040\000A\000c\000t\000u\000a\000l\000l\000y\000\040\000F\000o\000u\000n\000d}{chapter.18}% 343
\BOOKMARK [1][-]{section.18.4}{\376\377\000T\000h\000e\000\040\000R\000S\000V\000P\000\040\000C\000l\000o\000s\000u\000r\000e\000\040\000P\000r\000o\000b\000l\000e\000m\000,\000\040\000S\000t\000a\000t\000e\000d}{chapter.18}% 344
\BOOKMARK [1][-]{section.18.5}{\376\377\000T\000h\000e\000\040\000P\000e\000r\000s\000i\000s\000t\000e\000n\000c\000e\000\040\000P\000o\000s\000t\000u\000l\000a\000t\000e\000\040\000I\000n\000h\000e\000r\000i\000t\000s\000\040\000T\000h\000i\000s\000\040\000S\000t\000a\000t\000u\000s}{chapter.18}% 345
\BOOKMARK [1][-]{section.18.6}{\376\377\000W\000h\000y\000\040\000t\000h\000e\000\040\000B\000o\000o\000k\000\040\000P\000r\000o\000c\000e\000e\000d\000s\000\040\000A\000n\000y\000w\000a\000y}{chapter.18}% 346
\BOOKMARK [1][-]{section.18.7}{\376\377\000W\000h\000a\000t\000\040\000T\000h\000i\000s\000\040\000C\000h\000a\000p\000t\000e\000r\000\040\000D\000o\000e\000s\000\040\000N\000o\000t\000\040\000D\000o}{chapter.18}% 347
\BOOKMARK [-1][-]{part.4}{\376\377\000I\000V\000\040\000T\000h\000e\000\040\000A\000g\000e\000\040\000o\000f\000\040\000M\000a\000x\000i\000m\000u\000m\000\040\000D\000i\000f\000f\000e\000r\000e\000n\000c\000e}{}% 348
\BOOKMARK [0][-]{chapter.19}{\376\377\000S\000t\000a\000r\000s\000\040\000a\000s\000\040\000G\000r\000a\000d\000i\000e\000n\000t\000\040\000E\000n\000g\000i\000n\000e\000s}{part.4}% 349
\BOOKMARK [1][-]{section.19.1}{\376\377\000E\000n\000e\000r\000g\000y\000\040\000I\000s\000\040\000N\000o\000t\000\040\000A\000v\000a\000i\000l\000a\000b\000l\000e\000\040\000W\000o\000r\000k}{chapter.19}% 350
\BOOKMARK [1][-]{section.19.2}{\376\377\000G\000r\000a\000v\000i\000t\000y\000\040\000B\000u\000i\000l\000d\000s\000\040\000t\000h\000e\000\040\000E\000n\000g\000i\000n\000e}{chapter.19}% 351
\BOOKMARK [1][-]{section.19.3}{\376\377\000F\000r\000o\000m\000\040\000C\000o\000l\000l\000a\000p\000s\000e\000\040\000t\000o\000\040\000N\000u\000c\000l\000e\000a\000r\000\040\000B\000u\000r\000n\000i\000n\000g}{chapter.19}% 352
\BOOKMARK [1][-]{section.19.4}{\376\377\000H\000y\000d\000r\000o\000s\000t\000a\000t\000i\000c\000\040\000B\000a\000l\000a\000n\000c\000e\000\040\000D\000o\000e\000s\000\040\000N\000o\000t\000\040\000M\000e\000a\000n\000\040\000E\000q\000u\000i\000l\000i\000b\000r\000i\000u\000m}{chapter.19}% 353
\BOOKMARK [1][-]{section.19.5}{\376\377\000T\000h\000e\000\040\000S\000t\000a\000r\000\040\000a\000s\000\040\000a\000\040\000T\000h\000r\000o\000u\000g\000h\000p\000u\000t\000\040\000S\000t\000r\000u\000c\000t\000u\000r\000e}{chapter.19}% 354
\BOOKMARK [1][-]{section.19.6}{\376\377\000T\000h\000e\000\040\000H\000o\000t\000\040\000S\000o\000u\000r\000c\000e\000\040\000a\000n\000d\000\040\000t\000h\000e\000\040\000C\000o\000l\000d\000\040\000S\000i\000n\000k}{chapter.19}% 355
\BOOKMARK [1][-]{section.19.7}{\376\377\000R\000a\000d\000i\000a\000t\000i\000o\000n\000\040\000C\000a\000r\000r\000i\000e\000s\000\040\000E\000n\000t\000r\000o\000p\000y\000\040\000a\000s\000\040\000W\000e\000l\000l\000\040\000a\000s\000\040\000E\000n\000e\000r\000g\000y}{chapter.19}% 356
\BOOKMARK [1][-]{section.19.8}{\376\377\000A\000\040\000P\000l\000a\000n\000e\000t\000\040\000B\000e\000t\000w\000e\000e\000n\000\040\000T\000w\000o\000\040\000R\000a\000d\000i\000a\000t\000i\000o\000n\000\040\000F\000i\000e\000l\000d\000s}{chapter.19}% 357
\BOOKMARK [1][-]{section.19.9}{\376\377\000T\000h\000e\000\040\000D\000i\000s\000t\000i\000n\000c\000t\000i\000o\000n\000\040\000B\000e\000t\000w\000e\000e\000n\000\040\000F\000l\000u\000x\000\040\000a\000n\000d\000\040\000S\000t\000o\000c\000k}{chapter.19}% 358
\BOOKMARK [1][-]{section.19.10}{\376\377\000G\000r\000a\000d\000i\000e\000n\000t\000\040\000E\000n\000g\000i\000n\000e\000s}{chapter.19}% 359
\BOOKMARK [1][-]{section.19.11}{\376\377\000A\000\040\000H\000i\000e\000r\000a\000r\000c\000h\000y\000\040\000o\000f\000\040\000G\000r\000a\000d\000i\000e\000n\000t\000\040\000E\000n\000g\000i\000n\000e\000s}{chapter.19}% 360
\BOOKMARK [1][-]{section.19.12}{\376\377\000S\000t\000a\000r\000s\000\040\000M\000a\000n\000u\000f\000a\000c\000t\000u\000r\000e\000\040\000N\000e\000w\000\040\000D\000i\000f\000f\000e\000r\000e\000n\000c\000e\000s}{chapter.19}% 361
\BOOKMARK [1][-]{section.19.13}{\376\377\000D\000i\000f\000f\000e\000r\000e\000n\000t\000i\000a\000t\000i\000o\000n\000\040\000T\000h\000r\000o\000u\000g\000h\000\040\000I\000r\000r\000e\000v\000e\000r\000s\000i\000b\000i\000l\000i\000t\000y}{chapter.19}% 362
\BOOKMARK [1][-]{section.19.14}{\376\377\000T\000h\000e\000\040\000S\000t\000e\000l\000l\000a\000r\000\040\000P\000o\000p\000u\000l\000a\000t\000i\000o\000n\000\040\000a\000s\000\040\000a\000\040\000D\000i\000s\000t\000r\000i\000b\000u\000t\000e\000d\000\040\000E\000n\000g\000i\000n\000e}{chapter.19}% 363
\BOOKMARK [1][-]{section.19.15}{\376\377\000T\000h\000e\000\040\000S\000t\000e\000l\000l\000a\000r\000\040\000E\000r\000a\000\040\000H\000a\000s\000\040\000a\000\040\000F\000i\000n\000i\000t\000e\000\040\000F\000u\000e\000l\000\040\000B\000u\000d\000g\000e\000t}{chapter.19}% 364
\BOOKMARK [1][-]{section.19.16}{\376\377\000A\000v\000a\000i\000l\000a\000b\000l\000e\000\040\000W\000o\000r\000k\000\040\000I\000s\000\040\000C\000o\000n\000s\000u\000m\000e\000d\000\040\000b\000y\000\040\000U\000s\000e}{chapter.19}% 365
\BOOKMARK [1][-]{section.19.17}{\376\377\000N\000o\000\040\000P\000e\000r\000p\000e\000t\000u\000a\000l\000\040\000C\000o\000s\000m\000i\000c\000\040\000E\000n\000g\000i\000n\000e}{chapter.19}% 366
\BOOKMARK [1][-]{section.19.18}{\376\377\000T\000h\000e\000\040\000E\000x\000e\000r\000g\000y\000\040\000V\000i\000e\000w}{chapter.19}% 367
\BOOKMARK [1][-]{section.19.19}{\376\377\000C\000o\000s\000m\000o\000l\000o\000g\000i\000c\000a\000l\000\040\000E\000x\000e\000r\000g\000y\000\040\000I\000s\000\040\000S\000c\000a\000l\000e\000-\000D\000e\000p\000e\000n\000d\000e\000n\000t}{chapter.19}% 368
\BOOKMARK [1][-]{section.19.20}{\376\377\000G\000r\000a\000d\000i\000e\000n\000t\000\040\000E\000n\000g\000i\000n\000e\000s\000\040\000a\000n\000d\000\040\000D\000i\000s\000t\000i\000n\000c\000t\000i\000o\000n}{chapter.19}% 369
\BOOKMARK [1][-]{section.19.21}{\376\377\000R\000e\000a\000c\000h\000a\000b\000i\000l\000i\000t\000y\000\040\000D\000e\000t\000e\000r\000m\000i\000n\000e\000s\000\040\000U\000s\000e\000f\000u\000l\000n\000e\000s\000s}{chapter.19}% 370
\BOOKMARK [1][-]{section.19.22}{\376\377\000S\000t\000a\000r\000s\000\040\000E\000x\000p\000a\000n\000d\000\040\000t\000h\000e\000\040\000R\000e\000a\000c\000h\000a\000b\000l\000e\000\040\000S\000e\000t}{chapter.19}% 371
\BOOKMARK [1][-]{section.19.23}{\376\377\000A\000\040\000C\000o\000n\000n\000e\000c\000t\000i\000o\000n\000\040\000t\000o\000\040\000E\000m\000e\000r\000g\000e\000n\000t\000\040\000G\000r\000a\000v\000i\000t\000y}{chapter.19}% 372
\BOOKMARK [1][-]{section.19.24}{\376\377\000A\000\040\000C\000o\000n\000n\000e\000c\000t\000i\000o\000n\000\040\000t\000o\000\040\000C\000o\000s\000m\000o\000l\000o\000g\000i\000c\000a\000l\000\040\000S\000i\000m\000p\000l\000i\000c\000i\000t\000y}{chapter.19}% 373
\BOOKMARK [1][-]{section.19.25}{\376\377\000T\000h\000e\000\040\000S\000t\000r\000u\000c\000t\000u\000r\000e\000d\000\040\000E\000p\000o\000c\000h\000\040\000a\000s\000\040\000a\000\040\000C\000o\000n\000v\000e\000r\000s\000i\000o\000n\000\040\000N\000e\000t\000w\000o\000r\000k}{chapter.19}% 374
\BOOKMARK [1][-]{section.19.26}{\376\377\000T\000h\000e\000\040\000C\000o\000s\000m\000i\000c\000\040\000G\000r\000a\000d\000i\000e\000n\000t\000\040\000B\000u\000d\000g\000e\000t}{chapter.19}% 375
\BOOKMARK [1][-]{section.19.27}{\376\377\000T\000h\000e\000\040\000D\000e\000c\000l\000i\000n\000e\000\040\000B\000e\000g\000i\000n\000s\000\040\000B\000e\000f\000o\000r\000e\000\040\000t\000h\000e\000\040\000S\000t\000a\000r\000s\000\040\000A\000r\000e\000\040\000G\000o\000n\000e}{chapter.19}% 376
\BOOKMARK [1][-]{section.19.28}{\376\377\000G\000r\000a\000d\000i\000e\000n\000t\000\040\000E\000n\000g\000i\000n\000e\000s\000\040\000a\000n\000d\000\040\000C\000o\000s\000m\000i\000c\000\040\000M\000e\000m\000o\000r\000y}{chapter.19}% 377
\BOOKMARK [1][-]{section.19.29}{\376\377\000F\000r\000o\000m\000\040\000S\000t\000a\000r\000s\000\040\000t\000o\000\040\000C\000h\000e\000m\000i\000s\000t\000r\000y}{chapter.19}% 378
\BOOKMARK [1][-]{section.19.30}{\376\377\000W\000h\000a\000t\000\040\000T\000h\000i\000s\000\040\000C\000h\000a\000p\000t\000e\000r\000\040\000D\000o\000e\000s\000\040\000N\000o\000t\000\040\000C\000l\000a\000i\000m}{chapter.19}% 379
\BOOKMARK [1][-]{section.19.31}{\376\377\000S\000u\000m\000m\000a\000r\000y}{chapter.19}% 380
\BOOKMARK [0][-]{chapter.20}{\376\377\000P\000l\000a\000n\000e\000t\000s\000,\000\040\000C\000h\000e\000m\000i\000s\000t\000r\000y\000\040\000a\000n\000d\000\040\000L\000i\000f\000e}{part.4}% 381
\BOOKMARK [1][-]{section.20.1}{\376\377\000F\000r\000o\000m\000\040\000S\000t\000e\000l\000l\000a\000r\000\040\000P\000r\000o\000d\000u\000c\000t\000s\000\040\000t\000o\000\040\000P\000l\000a\000n\000e\000t\000a\000r\000y\000\040\000M\000a\000t\000t\000e\000r}{chapter.20}% 382
\BOOKMARK [1][-]{section.20.2}{\376\377\000C\000o\000n\000d\000e\000n\000s\000a\000t\000i\000o\000n\000\040\000C\000r\000e\000a\000t\000e\000s\000\040\000B\000o\000u\000n\000d\000a\000r\000i\000e\000s}{chapter.20}% 383
\BOOKMARK [1][-]{section.20.3}{\376\377\000P\000l\000a\000n\000e\000t\000a\000r\000y\000\040\000D\000i\000f\000f\000e\000r\000e\000n\000t\000i\000a\000t\000i\000o\000n}{chapter.20}% 384
\BOOKMARK [1][-]{section.20.4}{\376\377\000C\000h\000e\000m\000i\000c\000a\000l\000\040\000P\000o\000t\000e\000n\000t\000i\000a\000l\000\040\000a\000s\000\040\000a\000\040\000D\000r\000i\000v\000e\000r}{chapter.20}% 385
\BOOKMARK [1][-]{section.20.5}{\376\377\000E\000q\000u\000i\000l\000i\000b\000r\000i\000u\000m\000\040\000I\000s\000\040\000a\000\040\000R\000e\000s\000t\000r\000i\000c\000t\000i\000o\000n\000\040\000o\000f\000\040\000R\000e\000a\000c\000h\000a\000b\000i\000l\000i\000t\000y}{chapter.20}% 386
\BOOKMARK [1][-]{section.20.6}{\376\377\000R\000e\000a\000c\000t\000i\000o\000n\000\040\000N\000e\000t\000w\000o\000r\000k\000s}{chapter.20}% 387
\BOOKMARK [1][-]{section.20.7}{\376\377\000C\000a\000t\000a\000l\000y\000s\000i\000s\000\040\000A\000l\000t\000e\000r\000s\000\040\000R\000e\000a\000c\000h\000a\000b\000i\000l\000i\000t\000y}{chapter.20}% 388
\BOOKMARK [1][-]{section.20.8}{\376\377\000T\000i\000m\000e\000s\000c\000a\000l\000e\000\040\000I\000s\000\040\000P\000a\000r\000t\000\040\000o\000f\000\040\000R\000e\000a\000c\000h\000a\000b\000i\000l\000i\000t\000y}{chapter.20}% 389
\BOOKMARK [1][-]{section.20.9}{\376\377\000N\000o\000n\000e\000q\000u\000i\000l\000i\000b\000r\000i\000u\000m\000\040\000S\000t\000e\000a\000d\000y\000\040\000S\000t\000a\000t\000e\000s}{chapter.20}% 390
\BOOKMARK [1][-]{section.20.10}{\376\377\000D\000i\000s\000s\000i\000p\000a\000t\000i\000v\000e\000\040\000S\000t\000r\000u\000c\000t\000u\000r\000e\000s}{chapter.20}% 391
\BOOKMARK [1][-]{section.20.11}{\376\377\000L\000i\000f\000e\000\040\000a\000s\000\040\000M\000a\000i\000n\000t\000a\000i\000n\000e\000d\000\040\000D\000i\000s\000e\000q\000u\000i\000l\000i\000b\000r\000i\000u\000m}{chapter.20}% 392
\BOOKMARK [1][-]{section.20.12}{\376\377\000R\000e\000p\000a\000i\000r\000\040\000I\000s\000\040\000D\000i\000f\000f\000e\000r\000e\000n\000t\000\040\000f\000r\000o\000m\000\040\000P\000a\000s\000s\000i\000v\000e\000\040\000S\000t\000a\000b\000i\000l\000i\000t\000y}{chapter.20}% 393
\BOOKMARK [1][-]{section.20.13}{\376\377\000A\000\040\000M\000i\000n\000i\000m\000a\000l\000\040\000R\000e\000p\000a\000i\000r\000\040\000E\000q\000u\000a\000t\000i\000o\000n}{chapter.20}% 394
\BOOKMARK [1][-]{section.20.14}{\376\377\000R\000e\000p\000a\000i\000r\000\040\000C\000o\000n\000v\000e\000r\000t\000s\000\040\000W\000o\000r\000k\000\040\000i\000n\000t\000o\000\040\000P\000e\000r\000s\000i\000s\000t\000e\000n\000c\000e}{chapter.20}% 395
\BOOKMARK [1][-]{section.20.15}{\376\377\000O\000r\000g\000a\000n\000i\000z\000a\000t\000i\000o\000n\000\040\000a\000s\000\040\000C\000o\000n\000s\000t\000r\000a\000i\000n\000t}{chapter.20}% 396
\BOOKMARK [1][-]{section.20.16}{\376\377\000C\000o\000n\000s\000t\000r\000a\000i\000n\000t\000\040\000C\000a\000n\000\040\000I\000n\000c\000r\000e\000a\000s\000e\000\040\000E\000f\000f\000e\000c\000t\000i\000v\000e\000\040\000R\000e\000a\000c\000h\000a\000b\000i\000l\000i\000t\000y}{chapter.20}% 397
\BOOKMARK [1][-]{section.20.17}{\376\377\000R\000e\000c\000u\000r\000s\000i\000v\000e\000\040\000R\000e\000p\000a\000i\000r}{chapter.20}% 398
\BOOKMARK [1][-]{section.20.18}{\376\377\000I\000d\000e\000n\000t\000i\000t\000y\000\040\000a\000s\000\040\000a\000\040\000D\000y\000n\000a\000m\000i\000c\000a\000l\000\040\000A\000t\000t\000r\000a\000c\000t\000o\000r}{chapter.20}% 399
\BOOKMARK [1][-]{section.20.19}{\376\377\000L\000i\000f\000e\000\040\000I\000s\000\040\000N\000o\000t\000\040\000R\000e\000q\000u\000i\000r\000e\000d\000\040\000f\000o\000r\000\040\000t\000h\000e\000\040\000P\000r\000i\000n\000c\000i\000p\000l\000e}{chapter.20}% 400
\BOOKMARK [1][-]{section.20.20}{\376\377\000I\000n\000f\000o\000r\000m\000a\000t\000i\000o\000n\000\040\000B\000e\000c\000o\000m\000e\000s\000\040\000O\000p\000e\000r\000a\000t\000i\000o\000n\000a\000l}{chapter.20}% 401
\BOOKMARK [1][-]{section.20.21}{\376\377\000M\000e\000m\000o\000r\000y\000\040\000R\000e\000q\000u\000i\000r\000e\000s\000\040\000a\000\040\000P\000e\000r\000s\000i\000s\000t\000e\000n\000t\000\040\000D\000i\000f\000f\000e\000r\000e\000n\000c\000e}{chapter.20}% 402
\BOOKMARK [1][-]{section.20.22}{\376\377\000B\000i\000o\000l\000o\000g\000i\000c\000a\000l\000\040\000M\000e\000m\000o\000r\000y\000\040\000a\000s\000\040\000A\000c\000t\000i\000v\000e\000\040\000P\000e\000r\000s\000i\000s\000t\000e\000n\000c\000e}{chapter.20}% 403
\BOOKMARK [1][-]{section.20.23}{\376\377\000R\000e\000p\000l\000i\000c\000a\000t\000i\000o\000n\000\040\000a\000n\000d\000\040\000P\000e\000r\000s\000i\000s\000t\000e\000n\000c\000e}{chapter.20}% 404
\BOOKMARK [1][-]{section.20.24}{\376\377\000S\000e\000l\000e\000c\000t\000i\000o\000n\000\040\000a\000s\000\040\000D\000i\000f\000f\000e\000r\000e\000n\000t\000i\000a\000l\000\040\000P\000e\000r\000s\000i\000s\000t\000e\000n\000c\000e}{chapter.20}% 405
\BOOKMARK [1][-]{section.20.25}{\376\377\000E\000v\000o\000l\000u\000t\000i\000o\000n\000\040\000C\000h\000a\000n\000g\000e\000s\000\040\000t\000h\000e\000\040\000R\000e\000p\000a\000i\000r\000\040\000M\000a\000p}{chapter.20}% 406
\BOOKMARK [1][-]{section.20.26}{\376\377\000T\000h\000e\000\040\000S\000t\000r\000u\000c\000t\000u\000r\000e\000d\000\040\000E\000p\000o\000c\000h\000\040\000P\000r\000o\000d\000u\000c\000e\000s\000\040\000N\000e\000w\000\040\000T\000i\000m\000e\000s\000c\000a\000l\000e\000s}{chapter.20}% 407
\BOOKMARK [1][-]{section.20.27}{\376\377\000U\000n\000i\000s\000t\000o\000c\000h\000a\000s\000t\000i\000c\000\040\000D\000y\000n\000a\000m\000i\000c\000s\000\040\000a\000n\000d\000\040\000t\000h\000e\000\040\000Q\000u\000a\000n\000t\000u\000m\000\040\000S\000u\000b\000s\000t\000r\000a\000t\000e}{chapter.20}% 408
\BOOKMARK [1][-]{section.20.28}{\376\377\000Q\000u\000a\000n\000t\000u\000m\000\040\000P\000o\000s\000s\000i\000b\000i\000l\000i\000t\000y\000\040\000I\000s\000\040\000N\000o\000t\000\040\000C\000h\000e\000m\000i\000c\000a\000l\000\040\000R\000e\000a\000c\000h\000a\000b\000i\000l\000i\000t\000y}{chapter.20}% 409
\BOOKMARK [1][-]{section.20.29}{\376\377\000L\000i\000f\000e\000\040\000a\000s\000\040\000a\000\040\000C\000o\000s\000m\000o\000l\000o\000g\000i\000c\000a\000l\000\040\000P\000h\000e\000n\000o\000m\000e\000n\000o\000n}{chapter.20}% 410
\BOOKMARK [1][-]{section.20.30}{\376\377\000N\000o\000\040\000V\000i\000o\000l\000a\000t\000i\000o\000n\000\040\000o\000f\000\040\000t\000h\000e\000\040\000S\000e\000c\000o\000n\000d\000\040\000L\000a\000w}{chapter.20}% 411
\BOOKMARK [1][-]{section.20.31}{\376\377\000T\000h\000e\000\040\000M\000e\000a\000n\000i\000n\000g\000\040\000o\000f\000\040\000`\000`\000T\000e\000m\000p\000o\000r\000a\000r\000y\000'\000'}{chapter.20}% 412
\BOOKMARK [1][-]{section.20.32}{\376\377\000F\000r\000o\000m\000\040\000P\000e\000r\000s\000i\000s\000t\000e\000n\000c\000e\000\040\000t\000o\000\040\000M\000e\000m\000o\000r\000y}{chapter.20}% 413
\BOOKMARK [1][-]{section.20.33}{\376\377\000R\000e\000p\000a\000i\000r\000\040\000B\000e\000y\000o\000n\000d\000\040\000B\000i\000o\000l\000o\000g\000y}{chapter.20}% 414
\BOOKMARK [1][-]{section.20.34}{\376\377\000R\000e\000p\000a\000i\000r\000\040\000H\000a\000s\000\040\000a\000\040\000C\000o\000s\000t}{chapter.20}% 415
\BOOKMARK [1][-]{section.20.35}{\376\377\000T\000h\000e\000\040\000R\000e\000p\000a\000i\000r\000\040\000H\000o\000r\000i\000z\000o\000n}{chapter.20}% 416
\BOOKMARK [1][-]{section.20.36}{\376\377\000A\000\040\000S\000p\000e\000c\000t\000r\000u\000m\000\040\000o\000f\000\040\000P\000e\000r\000s\000i\000s\000t\000e\000n\000c\000e}{chapter.20}% 417
\BOOKMARK [1][-]{section.20.37}{\376\377\000T\000h\000e\000\040\000B\000i\000o\000l\000o\000g\000i\000c\000a\000l\000\040\000C\000a\000s\000e\000\040\000a\000n\000d\000\040\000t\000h\000e\000\040\000C\000o\000s\000m\000o\000l\000o\000g\000i\000c\000a\000l\000\040\000C\000a\000s\000e}{chapter.20}% 418
\BOOKMARK [1][-]{section.20.38}{\376\377\000T\000h\000e\000\040\000D\000i\000r\000e\000c\000t\000i\000o\000n\000\040\000o\000f\000\040\000t\000h\000e\000\040\000A\000r\000g\000u\000m\000e\000n\000t}{chapter.20}% 419
\BOOKMARK [1][-]{section.20.39}{\376\377\000A\000\040\000P\000r\000e\000v\000i\000e\000w\000\040\000o\000f\000\040\000t\000h\000e\000\040\000L\000a\000t\000e\000\040\000U\000n\000i\000v\000e\000r\000s\000e}{chapter.20}% 420
\BOOKMARK [1][-]{section.20.40}{\376\377\000W\000h\000a\000t\000\040\000T\000h\000i\000s\000\040\000C\000h\000a\000p\000t\000e\000r\000\040\000H\000a\000s\000\040\000E\000s\000t\000a\000b\000l\000i\000s\000h\000e\000d}{chapter.20}% 421
\BOOKMARK [1][-]{section.20.41}{\376\377\000W\000h\000a\000t\000\040\000T\000h\000i\000s\000\040\000C\000h\000a\000p\000t\000e\000r\000\040\000H\000a\000s\000\040\000N\000o\000t\000\040\000E\000s\000t\000a\000b\000l\000i\000s\000h\000e\000d}{chapter.20}% 422
\BOOKMARK [1][-]{section.20.42}{\376\377\000C\000o\000n\000c\000l\000u\000s\000i\000o\000n}{chapter.20}% 423
\BOOKMARK [0][-]{chapter.21}{\376\377\000R\000e\000p\000a\000i\000r\000\040\000P\000r\000e\000s\000e\000r\000v\000e\000s\000\040\000D\000i\000f\000f\000e\000r\000e\000n\000c\000e}{part.4}% 424
\BOOKMARK [1][-]{section.21.1}{\376\377\000P\000e\000r\000s\000i\000s\000t\000e\000n\000c\000e\000\040\000I\000s\000\040\000N\000o\000t\000\040\000S\000t\000a\000s\000i\000s}{chapter.21}% 425
\BOOKMARK [1][-]{section.21.2}{\376\377\000A\000\040\000D\000i\000s\000t\000i\000n\000c\000t\000i\000o\000n\000\040\000R\000e\000q\000u\000i\000r\000e\000s\000\040\000a\000\040\000B\000o\000u\000n\000d\000a\000r\000y}{chapter.21}% 426
\BOOKMARK [1][-]{section.21.3}{\376\377\000B\000o\000u\000n\000d\000a\000r\000i\000e\000s\000\040\000A\000r\000e\000\040\000D\000y\000n\000a\000m\000i\000c\000a\000l}{chapter.21}% 427
\BOOKMARK [1][-]{section.21.4}{\376\377\000P\000e\000r\000t\000u\000r\000b\000a\000t\000i\000o\000n\000\040\000a\000n\000d\000\040\000R\000e\000t\000u\000r\000n}{chapter.21}% 428
\BOOKMARK [1][-]{section.21.5}{\376\377\000P\000a\000s\000s\000i\000v\000e\000\040\000S\000t\000a\000b\000i\000l\000i\000t\000y}{chapter.21}% 429
\BOOKMARK [1][-]{section.21.6}{\376\377\000A\000c\000t\000i\000v\000e\000\040\000R\000e\000s\000t\000o\000r\000a\000t\000i\000o\000n}{chapter.21}% 430
\BOOKMARK [1][-]{section.21.7}{\376\377\000R\000e\000p\000a\000i\000r\000\040\000a\000s\000\040\000a\000\040\000M\000a\000p}{chapter.21}% 431
\BOOKMARK [1][-]{section.21.8}{\376\377\000T\000h\000e\000\040\000R\000e\000p\000a\000i\000r\000\040\000I\000n\000e\000q\000u\000a\000l\000i\000t\000y}{chapter.21}% 432
\BOOKMARK [1][-]{section.21.9}{\376\377\000R\000e\000p\000a\000i\000r\000\040\000R\000e\000q\000u\000i\000r\000e\000s\000\040\000D\000e\000t\000e\000c\000t\000a\000b\000l\000e\000\040\000E\000r\000r\000o\000r}{chapter.21}% 433
\BOOKMARK [1][-]{section.21.10}{\376\377\000R\000e\000p\000a\000i\000r\000\040\000R\000e\000q\000u\000i\000r\000e\000s\000\040\000a\000\040\000R\000e\000f\000e\000r\000e\000n\000c\000e}{chapter.21}% 434
\BOOKMARK [1][-]{section.21.11}{\376\377\000A\000\040\000L\000y\000a\000p\000u\000n\000o\000v\000\040\000D\000e\000s\000c\000r\000i\000p\000t\000i\000o\000n}{chapter.21}% 435
\BOOKMARK [1][-]{section.21.12}{\376\377\000R\000e\000p\000a\000i\000r\000\040\000D\000o\000e\000s\000\040\000N\000o\000t\000\040\000R\000e\000v\000e\000r\000s\000e\000\040\000E\000n\000t\000r\000o\000p\000y}{chapter.21}% 436
\BOOKMARK [1][-]{section.21.13}{\376\377\000E\000q\000u\000i\000v\000a\000l\000e\000n\000c\000e\000\040\000U\000n\000d\000e\000r\000\040\000R\000e\000p\000a\000i\000r}{chapter.21}% 437
\BOOKMARK [1][-]{section.21.14}{\376\377\000T\000h\000e\000\040\000S\000h\000i\000p\000\040\000W\000i\000t\000h\000o\000u\000t\000\040\000t\000h\000e\000\040\000P\000a\000r\000a\000d\000o\000x}{chapter.21}% 438
\BOOKMARK [1][-]{section.21.15}{\376\377\000R\000e\000c\000u\000r\000s\000i\000v\000e\000\040\000R\000e\000p\000a\000i\000r}{chapter.21}% 439
\BOOKMARK [1][-]{section.21.16}{\376\377\000T\000h\000e\000\040\000R\000e\000p\000a\000i\000r\000\040\000G\000r\000a\000p\000h}{chapter.21}% 440
\BOOKMARK [1][-]{section.21.17}{\376\377\000R\000e\000p\000a\000i\000r\000\040\000C\000a\000p\000a\000c\000i\000t\000y}{chapter.21}% 441
\BOOKMARK [1][-]{section.21.18}{\376\377\000T\000h\000e\000\040\000B\000a\000s\000i\000n\000\040\000o\000f\000\040\000R\000e\000p\000a\000i\000r}{chapter.21}% 442
\BOOKMARK [1][-]{section.21.19}{\376\377\000R\000e\000p\000a\000i\000r\000\040\000a\000n\000d\000\040\000R\000e\000a\000c\000h\000a\000b\000i\000l\000i\000t\000y}{chapter.21}% 443
\BOOKMARK [1][-]{section.21.20}{\376\377\000R\000e\000s\000o\000u\000r\000c\000e\000s\000\040\000R\000e\000s\000t\000r\000i\000c\000t\000\040\000t\000h\000e\000\040\000R\000e\000p\000a\000i\000r\000\040\000B\000a\000s\000i\000n}{chapter.21}% 444
\BOOKMARK [1][-]{section.21.21}{\376\377\000R\000e\000p\000a\000i\000r\000\040\000a\000n\000d\000\040\000I\000n\000f\000o\000r\000m\000a\000t\000i\000o\000n}{chapter.21}% 445
\BOOKMARK [1][-]{section.21.22}{\376\377\000E\000r\000r\000o\000r\000\040\000C\000o\000r\000r\000e\000c\000t\000i\000o\000n\000\040\000a\000s\000\040\000P\000h\000y\000s\000i\000c\000a\000l\000\040\000R\000e\000p\000a\000i\000r}{chapter.21}% 446
\BOOKMARK [1][-]{section.21.23}{\376\377\000M\000e\000m\000o\000r\000y\000\040\000I\000s\000\040\000R\000e\000p\000a\000i\000r\000e\000d\000\040\000D\000i\000f\000f\000e\000r\000e\000n\000c\000e}{chapter.21}% 447
\BOOKMARK [1][-]{section.21.24}{\376\377\000R\000e\000c\000o\000r\000d\000s\000\040\000N\000e\000e\000d\000\040\000N\000o\000t\000\040\000B\000e\000\040\000I\000n\000t\000e\000n\000t\000i\000o\000n\000a\000l}{chapter.21}% 448
\BOOKMARK [1][-]{section.21.25}{\376\377\000D\000i\000f\000f\000e\000r\000e\000n\000c\000e\000\040\000C\000a\000n\000\040\000S\000u\000r\000v\000i\000v\000e\000\040\000T\000r\000a\000n\000s\000f\000o\000r\000m\000a\000t\000i\000o\000n}{chapter.21}% 449
\BOOKMARK [1][-]{section.21.26}{\376\377\000R\000e\000p\000a\000i\000r\000\040\000I\000s\000\040\000N\000o\000t\000\040\000C\000o\000n\000s\000e\000r\000v\000a\000t\000i\000o\000n}{chapter.21}% 450
\BOOKMARK [1][-]{section.21.27}{\376\377\000R\000e\000p\000a\000i\000r\000\040\000I\000s\000\040\000N\000o\000t\000\040\000R\000e\000v\000e\000r\000s\000i\000b\000i\000l\000i\000t\000y}{chapter.21}% 451
\BOOKMARK [1][-]{section.21.28}{\376\377\000R\000e\000p\000a\000i\000r\000\040\000I\000s\000\040\000N\000o\000t\000\040\000O\000p\000t\000i\000m\000i\000z\000a\000t\000i\000o\000n}{chapter.21}% 452
\BOOKMARK [1][-]{section.21.29}{\376\377\000R\000e\000p\000a\000i\000r\000\040\000a\000n\000d\000\040\000R\000e\000d\000u\000n\000d\000a\000n\000c\000y}{chapter.21}% 453
\BOOKMARK [1][-]{section.21.30}{\376\377\000R\000e\000p\000a\000i\000r\000\040\000a\000n\000d\000\040\000D\000e\000g\000e\000n\000e\000r\000a\000c\000y}{chapter.21}% 454
\BOOKMARK [1][-]{section.21.31}{\376\377\000H\000i\000e\000r\000a\000r\000c\000h\000i\000c\000a\000l\000\040\000R\000e\000p\000a\000i\000r}{chapter.21}% 455
\BOOKMARK [1][-]{section.21.32}{\376\377\000P\000e\000r\000s\000i\000s\000t\000e\000n\000c\000e\000\040\000T\000h\000r\000o\000u\000g\000h\000\040\000T\000u\000r\000n\000o\000v\000e\000r}{chapter.21}% 456
\BOOKMARK [1][-]{section.21.33}{\376\377\000T\000h\000e\000\040\000P\000e\000r\000s\000i\000s\000t\000e\000n\000c\000e\000\040\000F\000u\000n\000c\000t\000i\000o\000n\000a\000l}{chapter.21}% 457
\BOOKMARK [1][-]{section.21.34}{\376\377\000A\000\040\000S\000t\000r\000o\000n\000g\000e\000r\000\040\000R\000e\000p\000a\000i\000r\000-\000S\000e\000n\000s\000i\000t\000i\000v\000e\000\040\000M\000e\000a\000s\000u\000r\000e}{chapter.21}% 458
\BOOKMARK [1][-]{section.21.35}{\376\377\000R\000e\000p\000a\000i\000r\000\040\000F\000a\000i\000l\000u\000r\000e}{chapter.21}% 459
\BOOKMARK [1][-]{section.21.36}{\376\377\000R\000e\000p\000a\000i\000r\000\040\000a\000n\000d\000\040\000t\000h\000e\000\040\000A\000r\000r\000o\000w\000\040\000o\000f\000\040\000T\000i\000m\000e}{chapter.21}% 460
\BOOKMARK [1][-]{section.21.37}{\376\377\000D\000i\000f\000f\000e\000r\000e\000n\000c\000e\000\040\000I\000s\000\040\000E\000x\000p\000e\000n\000s\000i\000v\000e\000\040\000t\000o\000\040\000M\000a\000i\000n\000t\000a\000i\000n}{chapter.21}% 461
\BOOKMARK [1][-]{section.21.38}{\376\377\000T\000h\000e\000\040\000C\000o\000s\000m\000o\000l\000o\000g\000i\000c\000a\000l\000\040\000S\000i\000g\000n\000i\000f\000i\000c\000a\000n\000c\000e\000\040\000o\000f\000\040\000R\000e\000p\000a\000i\000r}{chapter.21}% 462
\BOOKMARK [1][-]{section.21.39}{\376\377\000S\000m\000o\000o\000t\000h\000i\000n\000g\000\040\000M\000e\000e\000t\000s\000\040\000R\000e\000s\000i\000s\000t\000a\000n\000c\000e}{chapter.21}% 463
\BOOKMARK [1][-]{section.21.40}{\376\377\000F\000o\000r\000m\000a\000t\000i\000o\000n\000\040\000a\000n\000d\000\040\000S\000m\000o\000o\000t\000h\000i\000n\000g\000\040\000A\000r\000e\000\040\000S\000i\000m\000u\000l\000t\000a\000n\000e\000o\000u\000s}{chapter.21}% 464
\BOOKMARK [1][-]{section.21.41}{\376\377\000T\000h\000e\000\040\000T\000u\000r\000n\000o\000v\000e\000r\000\040\000S\000u\000r\000f\000a\000c\000e}{chapter.21}% 465
\BOOKMARK [1][-]{section.21.42}{\376\377\000R\000e\000p\000a\000i\000r\000\040\000D\000e\000l\000a\000y\000s\000\040\000S\000m\000o\000o\000t\000h\000i\000n\000g\000\040\000b\000u\000t\000\040\000D\000o\000e\000s\000\040\000N\000o\000t\000\040\000A\000b\000o\000l\000i\000s\000h\000\040\000I\000t}{chapter.21}% 466
\BOOKMARK [1][-]{section.21.43}{\376\377\000R\000e\000p\000a\000i\000r\000\040\000a\000n\000d\000\040\000C\000o\000s\000m\000o\000l\000o\000g\000i\000c\000a\000l\000\040\000M\000e\000m\000o\000r\000y}{chapter.21}% 467
\BOOKMARK [1][-]{section.21.44}{\376\377\000A\000\040\000H\000i\000e\000r\000a\000r\000c\000h\000y\000\040\000o\000f\000\040\000M\000e\000m\000o\000r\000y}{chapter.21}% 468
\BOOKMARK [1][-]{section.21.45}{\376\377\000P\000e\000r\000s\000i\000s\000t\000e\000n\000c\000e\000\040\000U\000n\000d\000e\000r\000\040\000T\000r\000a\000n\000s\000f\000o\000r\000m\000a\000t\000i\000o\000n}{chapter.21}% 469
\BOOKMARK [1][-]{section.21.46}{\376\377\000F\000r\000o\000m\000\040\000R\000e\000p\000a\000i\000r\000\040\000t\000o\000\040\000I\000d\000e\000n\000t\000i\000t\000y}{chapter.21}% 470
\BOOKMARK [1][-]{section.21.47}{\376\377\000L\000i\000m\000i\000t\000s\000\040\000o\000f\000\040\000t\000h\000e\000\040\000P\000r\000i\000n\000c\000i\000p\000l\000e}{chapter.21}% 471
\BOOKMARK [1][-]{section.21.48}{\376\377\000A\000\040\000P\000r\000e\000d\000i\000c\000t\000i\000v\000e\000\040\000R\000e\000q\000u\000i\000r\000e\000m\000e\000n\000t}{chapter.21}% 472
\BOOKMARK [1][-]{section.21.49}{\376\377\000T\000h\000e\000\040\000C\000o\000n\000n\000e\000c\000t\000i\000o\000n\000\040\000t\000o\000\040\000R\000e\000k\000n\000o\000t\000t\000i\000n\000g}{chapter.21}% 473
\BOOKMARK [1][-]{section.21.50}{\376\377\000T\000w\000o\000\040\000F\000a\000i\000l\000u\000r\000e\000s\000\040\000T\000h\000a\000t\000\040\000M\000u\000s\000t\000\040\000N\000o\000t\000\040\000B\000e\000\040\000C\000o\000n\000f\000u\000s\000e\000d}{chapter.21}% 474
\BOOKMARK [1][-]{section.21.51}{\376\377\000W\000h\000a\000t\000\040\000T\000h\000i\000s\000\040\000C\000h\000a\000p\000t\000e\000r\000\040\000H\000a\000s\000\040\000E\000s\000t\000a\000b\000l\000i\000s\000h\000e\000d}{chapter.21}% 475
\BOOKMARK [1][-]{section.21.52}{\376\377\000W\000h\000a\000t\000\040\000R\000e\000m\000a\000i\000n\000s\000\040\000O\000p\000e\000n}{chapter.21}% 476
\BOOKMARK [1][-]{section.21.53}{\376\377\000C\000o\000n\000c\000l\000u\000s\000i\000o\000n}{chapter.21}% 477
\BOOKMARK [0][-]{chapter.22}{\376\377\000C\000o\000s\000m\000o\000l\000o\000g\000i\000c\000a\000l\000\040\000M\000e\000m\000o\000r\000y}{part.4}% 478
\BOOKMARK [1][-]{section.22.1}{\376\377\000M\000e\000m\000o\000r\000y\000\040\000a\000s\000\040\000P\000h\000y\000s\000i\000c\000a\000l\000\040\000D\000e\000p\000e\000n\000d\000e\000n\000c\000e}{chapter.22}% 479
\BOOKMARK [1][-]{section.22.2}{\376\377\000R\000e\000c\000o\000r\000d\000s\000\040\000A\000r\000e\000\040\000D\000i\000s\000t\000i\000n\000c\000t\000i\000o\000n\000s}{chapter.22}% 480
\BOOKMARK [1][-]{section.22.3}{\376\377\000M\000e\000m\000o\000r\000y\000\040\000W\000i\000t\000h\000o\000u\000t\000\040\000R\000e\000c\000o\000n\000s\000t\000r\000u\000c\000t\000i\000o\000n}{chapter.22}% 481
\BOOKMARK [1][-]{section.22.4}{\376\377\000A\000\040\000M\000e\000m\000o\000r\000y\000\040\000K\000e\000r\000n\000e\000l}{chapter.22}% 482
\BOOKMARK [1][-]{section.22.5}{\376\377\000P\000r\000i\000m\000o\000r\000d\000i\000a\000l\000\040\000T\000i\000d\000a\000l\000\040\000F\000i\000e\000l\000d\000s\000\040\000a\000n\000d\000\040\000G\000a\000l\000a\000c\000t\000i\000c\000\040\000S\000p\000i\000n}{chapter.22}% 483
\BOOKMARK [1][-]{section.22.6}{\376\377\000N\000o\000n\000l\000i\000n\000e\000a\000r\000\040\000E\000v\000o\000l\000u\000t\000i\000o\000n\000\040\000D\000o\000e\000s\000\040\000N\000o\000t\000\040\000I\000m\000p\000l\000y\000\040\000E\000r\000a\000s\000u\000r\000e}{chapter.22}% 484
\BOOKMARK [1][-]{section.22.7}{\376\377\000M\000e\000m\000o\000r\000y\000\040\000a\000n\000d\000\040\000C\000o\000a\000r\000s\000e\000-\000G\000r\000a\000i\000n\000i\000n\000g}{chapter.22}% 485
\BOOKMARK [1][-]{section.22.8}{\376\377\000R\000e\000p\000a\000i\000r\000\040\000a\000s\000\040\000a\000\040\000M\000e\000m\000o\000r\000y\000\040\000M\000e\000c\000h\000a\000n\000i\000s\000m}{chapter.22}% 486
\BOOKMARK [1][-]{section.22.9}{\376\377\000F\000o\000r\000g\000e\000t\000t\000i\000n\000g\000\040\000I\000s\000\040\000A\000l\000s\000o\000\040\000P\000h\000y\000s\000i\000c\000a\000l}{chapter.22}% 487
\BOOKMARK [1][-]{section.22.10}{\376\377\000T\000h\000e\000\040\000D\000e\000s\000t\000r\000u\000c\000t\000i\000o\000n\000\040\000o\000f\000\040\000C\000o\000s\000m\000i\000c\000\040\000A\000r\000c\000h\000i\000v\000e\000s}{chapter.22}% 488
\BOOKMARK [1][-]{section.22.11}{\376\377\000L\000o\000c\000a\000l\000\040\000M\000e\000m\000o\000r\000y\000\040\000D\000o\000e\000s\000\040\000N\000o\000t\000\040\000P\000r\000o\000v\000e\000\040\000G\000l\000o\000b\000a\000l\000\040\000P\000e\000r\000s\000i\000s\000t\000e\000n\000c\000e}{chapter.22}% 489
\BOOKMARK [1][-]{section.22.12}{\376\377\000M\000e\000m\000o\000r\000y\000\040\000a\000n\000d\000\040\000t\000h\000e\000\040\000P\000e\000r\000s\000i\000s\000t\000e\000n\000c\000e\000\040\000P\000o\000s\000t\000u\000l\000a\000t\000e}{chapter.22}% 490
\BOOKMARK [1][-]{section.22.13}{\376\377\000M\000e\000m\000o\000r\000y\000,\000\040\000C\000a\000p\000a\000c\000i\000t\000y\000,\000\040\000a\000n\000d\000\040\000O\000r\000g\000a\000n\000i\000z\000a\000t\000i\000o\000n}{chapter.22}% 491
\BOOKMARK [1][-]{section.22.14}{\376\377\000T\000h\000e\000\040\000D\000i\000r\000e\000c\000t\000i\000o\000n\000\040\000o\000f\000\040\000C\000o\000s\000m\000i\000c\000\040\000M\000e\000m\000o\000r\000y}{chapter.22}% 492
\BOOKMARK [1][-]{section.22.15}{\376\377\000T\000o\000w\000a\000r\000d\000\040\000R\000u\000n\000a\000w\000a\000y\000\040\000S\000m\000o\000o\000t\000h\000i\000n\000g}{chapter.22}% 493
\BOOKMARK [-1][-]{part.5}{\376\377\000V\000\040\000R\000u\000n\000a\000w\000a\000y\000\040\000S\000m\000o\000o\000t\000h\000i\000n\000g}{}% 494
\BOOKMARK [0][-]{chapter.23}{\376\377\000T\000h\000e\000\040\000E\000x\000h\000a\000u\000s\000t\000i\000o\000n\000\040\000o\000f\000\040\000S\000t\000a\000r\000s}{part.5}% 495
\BOOKMARK [1][-]{section.23.1}{\376\377\000S\000t\000a\000r\000s\000\040\000E\000x\000i\000s\000t\000\040\000B\000e\000c\000a\000u\000s\000e\000\040\000E\000q\000u\000i\000l\000i\000b\000r\000i\000u\000m\000\040\000H\000a\000s\000\040\000N\000o\000t\000\040\000B\000e\000e\000n\000\040\000R\000e\000a\000c\000h\000e\000d}{chapter.23}% 496
\BOOKMARK [1][-]{section.23.2}{\376\377\000N\000u\000c\000l\000e\000a\000r\000\040\000B\000u\000r\000n\000i\000n\000g\000\040\000a\000s\000\040\000G\000r\000a\000d\000i\000e\000n\000t\000\040\000C\000o\000n\000s\000u\000m\000p\000t\000i\000o\000n}{chapter.23}% 497
\BOOKMARK [1][-]{section.23.3}{\376\377\000T\000h\000e\000\040\000F\000i\000n\000i\000t\000e\000\040\000F\000u\000e\000l\000\040\000C\000o\000n\000d\000i\000t\000i\000o\000n}{chapter.23}% 498
\BOOKMARK [1][-]{section.23.4}{\376\377\000I\000r\000o\000n\000\040\000a\000n\000d\000\040\000t\000h\000e\000\040\000E\000n\000d\000\040\000o\000f\000\040\000E\000x\000o\000t\000h\000e\000r\000m\000i\000c\000\040\000F\000u\000s\000i\000o\000n}{chapter.23}% 499
\BOOKMARK [1][-]{section.23.5}{\376\377\000S\000t\000e\000l\000l\000a\000r\000\040\000D\000e\000a\000t\000h\000\040\000D\000o\000e\000s\000\040\000N\000o\000t\000\040\000M\000e\000a\000n\000\040\000I\000m\000m\000e\000d\000i\000a\000t\000e\000\040\000S\000m\000o\000o\000t\000h\000n\000e\000s\000s}{chapter.23}% 500
\BOOKMARK [1][-]{section.23.6}{\376\377\000T\000h\000e\000\040\000D\000e\000c\000l\000i\000n\000e\000\040\000o\000f\000\040\000S\000t\000a\000r\000\040\000F\000o\000r\000m\000a\000t\000i\000o\000n}{chapter.23}% 501
\BOOKMARK [1][-]{section.23.7}{\376\377\000R\000e\000a\000c\000h\000a\000b\000i\000l\000i\000t\000y\000\040\000o\000f\000\040\000S\000t\000e\000l\000l\000a\000r\000\040\000S\000t\000a\000t\000e\000s}{chapter.23}% 502
\BOOKMARK [1][-]{section.23.8}{\376\377\000A\000v\000a\000i\000l\000a\000b\000l\000e\000\040\000W\000o\000r\000k\000\040\000a\000n\000d\000\040\000S\000t\000e\000l\000l\000a\000r\000\040\000A\000c\000t\000i\000v\000i\000t\000y}{chapter.23}% 503
\BOOKMARK [1][-]{section.23.9}{\376\377\000T\000h\000e\000\040\000E\000x\000e\000r\000g\000y\000\040\000V\000i\000e\000w}{chapter.23}% 504
\BOOKMARK [1][-]{section.23.10}{\376\377\000L\000o\000n\000g\000-\000L\000i\000v\000e\000d\000\040\000R\000e\000m\000n\000a\000n\000t\000s}{chapter.23}% 505
\BOOKMARK [1][-]{section.23.11}{\376\377\000G\000r\000a\000v\000i\000t\000a\000t\000i\000o\000n\000a\000l\000\040\000R\000e\000l\000a\000x\000a\000t\000i\000o\000n}{chapter.23}% 506
\BOOKMARK [1][-]{section.23.12}{\376\377\000I\000s\000o\000l\000a\000t\000i\000o\000n\000\040\000a\000s\000\040\000E\000x\000h\000a\000u\000s\000t\000i\000o\000n}{chapter.23}% 507
\BOOKMARK [1][-]{section.23.13}{\376\377\000T\000h\000e\000\040\000S\000t\000e\000l\000l\000a\000r\000\040\000E\000r\000a\000\040\000a\000s\000\040\000a\000\040\000T\000e\000m\000p\000o\000r\000a\000r\000y\000\040\000N\000e\000t\000w\000o\000r\000k}{chapter.23}% 508
\BOOKMARK [1][-]{section.23.14}{\376\377\000E\000n\000t\000r\000o\000p\000y\000\040\000P\000r\000o\000d\000u\000c\000t\000i\000o\000n\000\040\000D\000u\000r\000i\000n\000g\000\040\000E\000x\000h\000a\000u\000s\000t\000i\000o\000n}{chapter.23}% 509
\BOOKMARK [1][-]{section.23.15}{\376\377\000N\000o\000\040\000S\000u\000d\000d\000e\000n\000\040\000B\000e\000g\000i\000n\000n\000i\000n\000g\000\040\000o\000f\000\040\000H\000e\000a\000t\000\040\000D\000e\000a\000t\000h}{chapter.23}% 510
\BOOKMARK [1][-]{section.23.16}{\376\377\000T\000h\000e\000\040\000L\000a\000s\000t\000\040\000S\000t\000a\000r\000s\000\040\000A\000r\000e\000\040\000N\000o\000t\000\040\000t\000h\000e\000\040\000L\000a\000s\000t\000\040\000S\000t\000r\000u\000c\000t\000u\000r\000e\000s}{chapter.23}% 511
\BOOKMARK [1][-]{section.23.17}{\376\377\000F\000r\000o\000m\000\040\000S\000t\000e\000l\000l\000a\000r\000\040\000E\000x\000h\000a\000u\000s\000t\000i\000o\000n\000\040\000t\000o\000\040\000t\000h\000e\000\040\000L\000a\000s\000t\000\040\000K\000n\000o\000t\000s}{chapter.23}% 512
\BOOKMARK [0][-]{chapter.24}{\376\377\000B\000l\000a\000c\000k\000\040\000H\000o\000l\000e\000s\000\040\000a\000s\000\040\000t\000h\000e\000\040\000L\000a\000s\000t\000\040\000K\000n\000o\000t\000s}{part.5}% 513
\BOOKMARK [1][-]{section.24.1}{\376\377\000S\000u\000r\000v\000i\000v\000a\000l\000\040\000b\000y\000\040\000M\000i\000g\000r\000a\000t\000i\000o\000n\000\040\000I\000s\000\040\000N\000o\000t\000\040\000I\000n\000d\000e\000f\000i\000n\000i\000t\000e\000\040\000P\000e\000r\000s\000i\000s\000t\000e\000n\000c\000e}{chapter.24}% 514
\BOOKMARK [1][-]{section.24.2}{\376\377\000T\000h\000e\000\040\000D\000e\000e\000p\000\040\000F\000u\000t\000u\000r\000e\000\040\000B\000e\000g\000i\000n\000s\000\040\000A\000f\000t\000e\000r\000\040\000t\000h\000e\000\040\000F\000a\000m\000i\000l\000i\000a\000r\000\040\000U\000n\000i\000v\000e\000r\000s\000e}{chapter.24}% 515
\BOOKMARK [1][-]{section.24.3}{\376\377\000B\000l\000a\000c\000k\000\040\000H\000o\000l\000e\000s\000\040\000a\000s\000\040\000E\000x\000t\000r\000e\000m\000e\000\040\000L\000o\000c\000a\000l\000i\000z\000a\000t\000i\000o\000n}{chapter.24}% 516
\BOOKMARK [1][-]{section.24.4}{\376\377\000C\000o\000u\000l\000d\000\040\000O\000r\000g\000a\000n\000i\000z\000a\000t\000i\000o\000n\000\040\000R\000e\000t\000r\000e\000a\000t\000\040\000i\000n\000t\000o\000\040\000B\000l\000a\000c\000k\000\040\000H\000o\000l\000e\000s\000?}{chapter.24}% 517
\BOOKMARK [1][-]{section.24.5}{\376\377\000T\000h\000e\000\040\000E\000x\000t\000e\000r\000i\000o\000r\000\040\000E\000v\000e\000n\000t\000u\000a\000l\000l\000y\000\040\000B\000e\000c\000o\000m\000e\000s\000\040\000C\000o\000l\000d\000e\000r}{chapter.24}% 518
\BOOKMARK [1][-]{section.24.6}{\376\377\000P\000o\000s\000t\000p\000o\000n\000e\000m\000e\000n\000t\000\040\000I\000s\000\040\000N\000o\000t\000\040\000E\000s\000c\000a\000p\000e}{chapter.24}% 519
\BOOKMARK [1][-]{section.24.7}{\376\377\000T\000h\000e\000\040\000B\000o\000u\000n\000d\000a\000r\000y\000\040\000C\000o\000n\000d\000i\000t\000i\000o\000n\000\040\000f\000o\000r\000\040\000O\000r\000g\000a\000n\000i\000z\000e\000d\000\040\000S\000t\000r\000u\000c\000t\000u\000r\000e}{chapter.24}% 520
\BOOKMARK [1][-]{section.24.8}{\376\377\000T\000h\000e\000\040\000L\000a\000s\000t\000\040\000Q\000u\000e\000s\000t\000i\000o\000n\000\040\000I\000s\000\040\000a\000\040\000P\000h\000y\000s\000i\000c\000a\000l\000\040\000Q\000u\000e\000s\000t\000i\000o\000n}{chapter.24}% 521
\BOOKMARK [1][-]{section.24.9}{\376\377\000N\000o\000\040\000O\000b\000j\000e\000c\000t\000\040\000N\000e\000e\000d\000s\000\040\000t\000o\000\040\000S\000u\000r\000v\000i\000v\000e\000\040\000t\000h\000e\000\040\000B\000o\000u\000n\000d\000a\000r\000y}{chapter.24}% 522
\BOOKMARK [1][-]{section.24.10}{\376\377\000F\000r\000o\000m\000\040\000E\000v\000a\000p\000o\000r\000a\000t\000i\000o\000n\000\040\000t\000o\000\040\000I\000n\000s\000t\000a\000b\000i\000l\000i\000t\000y}{chapter.24}% 523
\BOOKMARK [1][-]{section.24.11}{\376\377\000L\000a\000m\000p\000h\000r\000o\000d\000y\000n\000a\000m\000i\000c\000\040\000R\000e\000d\000i\000f\000f\000e\000r\000e\000n\000t\000i\000a\000t\000i\000o\000n}{chapter.24}% 524
\BOOKMARK [1][-]{section.24.12}{\376\377\000T\000h\000e\000\040\000T\000h\000r\000e\000e\000\040\000G\000a\000t\000e\000s\000\040\000R\000e\000m\000a\000i\000n}{chapter.24}% 525
\BOOKMARK [1][-]{section.24.13}{\376\377\000T\000h\000e\000\040\000L\000a\000s\000t\000\040\000K\000n\000o\000t\000s\000\040\000A\000r\000e\000\040\000N\000o\000t\000\040\000t\000h\000e\000\040\000N\000e\000x\000t\000\040\000B\000e\000g\000i\000n\000n\000i\000n\000g}{chapter.24}% 526
\BOOKMARK [1][-]{section.24.14}{\376\377\000A\000\040\000U\000n\000i\000v\000e\000r\000s\000e\000\040\000B\000e\000y\000o\000n\000d\000\040\000E\000n\000g\000i\000n\000e\000e\000r\000i\000n\000g}{chapter.24}% 527
\BOOKMARK [1][-]{section.24.15}{\376\377\000T\000h\000e\000\040\000R\000e\000v\000e\000r\000s\000a\000l\000\040\000o\000f\000\040\000t\000h\000e\000\040\000Q\000u\000e\000s\000t\000i\000o\000n}{chapter.24}% 528
\BOOKMARK [0][-]{chapter.25}{\376\377\000H\000a\000w\000k\000i\000n\000g\000\040\000E\000v\000a\000p\000o\000r\000a\000t\000i\000o\000n}{part.5}% 529
\BOOKMARK [1][-]{section.25.1}{\376\377\000A\000\040\000H\000o\000r\000i\000z\000o\000n\000\040\000H\000a\000s\000\040\000a\000\040\000T\000e\000m\000p\000e\000r\000a\000t\000u\000r\000e}{chapter.25}% 530
\BOOKMARK [1][-]{section.25.2}{\376\377\000C\000o\000o\000l\000i\000n\000g\000\040\000t\000h\000e\000\040\000E\000x\000t\000e\000r\000i\000o\000r}{chapter.25}% 531
\BOOKMARK [1][-]{section.25.3}{\376\377\000N\000e\000g\000a\000t\000i\000v\000e\000\040\000H\000e\000a\000t\000\040\000C\000a\000p\000a\000c\000i\000t\000y}{chapter.25}% 532
\BOOKMARK [1][-]{section.25.4}{\376\377\000T\000h\000e\000\040\000E\000v\000a\000p\000o\000r\000a\000t\000i\000o\000n\000\040\000L\000a\000w}{chapter.25}% 533
\BOOKMARK [1][-]{section.25.5}{\376\377\000T\000h\000e\000\040\000U\000n\000i\000v\000e\000r\000s\000e\000\040\000A\000f\000t\000e\000r\000\040\000T\000r\000i\000l\000l\000i\000o\000n\000s\000\040\000o\000f\000\040\000Y\000e\000a\000r\000s}{chapter.25}% 534
\BOOKMARK [1][-]{section.25.6}{\376\377\000L\000o\000c\000a\000l\000i\000z\000a\000t\000i\000o\000n\000\040\000D\000o\000e\000s\000\040\000N\000o\000t\000\040\000D\000e\000c\000r\000e\000a\000s\000e\000\040\000M\000o\000n\000o\000t\000o\000n\000i\000c\000a\000l\000l\000y}{chapter.25}% 535
\BOOKMARK [1][-]{section.25.7}{\376\377\000T\000h\000e\000\040\000H\000o\000r\000i\000z\000o\000n\000-\000E\000n\000t\000r\000o\000p\000y\000\040\000P\000h\000a\000s\000e\000\040\000T\000r\000a\000n\000s\000i\000t\000i\000o\000n}{chapter.25}% 536
\BOOKMARK [1][-]{section.25.8}{\376\377\000M\000e\000r\000g\000e\000r\000s\000\040\000D\000e\000l\000a\000y\000\040\000t\000h\000e\000\040\000E\000n\000d}{chapter.25}% 537
\BOOKMARK [1][-]{section.25.9}{\376\377\000M\000e\000r\000g\000e\000r\000,\000\040\000E\000v\000a\000p\000o\000r\000a\000t\000i\000o\000n\000,\000\040\000a\000n\000d\000\040\000A\000c\000c\000e\000s\000s\000i\000b\000i\000l\000i\000t\000y}{chapter.25}% 538
\BOOKMARK [1][-]{section.25.10}{\376\377\000E\000v\000a\000p\000o\000r\000a\000t\000i\000o\000n\000\040\000a\000s\000\040\000D\000e\000l\000o\000c\000a\000l\000i\000z\000a\000t\000i\000o\000n}{chapter.25}% 539
\BOOKMARK [1][-]{section.25.11}{\376\377\000I\000n\000f\000o\000r\000m\000a\000t\000i\000o\000n\000\040\000I\000s\000\040\000t\000h\000e\000\040\000H\000a\000r\000d\000e\000r\000\040\000P\000r\000o\000b\000l\000e\000m}{chapter.25}% 540
\BOOKMARK [1][-]{section.25.12}{\376\377\000T\000h\000e\000\040\000P\000e\000r\000s\000i\000s\000t\000e\000n\000c\000e\000\040\000P\000o\000s\000t\000u\000l\000a\000t\000e\000\040\000M\000e\000e\000t\000s\000\040\000I\000t\000s\000\040\000S\000t\000r\000o\000n\000g\000e\000s\000t\000\040\000T\000e\000s\000t}{chapter.25}% 541
\BOOKMARK [1][-]{section.25.13}{\376\377\000W\000h\000y\000\040\000T\000h\000i\000s\000\040\000D\000o\000e\000s\000\040\000N\000o\000t\000\040\000S\000t\000o\000p\000\040\000t\000h\000e\000\040\000S\000m\000o\000o\000t\000h\000i\000n\000g\000\040\000A\000r\000g\000u\000m\000e\000n\000t}{chapter.25}% 542
\BOOKMARK [1][-]{section.25.14}{\376\377\000R\000a\000d\000i\000a\000t\000i\000o\000n\000\040\000C\000a\000n\000\040\000R\000e\000m\000e\000m\000b\000e\000r\000\040\000W\000h\000a\000t\000\040\000S\000t\000r\000u\000c\000t\000u\000r\000e\000\040\000C\000a\000n\000n\000o\000t}{chapter.25}% 543
\BOOKMARK [1][-]{section.25.15}{\376\377\000T\000h\000e\000\040\000L\000a\000s\000t\000\040\000R\000a\000d\000i\000a\000t\000i\000o\000n\000\040\000B\000a\000t\000h}{chapter.25}% 544
\BOOKMARK [1][-]{section.25.16}{\376\377\000E\000v\000a\000p\000o\000r\000a\000t\000i\000o\000n\000\040\000D\000o\000e\000s\000\040\000N\000o\000t\000\040\000P\000r\000o\000d\000u\000c\000e\000\040\000N\000o\000t\000h\000i\000n\000g}{chapter.25}% 545
\BOOKMARK [1][-]{section.25.17}{\376\377\000N\000o\000\040\000K\000n\000o\000w\000n\000\040\000P\000e\000r\000m\000a\000n\000e\000n\000t\000\040\000K\000n\000o\000t}{chapter.25}% 546
\BOOKMARK [1][-]{section.25.18}{\376\377\000F\000r\000o\000m\000\040\000t\000h\000e\000\040\000L\000a\000s\000t\000\040\000B\000l\000a\000c\000k\000\040\000H\000o\000l\000e\000\040\000t\000o\000\040\000t\000h\000e\000\040\000L\000a\000s\000t\000\040\000G\000r\000a\000d\000i\000e\000n\000t}{chapter.25}% 547
\BOOKMARK [1][-]{section.25.19}{\376\377\000T\000h\000e\000\040\000E\000n\000d\000\040\000o\000f\000\040\000t\000h\000e\000\040\000B\000l\000a\000c\000k\000-\000H\000o\000l\000e\000\040\000E\000r\000a}{chapter.25}% 548
\BOOKMARK [0][-]{chapter.26}{\376\377\000T\000h\000e\000\040\000L\000a\000s\000t\000\040\000G\000r\000a\000d\000i\000e\000n\000t}{part.5}% 549
\BOOKMARK [1][-]{section.26.1}{\376\377\000E\000n\000e\000r\000g\000y\000\040\000I\000s\000\040\000N\000o\000t\000\040\000t\000h\000e\000\040\000R\000e\000s\000o\000u\000r\000c\000e}{chapter.26}% 550
\BOOKMARK [1][-]{section.26.2}{\376\377\000A\000\040\000G\000e\000n\000e\000r\000a\000l\000i\000z\000e\000d\000\040\000G\000r\000a\000d\000i\000e\000n\000t}{chapter.26}% 551
\BOOKMARK [1][-]{section.26.3}{\376\377\000E\000x\000e\000r\000g\000y\000\040\000a\000n\000d\000\040\000t\000h\000e\000\040\000E\000n\000v\000i\000r\000o\000n\000m\000e\000n\000t}{chapter.26}% 552
\BOOKMARK [1][-]{section.26.4}{\376\377\000T\000h\000e\000\040\000R\000e\000s\000o\000u\000r\000c\000e\000\040\000L\000a\000d\000d\000e\000r}{chapter.26}% 553
\BOOKMARK [1][-]{section.26.5}{\376\377\000W\000h\000y\000\040\000M\000o\000v\000i\000n\000g\000\040\000D\000o\000e\000s\000\040\000N\000o\000t\000\040\000S\000o\000l\000v\000e\000\040\000E\000x\000h\000a\000u\000s\000t\000i\000o\000n}{chapter.26}% 554
\BOOKMARK [1][-]{section.26.6}{\376\377\000T\000h\000e\000\040\000E\000a\000r\000t\000h\000\040\000a\000s\000\040\000S\000t\000o\000r\000e\000d\000\040\000G\000r\000a\000v\000i\000t\000a\000t\000i\000o\000n\000a\000l\000\040\000H\000i\000s\000t\000o\000r\000y}{chapter.26}% 555
\BOOKMARK [1][-]{section.26.7}{\376\377\000S\000t\000o\000r\000e\000d\000\040\000D\000i\000f\000f\000e\000r\000e\000n\000c\000e\000\040\000E\000v\000e\000n\000t\000u\000a\000l\000l\000y\000\040\000L\000e\000a\000k\000s}{chapter.26}% 556
\BOOKMARK [1][-]{section.26.8}{\376\377\000C\000o\000u\000l\000d\000\040\000T\000e\000c\000h\000n\000o\000l\000o\000g\000y\000\040\000C\000l\000i\000m\000b\000\040\000t\000h\000e\000\040\000L\000a\000d\000d\000e\000r\000\040\000F\000o\000r\000e\000v\000e\000r\000?}{chapter.26}% 557
\BOOKMARK [1][-]{section.26.9}{\376\377\000E\000v\000e\000n\000\040\000a\000\040\000B\000l\000a\000c\000k\000-\000H\000o\000l\000e\000\040\000S\000u\000b\000s\000t\000r\000a\000t\000e\000\040\000H\000a\000s\000\040\000a\000n\000\040\000E\000x\000t\000e\000r\000i\000o\000r}{chapter.26}% 558
\BOOKMARK [1][-]{section.26.10}{\376\377\000T\000h\000e\000\040\000D\000i\000f\000f\000e\000r\000e\000n\000c\000e\000\040\000B\000e\000t\000w\000e\000e\000n\000\040\000L\000o\000n\000g\000\040\000a\000n\000d\000\040\000I\000n\000f\000i\000n\000i\000t\000e}{chapter.26}% 559
\BOOKMARK [1][-]{section.26.11}{\376\377\000W\000h\000y\000\040\000T\000h\000e\000\040\000L\000a\000s\000t\000\040\000Q\000u\000e\000s\000t\000i\000o\000n\000\040\000I\000s\000\040\000S\000t\000i\000l\000l\000\040\000F\000i\000c\000t\000i\000o\000n}{chapter.26}% 560
\BOOKMARK [1][-]{section.26.12}{\376\377\000T\000h\000e\000\040\000L\000a\000s\000t\000\040\000G\000r\000a\000d\000i\000e\000n\000t\000\040\000I\000s\000\040\000N\000o\000t\000\040\000N\000e\000c\000e\000s\000s\000a\000r\000i\000l\000y\000\040\000L\000o\000c\000a\000l}{chapter.26}% 561
\BOOKMARK [1][-]{section.26.13}{\376\377\000A\000\040\000R\000e\000a\000c\000h\000a\000b\000i\000l\000i\000t\000y\000\040\000D\000e\000f\000i\000n\000i\000t\000i\000o\000n\000\040\000o\000f\000\040\000E\000x\000h\000a\000u\000s\000t\000i\000o\000n}{chapter.26}% 562
\BOOKMARK [1][-]{section.26.14}{\376\377\000D\000i\000s\000t\000i\000n\000c\000t\000i\000o\000n\000\040\000W\000i\000t\000h\000o\000u\000t\000\040\000E\000x\000p\000l\000o\000i\000t\000a\000b\000i\000l\000i\000t\000y}{chapter.26}% 563
\BOOKMARK [1][-]{section.26.15}{\376\377\000T\000h\000e\000\040\000A\000p\000p\000r\000o\000a\000c\000h\000\040\000t\000o\000\040\000t\000h\000e\000\040\000B\000o\000u\000n\000d\000a\000r\000y}{chapter.26}% 564
\BOOKMARK [1][-]{section.26.16}{\376\377\000T\000h\000e\000\040\000T\000e\000m\000p\000t\000a\000t\000i\000o\000n\000\040\000t\000o\000\040\000D\000e\000c\000l\000a\000r\000e\000\040\000t\000h\000e\000\040\000S\000t\000o\000r\000y\000\040\000F\000i\000n\000i\000s\000h\000e\000d}{chapter.26}% 565
\BOOKMARK [1][-]{section.26.17}{\376\377\000L\000o\000c\000a\000l\000\040\000E\000q\000u\000i\000l\000i\000b\000r\000i\000u\000m\000\040\000D\000o\000e\000s\000\040\000N\000o\000t\000\040\000G\000u\000a\000r\000a\000n\000t\000e\000e\000\040\000G\000l\000o\000b\000a\000l\000\040\000S\000t\000a\000b\000i\000l\000i\000t\000y}{chapter.26}% 566
\BOOKMARK [1][-]{section.26.18}{\376\377\000T\000h\000e\000\040\000F\000r\000a\000c\000t\000u\000r\000e\000\040\000A\000n\000a\000l\000o\000g\000y}{chapter.26}% 567
\BOOKMARK [1][-]{section.26.19}{\376\377\000L\000a\000m\000p\000h\000r\000o\000d\000y\000n\000a\000m\000i\000c\000\040\000I\000n\000t\000e\000r\000p\000r\000e\000t\000a\000t\000i\000o\000n}{chapter.26}% 568
\BOOKMARK [1][-]{section.26.20}{\376\377\000T\000h\000e\000\040\000T\000h\000r\000e\000e\000\040\000G\000a\000t\000e\000s\000\040\000A\000p\000p\000e\000a\000r}{chapter.26}% 569
\BOOKMARK [1][-]{section.26.21}{\376\377\000T\000w\000o\000\040\000W\000a\000y\000s\000\040\000t\000h\000e\000\040\000B\000o\000u\000n\000d\000a\000r\000y\000\040\000C\000a\000n\000\040\000F\000a\000i\000l}{chapter.26}% 570
\BOOKMARK [1][-]{section.26.22}{\376\377\000W\000h\000y\000\040\000t\000h\000e\000\040\000L\000a\000s\000t\000\040\000G\000r\000a\000d\000i\000e\000n\000t\000\040\000M\000a\000t\000t\000e\000r\000s\000\040\000t\000o\000\040\000R\000e\000k\000n\000o\000t\000t\000i\000n\000g}{chapter.26}% 571
\BOOKMARK [1][-]{section.26.23}{\376\377\000N\000o\000t\000\040\000a\000\040\000V\000a\000c\000u\000u\000m\000\040\000F\000l\000u\000c\000t\000u\000a\000t\000i\000o\000n\000\040\000S\000t\000o\000r\000y}{chapter.26}% 572
\BOOKMARK [1][-]{section.26.24}{\376\377\000N\000o\000\040\000R\000e\000s\000c\000u\000e\000\040\000b\000y\000\040\000M\000e\000t\000a\000p\000h\000o\000r}{chapter.26}% 573
\BOOKMARK [1][-]{section.26.25}{\376\377\000T\000h\000e\000\040\000L\000a\000s\000t\000\040\000I\000n\000h\000e\000r\000i\000t\000e\000d\000\040\000D\000i\000f\000f\000e\000r\000e\000n\000c\000e}{chapter.26}% 574
\BOOKMARK [1][-]{section.26.26}{\376\377\000A\000\040\000B\000o\000u\000n\000d\000a\000r\000y\000,\000\040\000N\000o\000t\000\040\000Y\000e\000t\000\040\000a\000\040\000B\000e\000g\000i\000n\000n\000i\000n\000g}{chapter.26}% 575
\BOOKMARK [0][-]{chapter.27}{\376\377\000R\000u\000n\000a\000w\000a\000y\000\040\000S\000m\000o\000o\000t\000h\000n\000e\000s\000s}{part.5}% 576
\BOOKMARK [1][-]{section.27.1}{\376\377\000S\000m\000o\000o\000t\000h\000i\000n\000g\000\040\000a\000s\000\040\000a\000\040\000D\000y\000n\000a\000m\000i\000c\000a\000l\000\040\000R\000e\000g\000i\000m\000e}{chapter.27}% 577
\BOOKMARK [1][-]{section.27.2}{\376\377\000F\000o\000r\000m\000a\000t\000i\000o\000n\000\040\000a\000n\000d\000\040\000D\000e\000s\000t\000r\000u\000c\000t\000i\000o\000n\000\040\000C\000o\000e\000x\000i\000s\000t}{chapter.27}% 578
\BOOKMARK [1][-]{section.27.3}{\376\377\000T\000h\000e\000\040\000T\000u\000r\000n\000o\000v\000e\000r\000\040\000S\000u\000r\000f\000a\000c\000e}{chapter.27}% 579
\BOOKMARK [1][-]{section.27.4}{\376\377\000W\000h\000y\000\040\000T\000h\000e\000r\000e\000\040\000I\000s\000\040\000N\000o\000\040\000S\000i\000n\000g\000l\000e\000\040\000C\000o\000s\000m\000i\000c\000\040\000T\000u\000r\000n\000o\000v\000e\000r}{chapter.27}% 580
\BOOKMARK [1][-]{section.27.5}{\376\377\000R\000u\000n\000a\000w\000a\000y\000\040\000D\000o\000e\000s\000\040\000N\000o\000t\000\040\000M\000e\000a\000n\000\040\000M\000o\000n\000o\000t\000o\000n\000i\000c}{chapter.27}% 581
\BOOKMARK [1][-]{section.27.6}{\376\377\000T\000h\000e\000\040\000E\000x\000p\000a\000n\000s\000i\000o\000n\000\040\000o\000f\000\040\000t\000h\000e\000\040\000S\000m\000o\000o\000t\000h\000i\000n\000g\000\040\000D\000o\000m\000a\000i\000n}{chapter.27}% 582
\BOOKMARK [1][-]{section.27.7}{\376\377\000T\000h\000e\000\040\000S\000h\000r\000i\000n\000k\000i\000n\000g\000\040\000I\000n\000v\000e\000n\000t\000o\000r\000y\000\040\000o\000f\000\040\000G\000r\000a\000d\000i\000e\000n\000t\000\040\000E\000n\000g\000i\000n\000e\000s}{chapter.27}% 583
\BOOKMARK [1][-]{section.27.8}{\376\377\000T\000h\000e\000\040\000T\000i\000m\000e\000s\000c\000a\000l\000e\000\040\000L\000a\000d\000d\000e\000r}{chapter.27}% 584
\BOOKMARK [1][-]{section.27.9}{\376\377\000S\000u\000r\000v\000i\000v\000a\000l\000\040\000T\000h\000r\000o\000u\000g\000h\000\040\000R\000e\000d\000i\000s\000t\000r\000i\000b\000u\000t\000i\000o\000n}{chapter.27}% 585
\BOOKMARK [1][-]{section.27.10}{\376\377\000P\000e\000r\000s\000i\000s\000t\000e\000n\000c\000e\000\040\000I\000s\000\040\000N\000o\000t\000\040\000I\000m\000m\000o\000r\000t\000a\000l\000i\000t\000y}{chapter.27}% 586
\BOOKMARK [1][-]{section.27.11}{\376\377\000T\000h\000e\000\040\000C\000o\000s\000t\000\040\000o\000f\000\040\000M\000a\000i\000n\000t\000a\000i\000n\000i\000n\000g\000\040\000a\000\040\000B\000o\000u\000n\000d\000a\000r\000y}{chapter.27}% 587
\BOOKMARK [1][-]{section.27.12}{\376\377\000B\000l\000a\000c\000k\000\040\000H\000o\000l\000e\000s\000\040\000a\000t\000\040\000t\000h\000e\000\040\000E\000d\000g\000e\000\040\000o\000f\000\040\000t\000h\000e\000\040\000A\000r\000g\000u\000m\000e\000n\000t}{chapter.27}% 588
\BOOKMARK [1][-]{section.27.13}{\376\377\000T\000h\000e\000\040\000W\000e\000y\000l\000-\000C\000u\000r\000v\000a\000t\000u\000r\000e\000\040\000T\000r\000a\000p}{chapter.27}% 589
\BOOKMARK [1][-]{section.27.14}{\376\377\000B\000l\000a\000c\000k\000-\000H\000o\000l\000e\000\040\000F\000o\000r\000m\000a\000t\000i\000o\000n\000\040\000a\000s\000\040\000a\000\040\000P\000h\000a\000s\000e\000\040\000C\000h\000a\000n\000g\000e\000\040\000i\000n\000\040\000A\000c\000c\000e\000s\000s\000i\000b\000i\000l\000i\000t\000y}{chapter.27}% 590
\BOOKMARK [1][-]{section.27.15}{\376\377\000T\000h\000r\000e\000e\000\040\000L\000a\000t\000e\000-\000T\000i\000m\000e\000\040\000C\000o\000m\000p\000e\000t\000i\000t\000o\000r\000s}{chapter.27}% 591
\BOOKMARK [1][-]{section.27.16}{\376\377\000T\000h\000e\000\040\000A\000c\000c\000e\000s\000s\000i\000b\000i\000l\000i\000t\000y\000\040\000H\000o\000r\000i\000z\000o\000n}{chapter.27}% 592
\BOOKMARK [1][-]{section.27.17}{\376\377\000A\000\040\000U\000n\000i\000v\000e\000r\000s\000e\000\040\000C\000a\000n\000\040\000B\000e\000c\000o\000m\000e\000\040\000S\000i\000m\000p\000l\000e\000r\000\040\000W\000i\000t\000h\000o\000u\000t\000\040\000B\000e\000c\000o\000m\000i\000n\000g\000\040\000E\000m\000p\000t\000y}{chapter.27}% 593
\BOOKMARK [1][-]{section.27.18}{\376\377\000R\000u\000n\000a\000w\000a\000y\000\040\000S\000m\000o\000o\000t\000h\000n\000e\000s\000s\000\040\000a\000n\000d\000\040\000I\000n\000f\000o\000r\000m\000a\000t\000i\000o\000n}{chapter.27}% 594
\BOOKMARK [1][-]{section.27.19}{\376\377\000T\000h\000e\000\040\000P\000e\000r\000s\000i\000s\000t\000e\000n\000c\000e\000\040\000P\000o\000s\000t\000u\000l\000a\000t\000e\000\040\000R\000e\000a\000p\000p\000e\000a\000r\000s}{chapter.27}% 595
\BOOKMARK [1][-]{section.27.20}{\376\377\000T\000h\000e\000\040\000T\000e\000r\000m\000i\000n\000a\000l\000\040\000S\000t\000a\000t\000e\000\040\000a\000s\000\040\000a\000n\000\040\000E\000q\000u\000i\000v\000a\000l\000e\000n\000c\000e\000\040\000C\000l\000a\000s\000s}{chapter.27}% 596
\BOOKMARK [1][-]{section.27.21}{\376\377\000W\000h\000y\000\040\000M\000a\000x\000i\000m\000u\000m\000\040\000E\000n\000t\000r\000o\000p\000y\000\040\000C\000a\000n\000\040\000L\000o\000o\000k\000\040\000S\000i\000m\000p\000l\000e}{chapter.27}% 597
\BOOKMARK [1][-]{section.27.22}{\376\377\000R\000u\000n\000a\000w\000a\000y\000\040\000S\000m\000o\000o\000t\000h\000n\000e\000s\000s\000\040\000a\000s\000\040\000L\000o\000s\000s\000\040\000o\000f\000\040\000H\000i\000s\000t\000o\000r\000i\000c\000a\000l\000\040\000A\000d\000d\000r\000e\000s\000s}{chapter.27}% 598
\BOOKMARK [1][-]{section.27.23}{\376\377\000T\000h\000e\000\040\000S\000m\000o\000o\000t\000h\000\040\000B\000o\000u\000n\000d\000a\000r\000y}{chapter.27}% 599
\BOOKMARK [1][-]{section.27.24}{\376\377\000S\000c\000a\000l\000e\000-\000R\000e\000l\000a\000t\000i\000v\000e\000\040\000S\000m\000o\000o\000t\000h\000n\000e\000s\000s}{chapter.27}% 600
\BOOKMARK [1][-]{section.27.25}{\376\377\000T\000h\000e\000\040\000T\000A\000R\000T\000A\000N\000\040\000P\000r\000e\000v\000i\000e\000w}{chapter.27}% 601
\BOOKMARK [1][-]{section.27.26}{\376\377\000A\000p\000p\000r\000o\000a\000c\000h\000i\000n\000g\000\040\000t\000h\000e\000\040\000T\000e\000r\000m\000i\000n\000a\000l\000\040\000B\000a\000c\000k\000g\000r\000o\000u\000n\000d}{chapter.27}% 602
\BOOKMARK [1][-]{section.27.27}{\376\377\000T\000h\000e\000\040\000S\000t\000a\000b\000i\000l\000i\000t\000y\000\040\000Q\000u\000e\000s\000t\000i\000o\000n\000\040\000C\000a\000n\000n\000o\000t\000\040\000B\000e\000\040\000A\000v\000o\000i\000d\000e\000d}{chapter.27}% 603
\BOOKMARK [1][-]{section.27.28}{\376\377\000T\000h\000e\000\040\000P\000a\000r\000a\000d\000o\000x\000\040\000B\000e\000c\000o\000m\000e\000s\000\040\000S\000h\000a\000r\000p}{chapter.27}% 604
\BOOKMARK [1][-]{section.27.29}{\376\377\000W\000h\000a\000t\000\040\000R\000u\000n\000a\000w\000a\000y\000\040\000S\000m\000o\000o\000t\000h\000n\000e\000s\000s\000\040\000D\000o\000e\000s\000\040\000N\000o\000t\000\040\000C\000l\000a\000i\000m}{chapter.27}% 605
\BOOKMARK [1][-]{section.27.30}{\376\377\000F\000r\000o\000m\000\040\000R\000u\000n\000a\000w\000a\000y\000\040\000t\000o\000\040\000T\000u\000r\000n\000o\000v\000e\000r}{chapter.27}% 606
\BOOKMARK [0][-]{chapter*.3}{\376\377\000I\000n\000t\000e\000r\000l\000u\000d\000e\000:\000\040\000T\000h\000e\000\040\000T\000u\000r\000n\000o\000v\000e\000r\000\040\000o\000f\000\040\000C\000o\000s\000m\000i\000c\000\040\000D\000i\000s\000t\000i\000n\000c\000t\000i\000o\000n}{part.5}% 607
\BOOKMARK [-1][-]{part.6}{\376\377\000V\000I\000\040\000W\000h\000e\000n\000\040\000M\000a\000x\000i\000m\000u\000m\000\040\000E\000n\000t\000r\000o\000p\000y\000\040\000R\000e\000s\000e\000m\000b\000l\000e\000s\000\040\000M\000i\000n\000i\000m\000u\000m\000\040\000E\000n\000t\000r\000o\000p\000y}{}% 608
\BOOKMARK [0][-]{chapter.28}{\376\377\000T\000h\000e\000\040\000C\000r\000y\000s\000t\000a\000l\000\040\000P\000a\000r\000a\000d\000o\000x}{part.6}% 609
\BOOKMARK [1][-]{section.28.1}{\376\377\000T\000h\000e\000\040\000F\000o\000u\000r\000\040\000M\000o\000d\000e\000s\000\040\000o\000f\000\040\000S\000i\000m\000p\000l\000i\000c\000i\000t\000y}{chapter.28}% 610
\BOOKMARK [1][-]{section.28.2}{\376\377\000T\000h\000e\000\040\000C\000r\000y\000s\000t\000a\000l\000\040\000a\000s\000\040\000a\000\040\000C\000o\000n\000c\000e\000p\000t\000u\000a\000l\000\040\000B\000r\000i\000d\000g\000e}{chapter.28}% 611
\BOOKMARK [1][-]{section.28.3}{\376\377\000T\000h\000e\000\040\000O\000b\000s\000o\000l\000e\000t\000i\000o\000n\000\040\000o\000f\000\040\000t\000h\000e\000\040\000M\000i\000c\000r\000o\000s\000c\000o\000p\000i\000c\000\040\000L\000a\000b\000e\000l}{chapter.28}% 612
\BOOKMARK [1][-]{section.28.4}{\376\377\000G\000r\000a\000v\000i\000t\000a\000t\000i\000o\000n\000a\000l\000\040\000E\000n\000t\000r\000o\000p\000y\000\040\000a\000n\000d\000\040\000t\000h\000e\000\040\000F\000a\000l\000l\000a\000c\000y\000\040\000o\000f\000\040\000t\000h\000e\000\040\000M\000o\000n\000o\000t\000o\000n\000i\000c\000\040\000S\000c\000a\000l\000a\000r}{chapter.28}% 613
\BOOKMARK [1][-]{section.28.5}{\376\377\000A\000l\000g\000o\000r\000i\000t\000h\000m\000i\000c\000\040\000C\000o\000m\000p\000r\000e\000s\000s\000i\000o\000n\000\040\000a\000t\000\040\000t\000h\000e\000\040\000T\000e\000r\000m\000i\000n\000a\000l\000\040\000B\000o\000u\000n\000d\000a\000r\000y}{chapter.28}% 614
\BOOKMARK [1][-]{section.28.6}{\376\377\000T\000h\000e\000\040\000D\000u\000a\000l\000-\000S\000m\000o\000o\000t\000h\000n\000e\000s\000s\000\040\000B\000o\000u\000n\000d\000a\000r\000y}{chapter.28}% 615
\BOOKMARK [0][-]{chapter.29}{\376\377\000E\000n\000t\000r\000o\000p\000y\000\040\000W\000i\000t\000h\000o\000u\000t\000\040\000O\000b\000s\000e\000r\000v\000e\000r\000s\000,\000\040\000C\000l\000o\000c\000k\000s\000\040\000o\000r\000\040\000R\000u\000l\000e\000r\000s}{part.6}% 616
\BOOKMARK [1][-]{section.29.1}{\376\377\000T\000h\000e\000\040\000P\000h\000y\000s\000i\000c\000a\000l\000\040\000E\000l\000i\000m\000i\000n\000a\000t\000i\000o\000n\000\040\000o\000f\000\040\000t\000h\000e\000\040\000O\000b\000s\000e\000r\000v\000e\000r}{chapter.29}% 617
\BOOKMARK [1][-]{section.29.2}{\376\377\000C\000l\000o\000c\000k\000l\000e\000s\000s\000\040\000a\000n\000d\000\040\000R\000u\000l\000e\000r\000l\000e\000s\000s\000\040\000T\000h\000e\000r\000m\000o\000d\000y\000n\000a\000m\000i\000c\000s}{chapter.29}% 618
\BOOKMARK [1][-]{section.29.3}{\376\377\000T\000h\000e\000\040\000O\000p\000e\000r\000a\000t\000i\000o\000n\000a\000l\000\040\000E\000q\000u\000i\000v\000a\000l\000e\000n\000c\000e\000\040\000R\000e\000l\000a\000t\000i\000o\000n\000\040\000A}{chapter.29}% 619
\BOOKMARK [1][-]{section.29.4}{\376\377\000T\000h\000e\000\040\000P\000h\000y\000s\000i\000c\000a\000l\000\040\000E\000q\000u\000i\000v\000a\000l\000e\000n\000c\000e\000\040\000D\000e\000r\000i\000v\000a\000t\000i\000o\000n}{chapter.29}% 620
\BOOKMARK [1][-]{section.29.5}{\376\377\000C\000o\000n\000d\000i\000t\000i\000o\000n\000a\000l\000\040\000N\000a\000t\000u\000r\000e\000\040\000o\000f\000\040\000t\000h\000e\000\040\000B\000o\000u\000n\000d\000a\000r\000y}{chapter.29}% 621
\BOOKMARK [0][-]{chapter.30}{\376\377\000T\000h\000e\000\040\000D\000i\000s\000a\000p\000p\000e\000a\000r\000a\000n\000c\000e\000\040\000o\000f\000\040\000S\000c\000a\000l\000e}{part.6}% 622
\BOOKMARK [1][-]{section.30.1}{\376\377\000T\000h\000e\000\040\000P\000h\000y\000s\000i\000c\000a\000l\000\040\000M\000e\000a\000n\000i\000n\000g\000l\000e\000s\000s\000n\000e\000s\000s\000\040\000o\000f\000\040\000U\000n\000r\000e\000f\000e\000r\000e\000n\000c\000e\000d\000\040\000S\000c\000a\000l\000e}{chapter.30}% 623
\BOOKMARK [1][-]{section.30.2}{\376\377\000T\000h\000e\000\040\000D\000i\000l\000a\000t\000i\000o\000n\000a\000l\000\040\000Q\000u\000o\000t\000i\000e\000n\000t\000\040\000S\000p\000a\000c\000e}{chapter.30}% 624
\BOOKMARK [1][-]{section.30.3}{\376\377\000C\000o\000m\000p\000a\000r\000i\000s\000o\000n\000\040\000w\000i\000t\000h\000\040\000B\000a\000r\000b\000o\000u\000r\000'\000s\000\040\000R\000e\000l\000a\000t\000i\000o\000n\000a\000l\000\040\000P\000h\000y\000s\000i\000c\000s}{chapter.30}% 625
\BOOKMARK [1][-]{section.30.4}{\376\377\000C\000o\000n\000f\000o\000r\000m\000a\000l\000\040\000C\000y\000c\000l\000i\000c\000\040\000C\000o\000s\000m\000o\000l\000o\000g\000y\000\040\000v\000s\000.\000\040\000R\000S\000V\000P\000\040\000R\000e\000l\000a\000t\000i\000o\000n\000a\000l\000\040\000S\000c\000a\000l\000e}{chapter.30}% 626
\BOOKMARK [1][-]{section.30.5}{\376\377\000T\000h\000e\000\040\000U\000n\000i\000f\000i\000c\000a\000t\000i\000o\000n\000\040\000o\000f\000\040\000t\000h\000e\000\040\000E\000n\000d\000\040\000a\000n\000d\000\040\000t\000h\000e\000\040\000B\000e\000g\000i\000n\000n\000i\000n\000g}{chapter.30}% 627
\BOOKMARK [0][-]{chapter.31}{\376\377\000H\000e\000a\000t\000\040\000D\000e\000a\000t\000h\000\040\000a\000s\000\040\000B\000o\000u\000n\000d\000a\000r\000y\000\040\000C\000o\000n\000d\000i\000t\000i\000o\000n}{part.6}% 628
\BOOKMARK [1][-]{section.31.1}{\376\377\000R\000e\000i\000n\000t\000e\000r\000p\000r\000e\000t\000i\000n\000g\000\040\000H\000e\000a\000t\000\040\000D\000e\000a\000t\000h}{chapter.31}% 629
\BOOKMARK [1][-]{section.31.2}{\376\377\000T\000h\000e\000\040\000T\000h\000r\000e\000e\000\040\000S\000t\000a\000b\000i\000l\000i\000t\000y\000\040\000R\000e\000g\000i\000m\000e\000s\000\040\000o\000f\000\040\000t\000h\000e\000\040\000T\000e\000r\000m\000i\000n\000a\000l\000\040\000S\000t\000a\000t\000e}{chapter.31}% 630
\BOOKMARK [1][-]{section.31.3}{\376\377\000T\000h\000e\000\040\000C\000r\000i\000t\000i\000c\000a\000l\000\040\000D\000i\000s\000t\000i\000n\000c\000t\000i\000o\000n\000:\000\040\000A\000s\000s\000u\000m\000p\000t\000i\000o\000n\000\040\000v\000s\000.\000\040\000D\000e\000r\000i\000v\000a\000t\000i\000o\000n}{chapter.31}% 631
\BOOKMARK [1][-]{section.31.4}{\376\377\000S\000y\000n\000t\000h\000e\000s\000i\000s\000\040\000o\000f\000\040\000P\000a\000r\000t\000\040\000V\000I\000I}{chapter.31}% 632
\BOOKMARK [-1][-]{part.7}{\376\377\000V\000I\000I\000\040\000R\000e\000c\000u\000r\000r\000e\000n\000c\000e\000\040\000W\000i\000t\000h\000o\000u\000t\000\040\000R\000e\000p\000e\000t\000i\000t\000i\000o\000n}{}% 633
\BOOKMARK [0][-]{chapter.32}{\376\377\000P\000o\000i\000n\000c\000a\000r\000\351\000\040\000R\000e\000c\000u\000r\000r\000e\000n\000c\000e}{part.7}% 634
\BOOKMARK [1][-]{section.32.1}{\376\377\000T\000h\000e\000\040\000T\000h\000e\000o\000r\000e\000m}{chapter.32}% 635
\BOOKMARK [1][-]{section.32.2}{\376\377\000A\000l\000m\000o\000s\000t\000\040\000E\000v\000e\000r\000y\000\040\000P\000o\000i\000n\000t\000\040\000R\000e\000t\000u\000r\000n\000s\000\040\000I\000n\000f\000i\000n\000i\000t\000e\000l\000y\000\040\000O\000f\000t\000e\000n}{chapter.32}% 636
\BOOKMARK [1][-]{section.32.3}{\376\377\000R\000e\000c\000u\000r\000r\000e\000n\000c\000e\000\040\000T\000i\000m\000e\000s\000\040\000C\000a\000n\000\040\000B\000e\000\040\000A\000s\000t\000r\000o\000n\000o\000m\000i\000c\000a\000l\000l\000y\000\040\000L\000o\000n\000g}{chapter.32}% 637
\BOOKMARK [1][-]{section.32.4}{\376\377\000W\000h\000y\000\040\000T\000h\000i\000s\000\040\000D\000o\000e\000s\000\040\000N\000o\000t\000\040\000S\000e\000t\000t\000l\000e\000\040\000C\000o\000s\000m\000o\000l\000o\000g\000i\000c\000a\000l\000\040\000R\000e\000c\000u\000r\000r\000e\000n\000c\000e}{chapter.32}% 638
\BOOKMARK [1][-]{section.32.5}{\376\377\000W\000h\000a\000t\000\040\000P\000o\000i\000n\000c\000a\000r\000\351\000\040\000R\000e\000c\000u\000r\000r\000e\000n\000c\000e\000\040\000W\000o\000u\000l\000d\000\040\000A\000c\000t\000u\000a\000l\000l\000y\000\040\000C\000l\000a\000i\000m}{chapter.32}% 639
\BOOKMARK [1][-]{section.32.6}{\376\377\000E\000r\000g\000o\000d\000i\000c\000i\000t\000y\000\040\000W\000o\000u\000l\000d\000\040\000N\000o\000t\000\040\000R\000e\000s\000c\000u\000e\000\040\000t\000h\000e\000\040\000A\000r\000g\000u\000m\000e\000n\000t\000\040\000E\000i\000t\000h\000e\000r}{chapter.32}% 640
\BOOKMARK [1][-]{section.32.7}{\376\377\000T\000h\000e\000\040\000P\000o\000s\000i\000t\000i\000v\000e\000\040\000L\000e\000s\000s\000o\000n}{chapter.32}% 641
\BOOKMARK [1][-]{section.32.8}{\376\377\000W\000h\000a\000t\000\040\000t\000h\000e\000\040\000N\000e\000x\000t\000\040\000C\000h\000a\000p\000t\000e\000r\000\040\000M\000u\000s\000t\000\040\000D\000o}{chapter.32}% 642
\BOOKMARK [0][-]{chapter.33}{\376\377\000E\000q\000u\000i\000v\000a\000l\000e\000n\000c\000e\000\040\000R\000e\000c\000u\000r\000r\000e\000n\000c\000e}{part.7}% 643
\BOOKMARK [1][-]{section.33.1}{\376\377\000R\000e\000c\000a\000l\000l\000i\000n\000g\000\040\000t\000h\000e\000\040\000T\000a\000r\000g\000e\000t}{chapter.33}% 644
\BOOKMARK [1][-]{section.33.2}{\376\377\000B\000o\000u\000n\000d\000e\000d\000\040\000O\000b\000s\000e\000r\000v\000e\000r\000s\000,\000\040\000F\000i\000x\000e\000d\000\040\000I\000n\000d\000e\000p\000e\000n\000d\000e\000n\000t\000l\000y}{chapter.33}% 645
\BOOKMARK [1][-]{section.33.3}{\376\377\000T\000h\000e\000\040\000D\000e\000f\000i\000n\000i\000t\000i\000o\000n}{chapter.33}% 646
\BOOKMARK [1][-]{section.33.4}{\376\377\000E\000q\000u\000i\000v\000a\000l\000e\000n\000c\000e\000\040\000R\000e\000c\000u\000r\000r\000e\000n\000c\000e\000\040\000I\000s\000\040\000W\000e\000a\000k\000e\000r\000\040\000T\000h\000a\000n\000\040\000S\000t\000a\000t\000e\000\040\000R\000e\000c\000u\000r\000r\000e\000n\000c\000e}{chapter.33}% 647
\BOOKMARK [1][-]{section.33.5}{\376\377\000T\000h\000e\000\040\000V\000a\000c\000u\000o\000u\000s\000\040\000C\000a\000s\000e}{chapter.33}% 648
\BOOKMARK [1][-]{section.33.6}{\376\377\000E\000q\000u\000i\000v\000a\000l\000e\000n\000c\000e\000\040\000R\000e\000c\000u\000r\000r\000e\000n\000c\000e\000\040\000D\000o\000e\000s\000\040\000N\000o\000t\000\040\000R\000e\000q\000u\000i\000r\000e\000\040\000t\000h\000e\000\040\000P\000e\000r\000s\000i\000s\000t\000e\000n\000c\000e\000\040\000P\000o\000s\000t\000u\000l\000a\000t\000e}{chapter.33}% 649
\BOOKMARK [1][-]{section.33.7}{\376\377\000C\000o\000m\000p\000a\000r\000i\000s\000o\000n\000\040\000w\000i\000t\000h\000\040\000D\000a\000t\000a\000-\000P\000r\000o\000c\000e\000s\000s\000i\000n\000g\000\040\000B\000o\000u\000n\000d\000s}{chapter.33}% 650
\BOOKMARK [1][-]{section.33.8}{\376\377\000W\000h\000a\000t\000\040\000E\000q\000u\000i\000v\000a\000l\000e\000n\000c\000e\000\040\000R\000e\000c\000u\000r\000r\000e\000n\000c\000e\000\040\000D\000o\000e\000s\000\040\000N\000o\000t\000\040\000E\000s\000t\000a\000b\000l\000i\000s\000h}{chapter.33}% 651
\BOOKMARK [1][-]{section.33.9}{\376\377\000L\000o\000o\000k\000i\000n\000g\000\040\000A\000h\000e\000a\000d}{chapter.33}% 652
\BOOKMARK [0][-]{chapter.34}{\376\377\000T\000h\000e\000\040\000E\000n\000d\000\040\000B\000e\000c\000o\000m\000e\000s\000\040\000a\000\040\000B\000e\000g\000i\000n\000n\000i\000n\000g}{part.7}% 653
\BOOKMARK [1][-]{section.34.1}{\376\377\000W\000h\000a\000t\000\040\000C\000o\000n\000v\000e\000r\000g\000e\000n\000c\000e\000\040\000o\000f\000\040\000O\000b\000s\000e\000r\000v\000a\000b\000l\000e\000s\000\040\000R\000e\000q\000u\000i\000r\000e\000s}{chapter.34}% 654
\BOOKMARK [1][-]{section.34.2}{\376\377\000T\000h\000e\000\040\000V\000a\000c\000u\000o\000u\000s\000-\000C\000a\000s\000e\000\040\000C\000h\000e\000c\000k\000,\000\040\000A\000p\000p\000l\000i\000e\000d}{chapter.34}% 655
\BOOKMARK [1][-]{section.34.3}{\376\377\000E\000q\000u\000i\000v\000a\000l\000e\000n\000c\000e\000\040\000R\000e\000c\000u\000r\000r\000e\000n\000c\000e\000\040\000A\000l\000o\000n\000e\000\040\000I\000s\000\040\000N\000o\000t\000\040\000E\000n\000o\000u\000g\000h}{chapter.34}% 656
\BOOKMARK [1][-]{section.34.4}{\376\377\000T\000w\000o\000\040\000S\000t\000a\000t\000e\000s\000\040\000T\000h\000a\000t\000\040\000L\000o\000o\000k\000\040\000A\000l\000i\000k\000e\000\040\000f\000o\000r\000\040\000D\000i\000f\000f\000e\000r\000e\000n\000t\000\040\000R\000e\000a\000s\000o\000n\000s}{chapter.34}% 657
\BOOKMARK [1][-]{section.34.5}{\376\377\000W\000h\000a\000t\000\040\000M\000u\000s\000t\000\040\000S\000t\000i\000l\000l\000\040\000B\000e\000\040\000S\000h\000o\000w\000n}{chapter.34}% 658
\BOOKMARK [1][-]{section.34.6}{\376\377\000W\000h\000y\000\040\000t\000h\000e\000\040\000T\000i\000t\000l\000e\000\040\000I\000s\000\040\000S\000t\000i\000l\000l\000\040\000E\000a\000r\000n\000e\000d\000\040\000a\000s\000\040\000a\000\040\000Q\000u\000e\000s\000t\000i\000o\000n}{chapter.34}% 659
\BOOKMARK [1][-]{section.34.7}{\376\377\000F\000r\000o\000m\000\040\000A\000p\000p\000e\000a\000r\000a\000n\000c\000e\000\040\000t\000o\000\040\000M\000e\000c\000h\000a\000n\000i\000s\000m}{chapter.34}% 660
\BOOKMARK [0][-]{chapter.35}{\376\377\000R\000e\000k\000n\000o\000t\000t\000i\000n\000g}{part.7}% 661
\BOOKMARK [1][-]{section.35.1}{\376\377\000T\000w\000o\000\040\000I\000n\000d\000e\000p\000e\000n\000d\000e\000n\000t\000\040\000T\000h\000r\000e\000s\000h\000o\000l\000d\000s}{chapter.35}% 662
\BOOKMARK [1][-]{section.35.2}{\376\377\000F\000o\000u\000r\000\040\000M\000o\000d\000a\000l\000\040\000R\000e\000g\000i\000m\000e\000s}{chapter.35}% 663
\BOOKMARK [1][-]{section.35.3}{\376\377\000T\000w\000o\000\040\000R\000o\000u\000t\000e\000s\000\040\000i\000n\000t\000o\000\040\000t\000h\000e\000\040\000A\000c\000t\000i\000v\000e\000\040\000C\000e\000l\000l}{chapter.35}% 664
\BOOKMARK [1][-]{section.35.4}{\376\377\000R\000e\000c\000u\000r\000s\000i\000v\000e\000\040\000A\000c\000c\000e\000s\000s\000i\000b\000i\000l\000i\000t\000y\000\040\000a\000n\000d\000\040\000T\000A\000R\000T\000A\000N}{chapter.35}% 665
\BOOKMARK [1][-]{section.35.5}{\376\377\000G\000a\000t\000e\000\040\000I\000I\000I\000:\000\040\000N\000o\000n\000l\000i\000n\000e\000a\000r\000\040\000P\000e\000r\000s\000i\000s\000t\000e\000n\000c\000e}{chapter.35}% 666
\BOOKMARK [1][-]{section.35.6}{\376\377\000T\000h\000e\000\040\000F\000u\000l\000l\000\040\000C\000r\000i\000t\000e\000r\000i\000o\000n}{chapter.35}% 667
\BOOKMARK [1][-]{section.35.7}{\376\377\000W\000h\000a\000t\000\040\000t\000h\000e\000\040\000C\000r\000i\000t\000e\000r\000i\000o\000n\000\040\000D\000o\000e\000s\000\040\000N\000o\000t\000\040\000E\000s\000t\000a\000b\000l\000i\000s\000h}{chapter.35}% 668
\BOOKMARK [1][-]{section.35.8}{\376\377\000W\000h\000y\000\040\000t\000h\000e\000\040\000C\000r\000i\000t\000e\000r\000i\000o\000n\000\040\000I\000s\000\040\000S\000t\000i\000l\000l\000\040\000P\000r\000o\000g\000r\000e\000s\000s}{chapter.35}% 669
\BOOKMARK [0][-]{chapter.36}{\376\377\000N\000o\000\040\000F\000i\000r\000s\000t\000\040\000C\000y\000c\000l\000e}{part.7}% 670
\BOOKMARK [1][-]{section.36.1}{\376\377\000W\000h\000a\000t\000\040\000a\000\040\000S\000u\000c\000c\000e\000s\000s\000f\000u\000l\000\040\000R\000e\000k\000n\000o\000t\000t\000i\000n\000g\000\040\000W\000o\000u\000l\000d\000\040\000I\000m\000p\000l\000y}{chapter.36}% 671
\BOOKMARK [1][-]{section.36.2}{\376\377\000W\000h\000y\000\040\000t\000h\000e\000\040\000L\000a\000b\000e\000l\000e\000d\000\040\000I\000n\000d\000e\000x\000\040\000I\000s\000\040\000M\000i\000s\000l\000e\000a\000d\000i\000n\000g}{chapter.36}% 672
\BOOKMARK [1][-]{section.36.3}{\376\377\000T\000h\000i\000s\000\040\000I\000s\000\040\000N\000o\000t\000\040\000a\000\040\000C\000l\000a\000i\000m\000\040\000A\000b\000o\000u\000t\000\040\000I\000n\000f\000i\000n\000i\000t\000e\000\040\000R\000e\000g\000r\000e\000s\000s}{chapter.36}% 673
\BOOKMARK [1][-]{section.36.4}{\376\377\000T\000h\000e\000\040\000P\000a\000s\000t\000\040\000H\000y\000p\000o\000t\000h\000e\000s\000i\000s\000,\000\040\000R\000e\000v\000i\000s\000i\000t\000e\000d}{chapter.36}% 674
\BOOKMARK [1][-]{section.36.5}{\376\377\000C\000o\000s\000m\000i\000c\000\040\000T\000i\000m\000e\000\040\000L\000o\000s\000e\000s\000\040\000I\000t\000s\000\040\000P\000r\000i\000v\000i\000l\000e\000g\000e\000d\000\040\000O\000r\000i\000g\000i\000n}{chapter.36}% 675
\BOOKMARK [1][-]{section.36.6}{\376\377\000W\000h\000a\000t\000\040\000S\000u\000r\000v\000i\000v\000e\000s\000\040\000A\000c\000r\000o\000s\000s\000\040\000t\000h\000e\000\040\000S\000e\000q\000u\000e\000n\000c\000e}{chapter.36}% 676
\BOOKMARK [0][-]{chapter.37}{\376\377\000T\000h\000e\000\040\000A\000r\000r\000o\000w\000\040\000A\000c\000r\000o\000s\000s\000\040\000R\000e\000c\000u\000r\000r\000e\000n\000c\000e}{part.7}% 677
\BOOKMARK [1][-]{section.37.1}{\376\377\000T\000h\000e\000\040\000A\000r\000r\000o\000w\000\040\000W\000i\000t\000h\000i\000n\000\040\000O\000n\000e\000\040\000E\000p\000o\000c\000h}{chapter.37}% 678
\BOOKMARK [1][-]{section.37.2}{\376\377\000D\000o\000e\000s\000\040\000R\000e\000k\000n\000o\000t\000t\000i\000n\000g\000\040\000R\000e\000q\000u\000i\000r\000e\000\040\000E\000n\000t\000r\000o\000p\000y\000\040\000t\000o\000\040\000D\000e\000c\000r\000e\000a\000s\000e\000?}{chapter.37}% 679
\BOOKMARK [1][-]{section.37.3}{\376\377\000T\000h\000e\000\040\000G\000l\000o\000b\000a\000l\000\040\000E\000n\000t\000r\000o\000p\000y\000\040\000Q\000u\000e\000s\000t\000i\000o\000n\000\040\000I\000s\000\040\000N\000o\000t\000\040\000S\000e\000t\000t\000l\000e\000d\000\040\000H\000e\000r\000e}{chapter.37}% 680
\BOOKMARK [1][-]{section.37.4}{\376\377\000W\000h\000a\000t\000\040\000R\000e\000s\000e\000t\000s\000\040\000I\000s\000\040\000A\000c\000c\000e\000s\000s\000i\000b\000i\000l\000i\000t\000y\000,\000\040\000N\000o\000t\000\040\000F\000u\000n\000d\000a\000m\000e\000n\000t\000a\000l\000\040\000E\000n\000t\000r\000o\000p\000y}{chapter.37}% 681
\BOOKMARK [1][-]{section.37.5}{\376\377\000W\000h\000y\000\040\000T\000h\000i\000s\000\040\000I\000s\000\040\000N\000o\000t\000\040\000t\000h\000e\000\040\000B\000o\000l\000t\000z\000m\000a\000n\000n\000-\000B\000r\000a\000i\000n\000\040\000P\000r\000o\000b\000l\000e\000m}{chapter.37}% 682
\BOOKMARK [1][-]{section.37.6}{\376\377\000A\000\040\000C\000a\000v\000e\000a\000t\000\040\000T\000h\000i\000s\000\040\000B\000o\000o\000k\000\040\000D\000o\000e\000s\000\040\000N\000o\000t\000\040\000S\000u\000p\000p\000r\000e\000s\000s}{chapter.37}% 683
\BOOKMARK [1][-]{section.37.7}{\376\377\000S\000u\000m\000m\000a\000r\000y}{chapter.37}% 684
\BOOKMARK [0][-]{chapter.38}{\376\377\000R\000e\000c\000u\000r\000r\000e\000n\000c\000e\000\040\000W\000i\000t\000h\000o\000u\000t\000\040\000R\000e\000p\000e\000t\000i\000t\000i\000o\000n}{part.7}% 685
\BOOKMARK [1][-]{section.38.1}{\376\377\000T\000h\000r\000e\000e\000\040\000M\000e\000a\000n\000i\000n\000g\000s\000\040\000o\000f\000\040\000R\000e\000c\000u\000r\000r\000e\000n\000c\000e}{chapter.38}% 686
\BOOKMARK [1][-]{section.38.2}{\376\377\000R\000e\000c\000u\000r\000r\000e\000n\000c\000e\000\040\000o\000f\000\040\000C\000a\000p\000a\000c\000i\000t\000y}{chapter.38}% 687
\BOOKMARK [1][-]{section.38.3}{\376\377\000T\000h\000e\000\040\000R\000e\000a\000c\000h\000a\000b\000l\000e\000\040\000U\000n\000i\000v\000e\000r\000s\000e\000\040\000I\000s\000\040\000N\000o\000t\000\040\000t\000h\000e\000\040\000P\000o\000s\000s\000i\000b\000l\000e\000\040\000U\000n\000i\000v\000e\000r\000s\000e}{chapter.38}% 688
\BOOKMARK [1][-]{section.38.4}{\376\377\000A\000s\000s\000e\000m\000b\000l\000y\000\040\000D\000e\000p\000t\000h\000\040\000a\000s\000\040\000a\000\040\000C\000o\000s\000m\000o\000l\000o\000g\000i\000c\000a\000l\000\040\000C\000o\000n\000s\000t\000r\000a\000i\000n\000t}{chapter.38}% 689
\BOOKMARK [1][-]{section.38.5}{\376\377\000E\000v\000e\000r\000y\000w\000h\000e\000r\000e\000\040\000H\000a\000s\000\040\000a\000\040\000H\000i\000s\000t\000o\000r\000y}{chapter.38}% 690
\BOOKMARK [1][-]{section.38.6}{\376\377\000T\000h\000e\000\040\000R\000e\000a\000c\000h\000a\000b\000i\000l\000i\000t\000y\000\040\000W\000i\000n\000d\000o\000w}{chapter.38}% 691
\BOOKMARK [1][-]{section.38.7}{\376\377\000W\000h\000y\000\040\000a\000\040\000N\000e\000w\000\040\000E\000p\000o\000c\000h\000\040\000N\000e\000e\000d\000\040\000N\000o\000t\000\040\000R\000e\000s\000e\000m\000b\000l\000e\000\040\000T\000h\000i\000s\000\040\000O\000n\000e}{chapter.38}% 692
\BOOKMARK [1][-]{section.38.8}{\376\377\000N\000o\000\040\000C\000o\000s\000m\000i\000c\000\040\000R\000e\000s\000e\000t\000\040\000B\000u\000t\000t\000o\000n}{chapter.38}% 693
\BOOKMARK [1][-]{section.38.9}{\376\377\000E\000n\000t\000r\000o\000p\000y\000\040\000I\000s\000\040\000N\000o\000t\000\040\000R\000e\000s\000e\000t}{chapter.38}% 694
\BOOKMARK [1][-]{section.38.10}{\376\377\000T\000h\000e\000\040\000U\000n\000i\000v\000e\000r\000s\000e\000\040\000D\000o\000e\000s\000\040\000N\000o\000t\000\040\000N\000e\000e\000d\000\040\000t\000o\000\040\000R\000e\000m\000e\000m\000b\000e\000r}{chapter.38}% 695
\BOOKMARK [1][-]{section.38.11}{\376\377\000R\000e\000c\000u\000r\000r\000e\000n\000c\000e\000\040\000W\000i\000t\000h\000o\000u\000t\000\040\000a\000\040\000P\000r\000i\000v\000i\000l\000e\000g\000e\000d\000\040\000F\000i\000r\000s\000t\000\040\000E\000p\000o\000c\000h}{chapter.38}% 696
\BOOKMARK [1][-]{section.38.12}{\376\377\000A\000\040\000R\000e\000c\000u\000r\000r\000e\000n\000c\000e\000\040\000o\000f\000\040\000R\000u\000l\000e\000s\000\040\000R\000a\000t\000h\000e\000r\000\040\000T\000h\000a\000n\000\040\000E\000v\000e\000n\000t\000s}{chapter.38}% 697
\BOOKMARK [1][-]{section.38.13}{\376\377\000T\000h\000e\000\040\000F\000u\000l\000l\000\040\000D\000i\000s\000t\000i\000n\000c\000t\000i\000o\000n\000\040\000T\000r\000a\000j\000e\000c\000t\000o\000r\000y}{chapter.38}% 698
\BOOKMARK [1][-]{section.38.14}{\376\377\000T\000h\000e\000\040\000C\000o\000n\000d\000i\000t\000i\000o\000n\000a\000l\000\040\000S\000t\000a\000t\000u\000s\000\040\000o\000f\000\040\000C\000o\000n\000t\000i\000n\000u\000a\000t\000i\000o\000n}{chapter.38}% 699
\BOOKMARK [1][-]{section.38.15}{\376\377\000F\000r\000o\000m\000\040\000R\000e\000c\000u\000r\000r\000e\000n\000c\000e\000\040\000t\000o\000\040\000D\000i\000s\000t\000i\000n\000c\000t\000i\000o\000n}{chapter.38}% 700
\BOOKMARK [-1][-]{part.8}{\376\377\000V\000I\000I\000I\000\040\000A\000\040\000C\000o\000s\000m\000o\000l\000o\000g\000y\000\040\000o\000f\000\040\000D\000i\000s\000t\000i\000n\000c\000t\000i\000o\000n}{}% 701
\BOOKMARK [0][-]{chapter.39}{\376\377\000D\000i\000s\000t\000i\000n\000c\000t\000i\000o\000n\000\040\000B\000e\000f\000o\000r\000e\000\040\000S\000u\000b\000s\000t\000a\000n\000c\000e}{part.8}% 702
\BOOKMARK [1][-]{section.39.1}{\376\377\000A\000\040\000D\000i\000f\000f\000e\000r\000e\000n\000c\000e\000\040\000M\000u\000s\000t\000\040\000B\000e\000\040\000P\000h\000y\000s\000i\000c\000a\000l}{chapter.39}% 703
\BOOKMARK [1][-]{section.39.2}{\376\377\000D\000i\000f\000f\000e\000r\000e\000n\000c\000e\000\040\000I\000s\000\040\000R\000e\000l\000a\000t\000i\000o\000n\000a\000l}{chapter.39}% 704
\BOOKMARK [1][-]{section.39.3}{\376\377\000F\000r\000o\000m\000\040\000G\000r\000a\000d\000i\000e\000n\000t\000s\000\040\000t\000o\000\040\000T\000h\000i\000n\000g\000s}{chapter.39}% 705
\BOOKMARK [1][-]{section.39.4}{\376\377\000B\000o\000u\000n\000d\000a\000r\000i\000e\000s\000\040\000A\000r\000e\000\040\000D\000y\000n\000a\000m\000i\000c\000a\000l}{chapter.39}% 706
\BOOKMARK [1][-]{section.39.5}{\376\377\000S\000u\000b\000s\000t\000a\000n\000c\000e\000\040\000a\000s\000\040\000a\000\040\000P\000e\000r\000s\000i\000s\000t\000e\000n\000c\000e\000\040\000C\000l\000a\000s\000s}{chapter.39}% 707
\BOOKMARK [1][-]{section.39.6}{\376\377\000M\000a\000t\000t\000e\000r\000\040\000a\000s\000\040\000E\000x\000c\000e\000p\000t\000i\000o\000n\000a\000l\000l\000y\000\040\000P\000e\000r\000s\000i\000s\000t\000e\000n\000t\000\040\000D\000i\000s\000t\000i\000n\000c\000t\000i\000o\000n}{chapter.39}% 708
\BOOKMARK [1][-]{section.39.7}{\376\377\000D\000i\000s\000t\000i\000n\000c\000t\000i\000o\000n\000\040\000I\000s\000\040\000S\000c\000a\000l\000e\000\040\000D\000e\000p\000e\000n\000d\000e\000n\000t}{chapter.39}% 709
\BOOKMARK [1][-]{section.39.8}{\376\377\000D\000i\000s\000t\000i\000n\000c\000t\000i\000o\000n\000\040\000I\000s\000\040\000A\000l\000s\000o\000\040\000H\000i\000s\000t\000o\000r\000i\000c\000a\000l}{chapter.39}% 710
\BOOKMARK [1][-]{section.39.9}{\376\377\000A\000s\000s\000e\000m\000b\000l\000y\000\040\000I\000n\000d\000e\000x\000\040\000a\000n\000d\000\040\000H\000i\000s\000t\000o\000r\000i\000c\000a\000l\000\040\000C\000o\000n\000s\000t\000r\000a\000i\000n\000t}{chapter.39}% 711
\BOOKMARK [1][-]{section.39.10}{\376\377\000D\000i\000s\000t\000i\000n\000c\000t\000i\000o\000n\000\040\000a\000n\000d\000\040\000I\000n\000f\000o\000r\000m\000a\000t\000i\000o\000n}{chapter.39}% 712
\BOOKMARK [1][-]{section.39.11}{\376\377\000C\000o\000r\000r\000e\000l\000a\000t\000i\000o\000n\000\040\000a\000s\000\040\000D\000i\000s\000t\000i\000n\000c\000t\000i\000o\000n\000\040\000A\000c\000r\000o\000s\000s\000\040\000S\000e\000p\000a\000r\000a\000t\000i\000o\000n}{chapter.39}% 713
\BOOKMARK [1][-]{section.39.12}{\376\377\000T\000h\000e\000\040\000C\000a\000r\000r\000i\000e\000r\000\040\000o\000f\000\040\000a\000\040\000D\000i\000s\000t\000i\000n\000c\000t\000i\000o\000n}{chapter.39}% 714
\BOOKMARK [1][-]{section.39.13}{\376\377\000D\000i\000s\000t\000i\000n\000c\000t\000i\000o\000n\000\040\000C\000a\000n\000\040\000B\000e\000\040\000D\000e\000s\000t\000r\000o\000y\000e\000d}{chapter.39}% 715
\BOOKMARK [1][-]{section.39.14}{\376\377\000T\000h\000e\000\040\000E\000m\000p\000t\000y\000\040\000S\000t\000a\000t\000e\000\040\000I\000s\000\040\000N\000o\000t\000\040\000N\000o\000t\000h\000i\000n\000g}{chapter.39}% 716
\BOOKMARK [1][-]{section.39.15}{\376\377\000D\000i\000s\000t\000i\000n\000c\000t\000i\000o\000n\000\040\000B\000e\000f\000o\000r\000e\000\040\000G\000e\000o\000m\000e\000t\000r\000y}{chapter.39}% 717
\BOOKMARK [1][-]{section.39.16}{\376\377\000D\000i\000s\000t\000i\000n\000c\000t\000i\000o\000n\000\040\000B\000e\000f\000o\000r\000e\000\040\000S\000u\000b\000s\000t\000a\000n\000c\000e\000\040\000I\000s\000\040\000N\000o\000t\000\040\000I\000d\000e\000a\000l\000i\000s\000m}{chapter.39}% 718
\BOOKMARK [1][-]{section.39.17}{\376\377\000N\000o\000r\000\040\000I\000s\000\040\000D\000i\000s\000t\000i\000n\000c\000t\000i\000o\000n\000\040\000a\000\040\000N\000e\000w\000\040\000S\000u\000b\000s\000t\000a\000n\000c\000e}{chapter.39}% 719
\BOOKMARK [1][-]{section.39.18}{\376\377\000T\000h\000e\000\040\000D\000i\000s\000t\000i\000n\000c\000t\000i\000o\000n\000\040\000G\000r\000a\000p\000h}{chapter.39}% 720
\BOOKMARK [1][-]{section.39.19}{\376\377\000F\000r\000o\000m\000\040\000D\000i\000f\000f\000e\000r\000e\000n\000c\000e\000\040\000t\000o\000\040\000O\000r\000g\000a\000n\000i\000z\000a\000t\000i\000o\000n}{chapter.39}% 721
\BOOKMARK [1][-]{section.39.20}{\376\377\000T\000h\000e\000\040\000F\000i\000r\000s\000t\000\040\000A\000p\000p\000e\000a\000r\000a\000n\000c\000e\000\040\000o\000f\000\040\000R\000e\000p\000a\000i\000r}{chapter.39}% 722
\BOOKMARK [1][-]{section.39.21}{\376\377\000C\000o\000s\000m\000o\000l\000o\000g\000i\000c\000a\000l\000\040\000H\000i\000s\000t\000o\000r\000y\000\040\000a\000s\000\040\000t\000h\000e\000\040\000A\000c\000c\000u\000m\000u\000l\000a\000t\000i\000o\000n\000\040\000o\000f\000\040\000D\000i\000s\000t\000i\000n\000c\000t\000i\000o\000n\000s}{chapter.39}% 723
\BOOKMARK [1][-]{section.39.22}{\376\377\000T\000h\000e\000\040\000O\000n\000t\000o\000l\000o\000g\000y\000\040\000o\000f\000\040\000t\000h\000e\000\040\000R\000e\000a\000c\000h\000a\000b\000l\000e}{chapter.39}% 724
\BOOKMARK [1][-]{section.39.23}{\376\377\000W\000h\000a\000t\000\040\000T\000h\000i\000s\000\040\000C\000h\000a\000p\000t\000e\000r\000\040\000H\000a\000s\000\040\000a\000n\000d\000\040\000H\000a\000s\000\040\000N\000o\000t\000\040\000C\000l\000a\000i\000m\000e\000d}{chapter.39}% 725
\BOOKMARK [0][-]{chapter.40}{\376\377\000R\000e\000p\000a\000i\000r\000\040\000a\000n\000d\000\040\000P\000e\000r\000s\000i\000s\000t\000e\000n\000c\000e}{part.8}% 726
\BOOKMARK [1][-]{section.40.1}{\376\377\000P\000e\000r\000s\000i\000s\000t\000e\000n\000c\000e\000\040\000I\000s\000\040\000N\000o\000t\000\040\000S\000t\000a\000t\000e\000\040\000E\000q\000u\000a\000l\000i\000t\000y}{chapter.40}% 727
\BOOKMARK [1][-]{section.40.2}{\376\377\000T\000h\000e\000\040\000P\000e\000r\000s\000i\000s\000t\000e\000n\000c\000e\000\040\000B\000a\000s\000i\000n}{chapter.40}% 728
\BOOKMARK [1][-]{section.40.3}{\376\377\000R\000e\000p\000a\000i\000r\000\040\000a\000s\000\040\000P\000r\000o\000j\000e\000c\000t\000i\000o\000n\000\040\000T\000o\000w\000a\000r\000d\000\040\000a\000n\000\040\000A\000d\000m\000i\000s\000s\000i\000b\000l\000e\000\040\000S\000e\000t}{chapter.40}% 729
\BOOKMARK [1][-]{section.40.4}{\376\377\000P\000a\000s\000s\000i\000v\000e\000\040\000S\000t\000a\000b\000i\000l\000i\000t\000y\000\040\000a\000n\000d\000\040\000A\000c\000t\000i\000v\000e\000\040\000R\000e\000p\000a\000i\000r}{chapter.40}% 730
\BOOKMARK [1][-]{section.40.5}{\376\377\000R\000e\000p\000a\000i\000r\000\040\000N\000e\000e\000d\000\040\000N\000o\000t\000\040\000R\000e\000s\000t\000o\000r\000e\000\040\000t\000h\000e\000\040\000P\000a\000s\000t}{chapter.40}% 731
\BOOKMARK [1][-]{section.40.6}{\376\377\000R\000e\000p\000a\000i\000r\000\040\000P\000r\000e\000s\000e\000r\000v\000e\000s\000\040\000D\000i\000f\000f\000e\000r\000e\000n\000c\000e}{chapter.40}% 732
\BOOKMARK [1][-]{section.40.7}{\376\377\000R\000e\000p\000a\000i\000r\000\040\000R\000e\000q\000u\000i\000r\000e\000s\000\040\000R\000e\000s\000o\000u\000r\000c\000e\000s}{chapter.40}% 733
\BOOKMARK [1][-]{section.40.8}{\376\377\000P\000e\000r\000s\000i\000s\000t\000e\000n\000c\000e\000\040\000a\000n\000d\000\040\000t\000h\000e\000\040\000S\000e\000c\000o\000n\000d\000\040\000L\000a\000w}{chapter.40}% 734
\BOOKMARK [1][-]{section.40.9}{\376\377\000R\000e\000p\000a\000i\000r\000\040\000a\000s\000\040\000a\000\040\000R\000a\000t\000e\000\040\000C\000o\000m\000p\000e\000t\000i\000t\000i\000o\000n}{chapter.40}% 735
\BOOKMARK [1][-]{section.40.10}{\376\377\000P\000e\000r\000s\000i\000s\000t\000e\000n\000c\000e\000\040\000H\000a\000s\000\040\000a\000\040\000T\000i\000m\000e\000s\000c\000a\000l\000e}{chapter.40}% 736
\BOOKMARK [1][-]{section.40.11}{\376\377\000D\000e\000e\000p\000\040\000T\000i\000m\000e\000\040\000C\000h\000a\000n\000g\000e\000s\000\040\000t\000h\000e\000\040\000M\000e\000a\000n\000i\000n\000g\000\040\000o\000f\000\040\000S\000t\000a\000b\000i\000l\000i\000t\000y}{chapter.40}% 737
\BOOKMARK [1][-]{section.40.12}{\376\377\000N\000o\000\040\000M\000a\000t\000e\000r\000i\000a\000l\000\040\000I\000s\000\040\000A\000b\000s\000o\000l\000u\000t\000e\000l\000y\000\040\000D\000u\000r\000a\000b\000l\000e}{chapter.40}% 738
\BOOKMARK [1][-]{section.40.13}{\376\377\000H\000i\000e\000r\000a\000r\000c\000h\000i\000e\000s\000\040\000o\000f\000\040\000R\000e\000p\000a\000i\000r}{chapter.40}% 739
\BOOKMARK [1][-]{section.40.14}{\376\377\000R\000e\000c\000u\000r\000s\000i\000v\000e\000\040\000R\000e\000p\000a\000i\000r}{chapter.40}% 740
\BOOKMARK [1][-]{section.40.15}{\376\377\000R\000e\000c\000u\000r\000s\000i\000v\000e\000\040\000R\000e\000p\000a\000i\000r\000\040\000a\000n\000d\000\040\000I\000d\000e\000n\000t\000i\000t\000y}{chapter.40}% 741
\BOOKMARK [1][-]{section.40.16}{\376\377\000R\000e\000p\000a\000i\000r\000\040\000a\000n\000d\000\040\000M\000e\000m\000o\000r\000y}{chapter.40}% 742
\BOOKMARK [1][-]{section.40.17}{\376\377\000R\000e\000p\000a\000i\000r\000\040\000a\000n\000d\000\040\000E\000r\000r\000o\000r\000\040\000C\000o\000r\000r\000e\000c\000t\000i\000o\000n}{chapter.40}% 743
\BOOKMARK [1][-]{section.40.18}{\376\377\000R\000e\000p\000a\000i\000r\000\040\000W\000a\000r\000r\000a\000n\000t}{chapter.40}% 744
\BOOKMARK [1][-]{section.40.19}{\376\377\000R\000e\000p\000a\000i\000r\000\040\000P\000r\000e\000s\000e\000r\000v\000e\000s\000\040\000R\000e\000a\000c\000h\000a\000b\000i\000l\000i\000t\000y}{chapter.40}% 745
\BOOKMARK [1][-]{section.40.20}{\376\377\000R\000e\000p\000a\000i\000r\000\040\000a\000n\000d\000\040\000A\000s\000s\000e\000m\000b\000l\000y\000\040\000H\000i\000s\000t\000o\000r\000y}{chapter.40}% 746
\BOOKMARK [1][-]{section.40.21}{\376\377\000I\000r\000r\000e\000v\000e\000r\000s\000i\000b\000i\000l\000i\000t\000y\000\040\000a\000n\000d\000\040\000t\000h\000e\000\040\000L\000o\000s\000s\000\040\000o\000f\000\040\000R\000e\000p\000a\000i\000r\000\040\000P\000a\000t\000h\000s}{chapter.40}% 747
\BOOKMARK [1][-]{section.40.22}{\376\377\000C\000o\000s\000m\000o\000l\000o\000g\000i\000c\000a\000l\000\040\000R\000e\000p\000a\000i\000r}{chapter.40}% 748
\BOOKMARK [1][-]{section.40.23}{\376\377\000T\000h\000e\000\040\000T\000h\000r\000e\000e\000\040\000G\000a\000t\000e\000s\000\040\000R\000e\000v\000i\000s\000i\000t\000e\000d}{chapter.40}% 749
\BOOKMARK [1][-]{section.40.24}{\376\377\000R\000e\000p\000a\000i\000r\000\040\000D\000o\000e\000s\000\040\000N\000o\000t\000\040\000I\000m\000p\000l\000y\000\040\000R\000e\000c\000u\000r\000r\000e\000n\000c\000e}{chapter.40}% 750
\BOOKMARK [1][-]{section.40.25}{\376\377\000P\000e\000r\000s\000i\000s\000t\000e\000n\000c\000e\000\040\000W\000i\000t\000h\000o\000u\000t\000\040\000a\000\040\000P\000e\000r\000m\000a\000n\000e\000n\000t\000\040\000S\000u\000b\000s\000t\000r\000a\000t\000e}{chapter.40}% 751
\BOOKMARK [1][-]{section.40.26}{\376\377\000T\000h\000e\000\040\000L\000i\000m\000i\000t\000s\000\040\000o\000f\000\040\000t\000h\000e\000\040\000R\000e\000p\000a\000i\000r\000\040\000C\000o\000n\000c\000e\000p\000t}{chapter.40}% 752
\BOOKMARK [1][-]{section.40.27}{\376\377\000F\000r\000o\000m\000\040\000P\000e\000r\000s\000i\000s\000t\000e\000n\000c\000e\000\040\000t\000o\000\040\000I\000d\000e\000n\000t\000i\000t\000y}{chapter.40}% 753
\BOOKMARK [-1][-]{part.9}{\376\377\000I\000X\000\040\000M\000a\000t\000h\000e\000m\000a\000t\000i\000c\000a\000l\000\040\000D\000e\000v\000e\000l\000o\000p\000m\000e\000n\000t}{}% 754
\BOOKMARK [-1][-]{part.10}{\376\377\000X\000\040\000C\000o\000n\000t\000a\000c\000t\000\040\000w\000i\000t\000h\000\040\000O\000b\000s\000e\000r\000v\000a\000t\000i\000o\000n\000a\000l\000\040\000C\000o\000s\000m\000o\000l\000o\000g\000y}{}% 755
\BOOKMARK [-1][-]{part.11}{\376\377\000X\000I\000\040\000C\000o\000m\000p\000a\000r\000i\000s\000o\000n\000s\000\040\000a\000n\000d\000\040\000P\000r\000e\000c\000e\000d\000e\000n\000t\000s}{}% 756
\BOOKMARK [-1][-]{part.12}{\376\377\000X\000I\000I\000\040\000C\000o\000n\000s\000e\000q\000u\000e\000n\000c\000e\000s}{}% 757
\BOOKMARK [-1][-]{part.13}{\376\377\000X\000I\000I\000I\000\040\000L\000i\000m\000i\000t\000s\000,\000\040\000T\000e\000s\000t\000s\000,\000\040\000a\000n\000d\000\040\000O\000p\000e\000n\000\040\000P\000r\000o\000b\000l\000e\000m\000s}{}% 758
