This is XeTeX, Version 3.141592653-2.6-0.999995 (TeX Live 2023/Debian) (preloaded format=xelatex 2026.7.24)  29 SEP 2026 19:04
entering extended mode
 restricted \write18 enabled.
 %&-line parsing enabled.
**smoothness-paradox.tex
(./smoothness-paradox.tex
LaTeX2e <2023-11-01> patch level 1
L3 programming layer <2024-01-22>
(/usr/share/texlive/texmf-dist/tex/latex/base/book.cls
Document Class: book 2023/05/17 v1.4n Standard LaTeX document class
(/usr/share/texlive/texmf-dist/tex/latex/base/bk11.clo
File: bk11.clo 2023/05/17 v1.4n Standard LaTeX file (size option)
)
\c@part=\count183
\c@chapter=\count184
\c@section=\count185
\c@subsection=\count186
\c@subsubsection=\count187
\c@paragraph=\count188
\c@subparagraph=\count189
\c@figure=\count190
\c@table=\count191
\abovecaptionskip=\skip48
\belowcaptionskip=\skip49
\bibindent=\dimen140
)
(/usr/share/texlive/texmf-dist/tex/latex/fontspec/fontspec.sty
(/usr/share/texlive/texmf-dist/tex/latex/l3packages/xparse/xparse.sty
(/usr/share/texlive/texmf-dist/tex/latex/l3kernel/expl3.sty
Package: expl3 2024-01-22 L3 programming layer (loader) 

(/usr/share/texlive/texmf-dist/tex/latex/l3backend/l3backend-xetex.def
File: l3backend-xetex.def 2024-01-04 L3 backend support: XeTeX
\g__graphics_track_int=\count192
\l__pdf_internal_box=\box51
\g__pdf_backend_object_int=\count193
\g__pdf_backend_annotation_int=\count194
\g__pdf_backend_link_int=\count195
))
Package: xparse 2023-10-10 L3 Experimental document command parser
)
Package: fontspec 2022/01/15 v2.8a Font selection for XeLaTeX and LuaLaTeX

(/usr/share/texlive/texmf-dist/tex/latex/fontspec/fontspec-xetex.sty
Package: fontspec-xetex 2022/01/15 v2.8a Font selection for XeLaTeX and LuaLaTe
X
\l__fontspec_script_int=\count196
\l__fontspec_language_int=\count197
\l__fontspec_strnum_int=\count198
\l__fontspec_tmp_int=\count199
\l__fontspec_tmpa_int=\count266
\l__fontspec_tmpb_int=\count267
\l__fontspec_tmpc_int=\count268
\l__fontspec_em_int=\count269
\l__fontspec_emdef_int=\count270
\l__fontspec_strong_int=\count271
\l__fontspec_strongdef_int=\count272
\l__fontspec_tmpa_dim=\dimen141
\l__fontspec_tmpb_dim=\dimen142
\l__fontspec_tmpc_dim=\dimen143

(/usr/share/texlive/texmf-dist/tex/latex/base/fontenc.sty
Package: fontenc 2021/04/29 v2.0v Standard LaTeX package
)
(/usr/share/texlive/texmf-dist/tex/latex/fontspec/fontspec.cfg)))

Package fontspec Info: Font family 'TeXGyrePagella(0)' created for font 'TeX
(fontspec)             Gyre Pagella' with options [Ligatures=TeX].
(fontspec)              
(fontspec)              This font family consists of the following NFSS
(fontspec)             series/shapes:
(fontspec)              
(fontspec)             - 'normal' (m/n) with NFSS spec.: <->"TeX Gyre
(fontspec)             Pagella/OT:script=latn;language=dflt;mapping=tex-text;"
(fontspec)             - 'small caps'  (m/sc) with NFSS spec.: <->"TeX Gyre
(fontspec)             Pagella/OT:script=latn;language=dflt;+smcp;mapping=tex-t
ext;"
(fontspec)             - 'bold' (b/n) with NFSS spec.: <->"TeX Gyre
(fontspec)             Pagella/B/OT:script=latn;language=dflt;mapping=tex-text;
"
(fontspec)             - 'bold small caps'  (b/sc) with NFSS spec.: <->"TeX
(fontspec)             Gyre
(fontspec)             Pagella/B/OT:script=latn;language=dflt;+smcp;mapping=tex
-text;"
(fontspec)             - 'italic' (m/it) with NFSS spec.: <->"TeX Gyre
(fontspec)             Pagella/I/OT:script=latn;language=dflt;mapping=tex-text;
"
(fontspec)             - 'italic small caps'  (m/scit) with NFSS spec.:
(fontspec)             <->"TeX Gyre
(fontspec)             Pagella/I/OT:script=latn;language=dflt;+smcp;mapping=tex
-text;"
(fontspec)             - 'bold italic' (b/it) with NFSS spec.: <->"TeX Gyre
(fontspec)             Pagella/BI/OT:script=latn;language=dflt;mapping=tex-text
;"
(fontspec)             - 'bold italic small caps'  (b/scit) with NFSS spec.:
(fontspec)             <->"TeX Gyre
(fontspec)             Pagella/BI/OT:script=latn;language=dflt;+smcp;mapping=te
x-text;"


(/usr/share/texlive/texmf-dist/tex/latex/amsmath/amsmath.sty
Package: amsmath 2023/05/13 v2.17o AMS math features
\@mathmargin=\skip50

For additional information on amsmath, use the `?' option.
(/usr/share/texlive/texmf-dist/tex/latex/amsmath/amstext.sty
Package: amstext 2021/08/26 v2.01 AMS text

(/usr/share/texlive/texmf-dist/tex/latex/amsmath/amsgen.sty
File: amsgen.sty 1999/11/30 v2.0 generic functions
\@emptytoks=\toks17
\ex@=\dimen144
))
(/usr/share/texlive/texmf-dist/tex/latex/amsmath/amsbsy.sty
Package: amsbsy 1999/11/29 v1.2d Bold Symbols
\pmbraise@=\dimen145
)
(/usr/share/texlive/texmf-dist/tex/latex/amsmath/amsopn.sty
Package: amsopn 2022/04/08 v2.04 operator names
)
\inf@bad=\count273
LaTeX Info: Redefining \frac on input line 234.
\uproot@=\count274
\leftroot@=\count275
LaTeX Info: Redefining \overline on input line 399.
LaTeX Info: Redefining \colon on input line 410.
\classnum@=\count276
\DOTSCASE@=\count277
LaTeX Info: Redefining \ldots on input line 496.
LaTeX Info: Redefining \dots on input line 499.
LaTeX Info: Redefining \cdots on input line 620.
\Mathstrutbox@=\box52
\strutbox@=\box53
LaTeX Info: Redefining \big on input line 722.
LaTeX Info: Redefining \Big on input line 723.
LaTeX Info: Redefining \bigg on input line 724.
LaTeX Info: Redefining \Bigg on input line 725.
\big@size=\dimen146
LaTeX Font Info:    Redeclaring font encoding OML on input line 743.
LaTeX Font Info:    Redeclaring font encoding OMS on input line 744.
\macc@depth=\count278
LaTeX Info: Redefining \bmod on input line 905.
LaTeX Info: Redefining \pmod on input line 910.
LaTeX Info: Redefining \smash on input line 940.
LaTeX Info: Redefining \relbar on input line 970.
LaTeX Info: Redefining \Relbar on input line 971.
\c@MaxMatrixCols=\count279
\dotsspace@=\muskip16
\c@parentequation=\count280
\dspbrk@lvl=\count281
\tag@help=\toks18
\row@=\count282
\column@=\count283
\maxfields@=\count284
\andhelp@=\toks19
\eqnshift@=\dimen147
\alignsep@=\dimen148
\tagshift@=\dimen149
\tagwidth@=\dimen150
\totwidth@=\dimen151
\lineht@=\dimen152
\@envbody=\toks20
\multlinegap=\skip51
\multlinetaggap=\skip52
\mathdisplay@stack=\toks21
LaTeX Info: Redefining \[ on input line 2953.
LaTeX Info: Redefining \] on input line 2954.
)
(/usr/share/texlive/texmf-dist/tex/latex/amsfonts/amssymb.sty
Package: amssymb 2013/01/14 v3.01 AMS font symbols

(/usr/share/texlive/texmf-dist/tex/latex/amsfonts/amsfonts.sty
Package: amsfonts 2013/01/14 v3.01 Basic AMSFonts support
\symAMSa=\mathgroup4
\symAMSb=\mathgroup5
LaTeX Font Info:    Redeclaring math symbol \hbar on input line 98.
LaTeX Font Info:    Overwriting math alphabet `\mathfrak' in version `bold'
(Font)                  U/euf/m/n --> U/euf/b/n on input line 106.
))
(/usr/share/texlive/texmf-dist/tex/latex/amscls/amsthm.sty
Package: amsthm 2020/05/29 v2.20.6
\thm@style=\toks22
\thm@bodyfont=\toks23
\thm@headfont=\toks24
\thm@notefont=\toks25
\thm@headpunct=\toks26
\thm@preskip=\skip53
\thm@postskip=\skip54
\thm@headsep=\skip55
\dth@everypar=\toks27
)
(/usr/share/texlive/texmf-dist/tex/latex/mathtools/mathtools.sty
Package: mathtools 2022/06/29 v1.29 mathematical typesetting tools

(/usr/share/texlive/texmf-dist/tex/latex/graphics/keyval.sty
Package: keyval 2022/05/29 v1.15 key=value parser (DPC)
\KV@toks@=\toks28
)
(/usr/share/texlive/texmf-dist/tex/latex/tools/calc.sty
Package: calc 2023/07/08 v4.3 Infix arithmetic (KKT,FJ)
\calc@Acount=\count285
\calc@Bcount=\count286
\calc@Adimen=\dimen153
\calc@Bdimen=\dimen154
\calc@Askip=\skip56
\calc@Bskip=\skip57
LaTeX Info: Redefining \setlength on input line 80.
LaTeX Info: Redefining \addtolength on input line 81.
\calc@Ccount=\count287
\calc@Cskip=\skip58
)
(/usr/share/texlive/texmf-dist/tex/latex/mathtools/mhsetup.sty
Package: mhsetup 2021/03/18 v1.4 programming setup (MH)
)
\g_MT_multlinerow_int=\count288
\l_MT_multwidth_dim=\dimen155
\origjot=\skip59
\l_MT_shortvdotswithinadjustabove_dim=\dimen156
\l_MT_shortvdotswithinadjustbelow_dim=\dimen157
\l_MT_above_intertext_sep=\dimen158
\l_MT_below_intertext_sep=\dimen159
\l_MT_above_shortintertext_sep=\dimen160
\l_MT_below_shortintertext_sep=\dimen161
\xmathstrut@box=\box54
\xmathstrut@dim=\dimen162
)
(/usr/share/texlive/texmf-dist/tex/latex/tools/bm.sty
Package: bm 2023/07/08 v1.2f Bold Symbol Support (DPC/FMi)
\symboldoperators=\mathgroup6
\symboldletters=\mathgroup7
\symboldsymbols=\mathgroup8
Package bm Info: No bold for \OMX/cmex/m/n, using \pmb.
Package bm Info: No bold for \U/msa/m/n, using \pmb.
Package bm Info: No bold for \U/msb/m/n, using \pmb.
LaTeX Font Info:    Redeclaring math alphabet \mathbf on input line 149.
)
(/usr/share/texlive/texmf-dist/tex/latex/jknapltx/mathrsfs.sty
Package: mathrsfs 1996/01/01 Math RSFS package v1.0 (jk)
\symrsfs=\mathgroup9
)
(/usr/share/texlive/texmf-dist/tex/latex/geometry/geometry.sty
Package: geometry 2020/01/02 v5.9 Page Geometry

(/usr/share/texlive/texmf-dist/tex/generic/iftex/ifvtex.sty
Package: ifvtex 2019/10/25 v1.7 ifvtex legacy package. Use iftex instead.

(/usr/share/texlive/texmf-dist/tex/generic/iftex/iftex.sty
Package: iftex 2022/02/03 v1.0f TeX engine tests
))
\Gm@cnth=\count289
\Gm@cntv=\count290
\c@Gm@tempcnt=\count291
\Gm@bindingoffset=\dimen163
\Gm@wd@mp=\dimen164
\Gm@odd@mp=\dimen165
\Gm@even@mp=\dimen166
\Gm@layoutwidth=\dimen167
\Gm@layoutheight=\dimen168
\Gm@layouthoffset=\dimen169
\Gm@layoutvoffset=\dimen170
\Gm@dimlist=\toks29
)
(/usr/share/texlive/texmf-dist/tex/latex/microtype/microtype.sty
Package: microtype 2023/03/13 v3.1a Micro-typographical refinements (RS)

(/usr/share/texlive/texmf-dist/tex/latex/etoolbox/etoolbox.sty
Package: etoolbox 2020/10/05 v2.5k e-TeX tools for LaTeX (JAW)
\etb@tempcnta=\count292
)
\MT@toks=\toks30
\MT@tempbox=\box55
\MT@count=\count293
LaTeX Info: Redefining \noprotrusionifhmode on input line 1059.
LaTeX Info: Redefining \leftprotrusion on input line 1060.
\MT@prot@toks=\toks31
LaTeX Info: Redefining \rightprotrusion on input line 1078.
LaTeX Info: Redefining \textls on input line 1368.
\MT@outer@kern=\dimen171
LaTeX Info: Redefining \textmicrotypecontext on input line 1988.
\MT@listname@count=\count294

(/usr/share/texlive/texmf-dist/tex/latex/microtype/microtype-xetex.def
File: microtype-xetex.def 2023/03/13 v3.1a Definitions specific to xetex (RS)
LaTeX Info: Redefining \lsstyle on input line 238.
)
Package microtype Info: Loading configuration file microtype.cfg.

(/usr/share/texlive/texmf-dist/tex/latex/microtype/microtype.cfg
File: microtype.cfg 2023/03/13 v3.1a microtype main configuration file (RS)
))
(/usr/share/texlive/texmf-dist/tex/latex/hyperref/hyperref.sty
Package: hyperref 2024-01-20 v7.01h Hypertext links for LaTeX

(/usr/share/texlive/texmf-dist/tex/latex/kvsetkeys/kvsetkeys.sty
Package: kvsetkeys 2022-10-05 v1.19 Key value parser (HO)
)
(/usr/share/texlive/texmf-dist/tex/generic/kvdefinekeys/kvdefinekeys.sty
Package: kvdefinekeys 2019-12-19 v1.6 Define keys (HO)
)
(/usr/share/texlive/texmf-dist/tex/generic/pdfescape/pdfescape.sty
Package: pdfescape 2019/12/09 v1.15 Implements pdfTeX's escape features (HO)

(/usr/share/texlive/texmf-dist/tex/generic/ltxcmds/ltxcmds.sty
Package: ltxcmds 2023-12-04 v1.26 LaTeX kernel commands for general use (HO)
)
(/usr/share/texlive/texmf-dist/tex/generic/pdftexcmds/pdftexcmds.sty
Package: pdftexcmds 2020-06-27 v0.33 Utility functions of pdfTeX for LuaTeX (HO
)

(/usr/share/texlive/texmf-dist/tex/generic/infwarerr/infwarerr.sty
Package: infwarerr 2019/12/03 v1.5 Providing info/warning/error messages (HO)
)
Package pdftexcmds Info: \pdf@primitive is available.
Package pdftexcmds Info: \pdf@ifprimitive is available.
Package pdftexcmds Info: \pdfdraftmode not found.
))
(/usr/share/texlive/texmf-dist/tex/latex/hycolor/hycolor.sty
Package: hycolor 2020-01-27 v1.10 Color options for hyperref/bookmark (HO)
)
(/usr/share/texlive/texmf-dist/tex/latex/auxhook/auxhook.sty
Package: auxhook 2019-12-17 v1.6 Hooks for auxiliary files (HO)
)
(/usr/share/texlive/texmf-dist/tex/latex/hyperref/nameref.sty
Package: nameref 2023-11-26 v2.56 Cross-referencing by name of section

(/usr/share/texlive/texmf-dist/tex/latex/refcount/refcount.sty
Package: refcount 2019/12/15 v3.6 Data extraction from label references (HO)
)
(/usr/share/texlive/texmf-dist/tex/generic/gettitlestring/gettitlestring.sty
Package: gettitlestring 2019/12/15 v1.6 Cleanup title references (HO)

(/usr/share/texlive/texmf-dist/tex/latex/kvoptions/kvoptions.sty
Package: kvoptions 2022-06-15 v3.15 Key value format for package options (HO)
))
\c@section@level=\count295
)
\@linkdim=\dimen172
\Hy@linkcounter=\count296
\Hy@pagecounter=\count297

(/usr/share/texlive/texmf-dist/tex/latex/hyperref/pd1enc.def
File: pd1enc.def 2024-01-20 v7.01h Hyperref: PDFDocEncoding definition (HO)
)
(/usr/share/texlive/texmf-dist/tex/generic/intcalc/intcalc.sty
Package: intcalc 2019/12/15 v1.3 Expandable calculations with integers (HO)
)
\Hy@SavedSpaceFactor=\count298

(/usr/share/texlive/texmf-dist/tex/latex/hyperref/puenc.def
File: puenc.def 2024-01-20 v7.01h Hyperref: PDF Unicode definition (HO)
)
Package hyperref Info: Option `colorlinks' set `true' on input line 4062.
Package hyperref Info: Hyper figures OFF on input line 4179.
Package hyperref Info: Link nesting OFF on input line 4184.
Package hyperref Info: Hyper index ON on input line 4187.
Package hyperref Info: Plain pages OFF on input line 4194.
Package hyperref Info: Backreferencing OFF on input line 4199.
Package hyperref Info: Implicit mode ON; LaTeX internals redefined.
Package hyperref Info: Bookmarks ON on input line 4446.
\c@Hy@tempcnt=\count299

(/usr/share/texlive/texmf-dist/tex/latex/url/url.sty
\Urlmuskip=\muskip17
Package: url 2013/09/16  ver 3.4  Verb mode for urls, etc.
)
LaTeX Info: Redefining \url on input line 4784.
\XeTeXLinkMargin=\dimen173

(/usr/share/texlive/texmf-dist/tex/generic/bitset/bitset.sty
Package: bitset 2019/12/09 v1.3 Handle bit-vector datatype (HO)

(/usr/share/texlive/texmf-dist/tex/generic/bigintcalc/bigintcalc.sty
Package: bigintcalc 2019/12/15 v1.5 Expandable calculations on big integers (HO
)
))
\Fld@menulength=\count300
\Field@Width=\dimen174
\Fld@charsize=\dimen175
Package hyperref Info: Hyper figures OFF on input line 6063.
Package hyperref Info: Link nesting OFF on input line 6068.
Package hyperref Info: Hyper index ON on input line 6071.
Package hyperref Info: backreferencing OFF on input line 6078.
Package hyperref Info: Link coloring ON on input line 6081.
Package hyperref Info: Link coloring with OCG OFF on input line 6088.
Package hyperref Info: PDF/A mode OFF on input line 6093.

(/usr/share/texlive/texmf-dist/tex/latex/base/atbegshi-ltx.sty
Package: atbegshi-ltx 2021/01/10 v1.0c Emulation of the original atbegshi
package with kernel methods
)
\Hy@abspage=\count301
\c@Item=\count302
\c@Hfootnote=\count303
)
Package hyperref Info: Driver (autodetected): hxetex.

(/usr/share/texlive/texmf-dist/tex/latex/hyperref/hxetex.def
File: hxetex.def 2024-01-20 v7.01h Hyperref driver for XeTeX

(/usr/share/texlive/texmf-dist/tex/generic/stringenc/stringenc.sty
Package: stringenc 2019/11/29 v1.12 Convert strings between diff. encodings (HO
)
)
\pdfm@box=\box56
\c@Hy@AnnotLevel=\count304
\HyField@AnnotCount=\count305
\Fld@listcount=\count306
\c@bookmark@seq@number=\count307

(/usr/share/texlive/texmf-dist/tex/latex/rerunfilecheck/rerunfilecheck.sty
Package: rerunfilecheck 2022-07-10 v1.10 Rerun checks for auxiliary files (HO)

(/usr/share/texlive/texmf-dist/tex/latex/base/atveryend-ltx.sty
Package: atveryend-ltx 2020/08/19 v1.0a Emulation of the original atveryend pac
kage
with kernel methods
)
(/usr/share/texlive/texmf-dist/tex/generic/uniquecounter/uniquecounter.sty
Package: uniquecounter 2019/12/15 v1.4 Provide unlimited unique counter (HO)
)
Package uniquecounter Info: New unique counter `rerunfilecheck' on input line 2
85.
)
\Hy@SectionHShift=\skip60
)
(/usr/share/texlive/texmf-dist/tex/latex/cleveref/cleveref.sty
Package: cleveref 2018/03/27 v0.21.4 Intelligent cross-referencing
Package cleveref Info: `hyperref' support loaded on input line 2370.
LaTeX Info: Redefining \cref on input line 2370.
LaTeX Info: Redefining \Cref on input line 2370.
LaTeX Info: Redefining \crefrange on input line 2370.
LaTeX Info: Redefining \Crefrange on input line 2370.
LaTeX Info: Redefining \cpageref on input line 2370.
LaTeX Info: Redefining \Cpageref on input line 2370.
LaTeX Info: Redefining \cpagerefrange on input line 2370.
LaTeX Info: Redefining \Cpagerefrange on input line 2370.
LaTeX Info: Redefining \labelcref on input line 2370.
LaTeX Info: Redefining \labelcpageref on input line 2370.
Package cleveref Info: `amsthm' support loaded on input line 3026.
)
\c@theorem=\count308

(/usr/share/texlive/texmf-dist/tex/latex/oberdiek/centernot.sty
Package: centernot 2016/05/16 v1.4 Centers the not symbol horizontally (HO)
)
(./smoothness-paradox.aux)
\openout1 = `smoothness-paradox.aux'.

LaTeX Font Info:    Checking defaults for OML/cmm/m/it on input line 68.
LaTeX Font Info:    ... okay on input line 68.
LaTeX Font Info:    Checking defaults for OMS/cmsy/m/n on input line 68.
LaTeX Font Info:    ... okay on input line 68.
LaTeX Font Info:    Checking defaults for OT1/cmr/m/n on input line 68.
LaTeX Font Info:    ... okay on input line 68.
LaTeX Font Info:    Checking defaults for T1/cmr/m/n on input line 68.
LaTeX Font Info:    ... okay on input line 68.
LaTeX Font Info:    Checking defaults for TS1/cmr/m/n on input line 68.
LaTeX Font Info:    Trying to load font information for TS1+cmr on input line 6
8.

(/usr/share/texlive/texmf-dist/tex/latex/base/ts1cmr.fd
File: ts1cmr.fd 2023/04/13 v2.5m Standard LaTeX font definitions
)
LaTeX Font Info:    ... okay on input line 68.
LaTeX Font Info:    Checking defaults for TU/lmr/m/n on input line 68.
LaTeX Font Info:    ... okay on input line 68.
LaTeX Font Info:    Checking defaults for OMX/cmex/m/n on input line 68.
LaTeX Font Info:    ... okay on input line 68.
LaTeX Font Info:    Checking defaults for U/cmr/m/n on input line 68.
LaTeX Font Info:    ... okay on input line 68.
LaTeX Font Info:    Checking defaults for PD1/pdf/m/n on input line 68.
LaTeX Font Info:    ... okay on input line 68.
LaTeX Font Info:    Checking defaults for PU/pdf/m/n on input line 68.
LaTeX Font Info:    ... okay on input line 68.

Package fontspec Info: Adjusting the maths setup (use [no-math] to avoid
(fontspec)             this).

\symlegacymaths=\mathgroup10
LaTeX Font Info:    Overwriting symbol font `legacymaths' in version `bold'
(Font)                  OT1/cmr/m/n --> OT1/cmr/bx/n on input line 68.
LaTeX Font Info:    Redeclaring math accent \acute on input line 68.
LaTeX Font Info:    Redeclaring math accent \grave on input line 68.
LaTeX Font Info:    Redeclaring math accent \ddot on input line 68.
LaTeX Font Info:    Redeclaring math accent \tilde on input line 68.
LaTeX Font Info:    Redeclaring math accent \bar on input line 68.
LaTeX Font Info:    Redeclaring math accent \breve on input line 68.
LaTeX Font Info:    Redeclaring math accent \check on input line 68.
LaTeX Font Info:    Redeclaring math accent \hat on input line 68.
LaTeX Font Info:    Redeclaring math accent \dot on input line 68.
LaTeX Font Info:    Redeclaring math accent \mathring on input line 68.
LaTeX Font Info:    Redeclaring math symbol \Gamma on input line 68.
LaTeX Font Info:    Redeclaring math symbol \Delta on input line 68.
LaTeX Font Info:    Redeclaring math symbol \Theta on input line 68.
LaTeX Font Info:    Redeclaring math symbol \Lambda on input line 68.
LaTeX Font Info:    Redeclaring math symbol \Xi on input line 68.
LaTeX Font Info:    Redeclaring math symbol \Pi on input line 68.
LaTeX Font Info:    Redeclaring math symbol \Sigma on input line 68.
LaTeX Font Info:    Redeclaring math symbol \Upsilon on input line 68.
LaTeX Font Info:    Redeclaring math symbol \Phi on input line 68.
LaTeX Font Info:    Redeclaring math symbol \Psi on input line 68.
LaTeX Font Info:    Redeclaring math symbol \Omega on input line 68.
LaTeX Font Info:    Redeclaring math symbol \mathdollar on input line 68.
LaTeX Font Info:    Redeclaring symbol font `operators' on input line 68.
LaTeX Font Info:    Encoding `OT1' has changed to `TU' for symbol font
(Font)              `operators' in the math version `normal' on input line 68.
LaTeX Font Info:    Overwriting symbol font `operators' in version `normal'
(Font)                  OT1/cmr/m/n --> TU/TeXGyrePagella(0)/m/n on input line 
68.
LaTeX Font Info:    Encoding `OT1' has changed to `TU' for symbol font
(Font)              `operators' in the math version `bold' on input line 68.
LaTeX Font Info:    Overwriting symbol font `operators' in version `bold'
(Font)                  OT1/cmr/bx/n --> TU/TeXGyrePagella(0)/m/n on input line
 68.
LaTeX Font Info:    Overwriting symbol font `operators' in version `normal'
(Font)                  TU/TeXGyrePagella(0)/m/n --> TU/TeXGyrePagella(0)/m/n o
n input line 68.
LaTeX Font Info:    Overwriting math alphabet `\mathit' in version `normal'
(Font)                  OT1/cmr/m/it --> TU/TeXGyrePagella(0)/m/it on input lin
e 68.
LaTeX Font Info:    Overwriting math alphabet `\mathbf' in version `normal'
(Font)                  OT1/cmr/bx/n --> TU/TeXGyrePagella(0)/b/n on input line
 68.
LaTeX Font Info:    Overwriting math alphabet `\mathsf' in version `normal'
(Font)                  OT1/cmss/m/n --> TU/lmss/m/n on input line 68.
LaTeX Font Info:    Overwriting math alphabet `\mathtt' in version `normal'
(Font)                  OT1/cmtt/m/n --> TU/lmtt/m/n on input line 68.
LaTeX Font Info:    Overwriting symbol font `operators' in version `bold'
(Font)                  TU/TeXGyrePagella(0)/m/n --> TU/TeXGyrePagella(0)/b/n o
n input line 68.
LaTeX Font Info:    Overwriting math alphabet `\mathit' in version `bold'
(Font)                  OT1/cmr/bx/it --> TU/TeXGyrePagella(0)/b/it on input li
ne 68.
LaTeX Font Info:    Overwriting math alphabet `\mathsf' in version `bold'
(Font)                  OT1/cmss/bx/n --> TU/lmss/b/n on input line 68.
LaTeX Font Info:    Overwriting math alphabet `\mathtt' in version `bold'
(Font)                  OT1/cmtt/m/n --> TU/lmtt/b/n on input line 68.

(/usr/share/texlive/texmf-dist/tex/latex/graphics/graphicx.sty
Package: graphicx 2021/09/16 v1.2d Enhanced LaTeX Graphics (DPC,SPQR)

(/usr/share/texlive/texmf-dist/tex/latex/graphics/graphics.sty
Package: graphics 2022/03/10 v1.4e Standard LaTeX Graphics (DPC,SPQR)

(/usr/share/texlive/texmf-dist/tex/latex/graphics/trig.sty
Package: trig 2021/08/11 v1.11 sin cos tan (DPC)
)
(/usr/share/texlive/texmf-dist/tex/latex/graphics-cfg/graphics.cfg
File: graphics.cfg 2016/06/04 v1.11 sample graphics configuration
)
Package graphics Info: Driver file: xetex.def on input line 107.

(/usr/share/texlive/texmf-dist/tex/latex/graphics-def/xetex.def
File: xetex.def 2022/09/22 v5.0n Graphics/color driver for xetex
))
\Gin@req@height=\dimen176
\Gin@req@width=\dimen177
)
*geometry* driver: auto-detecting
*geometry* detected driver: xetex
*geometry* verbose mode - [ preamble ] result:
* driver: xetex
* paper: <default>
* layout: <same size as paper>
* layoutoffset:(h,v)=(0.0pt,0.0pt)
* modes: twoside 
* h-part:(L,W,R)=(90.3375pt, 433.62001pt, 90.3375pt)
* v-part:(T,H,B)=(90.3375pt, 614.295pt, 90.3375pt)
* \paperwidth=614.295pt
* \paperheight=794.96999pt
* \textwidth=433.62001pt
* \textheight=614.295pt
* \oddsidemargin=18.0675pt
* \evensidemargin=18.0675pt
* \topmargin=-13.80629pt
* \headheight=12.0pt
* \headsep=19.8738pt
* \topskip=11.0pt
* \footskip=27.46295pt
* \marginparwidth=116.0pt
* \marginparsep=7.0pt
* \columnsep=10.0pt
* \skip\footins=10.0pt plus 4.0pt minus 2.0pt
* \hoffset=0.0pt
* \voffset=0.0pt
* \mag=1000
* \@twocolumnfalse
* \@twosidetrue
* \@mparswitchtrue
* \@reversemarginfalse
* (1in=72.27pt=25.4mm, 1cm=28.453pt)

LaTeX Info: Redefining \microtypecontext on input line 68.
Package microtype Info: Applying patch `item' on input line 68.
Package microtype Info: Applying patch `toc' on input line 68.
Package microtype Info: Applying patch `eqnum' on input line 68.
Package microtype Info: Applying patch `footnote' on input line 68.
Package microtype Info: Applying patch `verbatim' on input line 68.
Package microtype Info: Character protrusion enabled (level 2).
Package microtype Info: Using default protrusion set `alltext'.
Package microtype Info: No adjustment of tracking.
Package microtype Info: No adjustment of spacing.
Package microtype Info: No adjustment of kerning.
(/usr/share/texlive/texmf-dist/tex/latex/microtype/mt-Palatino.cfg
File: mt-Palatino.cfg 2012/03/10 v1.0 microtype config. file: Palatino and simi
lar fonts (LBD)
)
Package microtype Info: Character `Ǟ' is missing
(microtype)             in font `\TU/TeXGyrePagella(0)/m/n/10.95'.
(microtype)             Ignoring protrusion settings for this character.
Package microtype Info: Character `Ǡ' is missing
(microtype)             in font `\TU/TeXGyrePagella(0)/m/n/10.95'.
(microtype)             Ignoring protrusion settings for this character.
Package microtype Info: Character `Ȧ' is missing
(microtype)             in font `\TU/TeXGyrePagella(0)/m/n/10.95'.
(microtype)             Ignoring protrusion settings for this character.
Package microtype Info: Character `Ȃ' is missing
(microtype)             in font `\TU/TeXGyrePagella(0)/m/n/10.95'.
(microtype)             Ignoring protrusion settings for this character.
Package microtype Info: Character `Ḁ' is missing
(microtype)             in font `\TU/TeXGyrePagella(0)/m/n/10.95'.
(microtype)             Ignoring protrusion settings for this character.
Package microtype Info: Character `Ꜳ' is missing
(microtype)             in font `\TU/TeXGyrePagella(0)/m/n/10.95'.
(microtype)             Ignoring protrusion settings for this character.
Package microtype Info: Character `Ḃ' is missing
(microtype)             in font `\TU/TeXGyrePagella(0)/m/n/10.95'.
(microtype)             Ignoring protrusion settings for this character.
Package microtype Info: Character `Ḅ' is missing
(microtype)             in font `\TU/TeXGyrePagella(0)/m/n/10.95'.
(microtype)             Ignoring protrusion settings for this character.
Package microtype Info: Character `Ḇ' is missing
(microtype)             in font `\TU/TeXGyrePagella(0)/m/n/10.95'.
(microtype)             Ignoring protrusion settings for this character.
Package microtype Info: Character `Ḉ' is missing
(microtype)             in font `\TU/TeXGyrePagella(0)/m/n/10.95'.
(microtype)             Ignoring protrusion settings for this character.
Package microtype Info: Character `Ḋ' is missing
(microtype)             in font `\TU/TeXGyrePagella(0)/m/n/10.95'.
(microtype)             Ignoring protrusion settings for this character.
Package microtype Info: Character `Ḑ' is missing
(microtype)             in font `\TU/TeXGyrePagella(0)/m/n/10.95'.
(microtype)             Ignoring protrusion settings for this character.
Package microtype Info: Character `Ḓ' is missing
(microtype)             in font `\TU/TeXGyrePagella(0)/m/n/10.95'.
(microtype)             Ignoring protrusion settings for this character.
Package microtype Info: Character `Ȩ' is missing
(microtype)             in font `\TU/TeXGyrePagella(0)/m/n/10.95'.
(microtype)             Ignoring protrusion settings for this character.
Package microtype Info: Character `Ȇ' is missing
(microtype)             in font `\TU/TeXGyrePagella(0)/m/n/10.95'.
(microtype)             Ignoring protrusion settings for this character.
Package microtype Info: Character `Ḕ' is missing
(microtype)             in font `\TU/TeXGyrePagella(0)/m/n/10.95'.
(microtype)             Ignoring protrusion settings for this character.
Package microtype Info: Character `Ḗ' is missing
(microtype)             in font `\TU/TeXGyrePagella(0)/m/n/10.95'.
(microtype)             Ignoring protrusion settings for this character.
Package microtype Info: Character `Ḙ' is missing
(microtype)             in font `\TU/TeXGyrePagella(0)/m/n/10.95'.
(microtype)             Ignoring protrusion settings for this character.
Package microtype Info: Character `Ḛ' is missing
(microtype)             in font `\TU/TeXGyrePagella(0)/m/n/10.95'.
(microtype)             Ignoring protrusion settings for this character.
Package microtype Info: Character `Ḝ' is missing
(microtype)             in font `\TU/TeXGyrePagella(0)/m/n/10.95'.
(microtype)             Ignoring protrusion settings for this character.
Package microtype Info: Character `Ḟ' is missing
(microtype)             in font `\TU/TeXGyrePagella(0)/m/n/10.95'.
(microtype)             Ignoring protrusion settings for this character.
Package microtype Info: Character `Ḡ' is missing
(microtype)             in font `\TU/TeXGyrePagella(0)/m/n/10.95'.
(microtype)             Ignoring protrusion settings for this character.
Package microtype Info: Character `Ȟ' is missing
(microtype)             in font `\TU/TeXGyrePagella(0)/m/n/10.95'.
(microtype)             Ignoring protrusion settings for this character.
Package microtype Info: Character `Ḣ' is missing
(microtype)             in font `\TU/TeXGyrePagella(0)/m/n/10.95'.
(microtype)             Ignoring protrusion settings for this character.
Package microtype Info: Character `Ḩ' is missing
(microtype)             in font `\TU/TeXGyrePagella(0)/m/n/10.95'.
(microtype)             Ignoring protrusion settings for this character.
Package microtype Info: Character `Ȋ' is missing
(microtype)             in font `\TU/TeXGyrePagella(0)/m/n/10.95'.
(microtype)             Ignoring protrusion settings for this character.
Package microtype Info: Character `Ḭ' is missing
(microtype)             in font `\TU/TeXGyrePagella(0)/m/n/10.95'.
(microtype)             Ignoring protrusion settings for this character.
Package microtype Info: Character `Ǩ' is missing
(microtype)             in font `\TU/TeXGyrePagella(0)/m/n/10.95'.
(microtype)             Ignoring protrusion settings for this character.
Package microtype Info: Character `Ḱ' is missing
(microtype)             in font `\TU/TeXGyrePagella(0)/m/n/10.95'.
(microtype)             Ignoring protrusion settings for this character.
Package microtype Info: Character `Ḳ' is missing
(microtype)             in font `\TU/TeXGyrePagella(0)/m/n/10.95'.
(microtype)             Ignoring protrusion settings for this character.
Package microtype Info: Character `Ḵ' is missing
(microtype)             in font `\TU/TeXGyrePagella(0)/m/n/10.95'.
(microtype)             Ignoring protrusion settings for this character.
Package microtype Info: Character `Ḻ' is missing
(microtype)             in font `\TU/TeXGyrePagella(0)/m/n/10.95'.
(microtype)             Ignoring protrusion settings for this character.
Package microtype Info: Character `Ḽ' is missing
(microtype)             in font `\TU/TeXGyrePagella(0)/m/n/10.95'.
(microtype)             Ignoring protrusion settings for this character.
Package microtype Info: Character `Ỻ' is missing
(microtype)             in font `\TU/TeXGyrePagella(0)/m/n/10.95'.
(microtype)             Ignoring protrusion settings for this character.
Package microtype Info: Character `Ḿ' is missing
(microtype)             in font `\TU/TeXGyrePagella(0)/m/n/10.95'.
(microtype)             Ignoring protrusion settings for this character.
Package microtype Info: Character `Ṁ' is missing
(microtype)             in font `\TU/TeXGyrePagella(0)/m/n/10.95'.
(microtype)             Ignoring protrusion settings for this character.
Package microtype Info: Character `Ǹ' is missing
(microtype)             in font `\TU/TeXGyrePagella(0)/m/n/10.95'.
(microtype)             Ignoring protrusion settings for this character.
Package microtype Info: Character `Ṉ' is missing
(microtype)             in font `\TU/TeXGyrePagella(0)/m/n/10.95'.
(microtype)             Ignoring protrusion settings for this character.
Package microtype Info: Character `Ṋ' is missing
(microtype)             in font `\TU/TeXGyrePagella(0)/m/n/10.95'.
(microtype)             Ignoring protrusion settings for this character.
Package microtype Info: Character `Ǭ' is missing
(microtype)             in font `\TU/TeXGyrePagella(0)/m/n/10.95'.
(microtype)             Ignoring protrusion settings for this character.
Package microtype Info: Character `Ȏ' is missing
(microtype)             in font `\TU/TeXGyrePagella(0)/m/n/10.95'.
(microtype)             Ignoring protrusion settings for this character.
Package microtype Info: Character `Ȫ' is missing
(microtype)             in font `\TU/TeXGyrePagella(0)/m/n/10.95'.
(microtype)             Ignoring protrusion settings for this character.
Package microtype Info: Character `Ȭ' is missing
(microtype)             in font `\TU/TeXGyrePagella(0)/m/n/10.95'.
(microtype)             Ignoring protrusion settings for this character.
Package microtype Info: Character `Ȯ' is missing
(microtype)             in font `\TU/TeXGyrePagella(0)/m/n/10.95'.
(microtype)             Ignoring protrusion settings for this character.
Package microtype Info: Character `Ȱ' is missing
(microtype)             in font `\TU/TeXGyrePagella(0)/m/n/10.95'.
(microtype)             Ignoring protrusion settings for this character.
Package microtype Info: Character `Ṍ' is missing
(microtype)             in font `\TU/TeXGyrePagella(0)/m/n/10.95'.
(microtype)             Ignoring protrusion settings for this character.
Package microtype Info: Character `Ṏ' is missing
(microtype)             in font `\TU/TeXGyrePagella(0)/m/n/10.95'.
(microtype)             Ignoring protrusion settings for this character.
Package microtype Info: Character `Ṑ' is missing
(microtype)             in font `\TU/TeXGyrePagella(0)/m/n/10.95'.
(microtype)             Ignoring protrusion settings for this character.
Package microtype Info: Character `Ṓ' is missing
(microtype)             in font `\TU/TeXGyrePagella(0)/m/n/10.95'.
(microtype)             Ignoring protrusion settings for this character.
Package microtype Info: Character `Ṕ' is missing
(microtype)             in font `\TU/TeXGyrePagella(0)/m/n/10.95'.
(microtype)             Ignoring protrusion settings for this character.
Package microtype Info: Character `Ṗ' is missing
(microtype)             in font `\TU/TeXGyrePagella(0)/m/n/10.95'.
(microtype)             Ignoring protrusion settings for this character.
Package microtype Info: Character `Ȓ' is missing
(microtype)             in font `\TU/TeXGyrePagella(0)/m/n/10.95'.
(microtype)             Ignoring protrusion settings for this character.
Package microtype Info: Character `Ṟ' is missing
(microtype)             in font `\TU/TeXGyrePagella(0)/m/n/10.95'.
(microtype)             Ignoring protrusion settings for this character.
Package microtype Info: Character `Ṡ' is missing
(microtype)             in font `\TU/TeXGyrePagella(0)/m/n/10.95'.
(microtype)             Ignoring protrusion settings for this character.
Package microtype Info: Character `Ṥ' is missing
(microtype)             in font `\TU/TeXGyrePagella(0)/m/n/10.95'.
(microtype)             Ignoring protrusion settings for this character.
Package microtype Info: Character `Ṧ' is missing
(microtype)             in font `\TU/TeXGyrePagella(0)/m/n/10.95'.
(microtype)             Ignoring protrusion settings for this character.
Package microtype Info: Character `Ṩ' is missing
(microtype)             in font `\TU/TeXGyrePagella(0)/m/n/10.95'.
(microtype)             Ignoring protrusion settings for this character.
Package microtype Info: Character `Ṫ' is missing
(microtype)             in font `\TU/TeXGyrePagella(0)/m/n/10.95'.
(microtype)             Ignoring protrusion settings for this character.
Package microtype Info: Character `Ṱ' is missing
(microtype)             in font `\TU/TeXGyrePagella(0)/m/n/10.95'.
(microtype)             Ignoring protrusion settings for this character.
Package microtype Info: Character `Ǖ' is missing
(microtype)             in font `\TU/TeXGyrePagella(0)/m/n/10.95'.
(microtype)             Ignoring protrusion settings for this character.
Package microtype Info: Character `Ȗ' is missing
(microtype)             in font `\TU/TeXGyrePagella(0)/m/n/10.95'.
(microtype)             Ignoring protrusion settings for this character.
Package microtype Info: Character `Ṳ' is missing
(microtype)             in font `\TU/TeXGyrePagella(0)/m/n/10.95'.
(microtype)             Ignoring protrusion settings for this character.
Package microtype Info: Character `Ṵ' is missing
(microtype)             in font `\TU/TeXGyrePagella(0)/m/n/10.95'.
(microtype)             Ignoring protrusion settings for this character.
Package microtype Info: Character `Ṷ' is missing
(microtype)             in font `\TU/TeXGyrePagella(0)/m/n/10.95'.
(microtype)             Ignoring protrusion settings for this character.
Package microtype Info: Character `Ṹ' is missing
(microtype)             in font `\TU/TeXGyrePagella(0)/m/n/10.95'.
(microtype)             Ignoring protrusion settings for this character.
Package microtype Info: Character `Ṻ' is missing
(microtype)             in font `\TU/TeXGyrePagella(0)/m/n/10.95'.
(microtype)             Ignoring protrusion settings for this character.
Package microtype Info: Character `Ṽ' is missing
(microtype)             in font `\TU/TeXGyrePagella(0)/m/n/10.95'.
(microtype)             Ignoring protrusion settings for this character.
Package microtype Info: Character `Ṿ' is missing
(microtype)             in font `\TU/TeXGyrePagella(0)/m/n/10.95'.
(microtype)             Ignoring protrusion settings for this character.
Package microtype Info: Character `Ẇ' is missing
(microtype)             in font `\TU/TeXGyrePagella(0)/m/n/10.95'.
(microtype)             Ignoring protrusion settings for this character.
Package microtype Info: Character `Ẉ' is missing
(microtype)             in font `\TU/TeXGyrePagella(0)/m/n/10.95'.
(microtype)             Ignoring protrusion settings for this character.
Package microtype Info: Character `Ẋ' is missing
(microtype)             in font `\TU/TeXGyrePagella(0)/m/n/10.95'.
(microtype)             Ignoring protrusion settings for this character.
Package microtype Info: Character `Ẍ' is missing
(microtype)             in font `\TU/TeXGyrePagella(0)/m/n/10.95'.
(microtype)             Ignoring protrusion settings for this character.
Package microtype Info: Character `Ȳ' is missing
(microtype)             in font `\TU/TeXGyrePagella(0)/m/n/10.95'.
(microtype)             Ignoring protrusion settings for this character.
Package microtype Info: Character `Ẏ' is missing
(microtype)             in font `\TU/TeXGyrePagella(0)/m/n/10.95'.
(microtype)             Ignoring protrusion settings for this character.
Package microtype Info: Character `Ẑ' is missing
(microtype)             in font `\TU/TeXGyrePagella(0)/m/n/10.95'.
(microtype)             Ignoring protrusion settings for this character.
Package microtype Info: Character `Ẕ' is missing
(microtype)             in font `\TU/TeXGyrePagella(0)/m/n/10.95'.
(microtype)             Ignoring protrusion settings for this character.
Package microtype Info: Character `ǟ' is missing
(microtype)             in font `\TU/TeXGyrePagella(0)/m/n/10.95'.
(microtype)             Ignoring protrusion settings for this character.
Package microtype Info: Character `ǡ' is missing
(microtype)             in font `\TU/TeXGyrePagella(0)/m/n/10.95'.
(microtype)             Ignoring protrusion settings for this character.
Package microtype Info: Character `ȧ' is missing
(microtype)             in font `\TU/TeXGyrePagella(0)/m/n/10.95'.
(microtype)             Ignoring protrusion settings for this character.
Package microtype Info: Character `ȃ' is missing
(microtype)             in font `\TU/TeXGyrePagella(0)/m/n/10.95'.
(microtype)             Ignoring protrusion settings for this character.
Package microtype Info: Character `ḁ' is missing
(microtype)             in font `\TU/TeXGyrePagella(0)/m/n/10.95'.
(microtype)             Ignoring protrusion settings for this character.
Package microtype Info: Character `ḃ' is missing
(microtype)             in font `\TU/TeXGyrePagella(0)/m/n/10.95'.
(microtype)             Ignoring protrusion settings for this character.
Package microtype Info: Character `ḅ' is missing
(microtype)             in font `\TU/TeXGyrePagella(0)/m/n/10.95'.
(microtype)             Ignoring protrusion settings for this character.
Package microtype Info: Character `ḇ' is missing
(microtype)             in font `\TU/TeXGyrePagella(0)/m/n/10.95'.
(microtype)             Ignoring protrusion settings for this character.
Package microtype Info: Character `ḉ' is missing
(microtype)             in font `\TU/TeXGyrePagella(0)/m/n/10.95'.
(microtype)             Ignoring protrusion settings for this character.
Package microtype Info: Character `ḋ' is missing
(microtype)             in font `\TU/TeXGyrePagella(0)/m/n/10.95'.
(microtype)             Ignoring protrusion settings for this character.
Package microtype Info: Character `ḑ' is missing
(microtype)             in font `\TU/TeXGyrePagella(0)/m/n/10.95'.
(microtype)             Ignoring protrusion settings for this character.
Package microtype Info: Character `ḓ' is missing
(microtype)             in font `\TU/TeXGyrePagella(0)/m/n/10.95'.
(microtype)             Ignoring protrusion settings for this character.
Package microtype Info: Character `ȩ' is missing
(microtype)             in font `\TU/TeXGyrePagella(0)/m/n/10.95'.
(microtype)             Ignoring protrusion settings for this character.
Package microtype Info: Character `ȇ' is missing
(microtype)             in font `\TU/TeXGyrePagella(0)/m/n/10.95'.
(microtype)             Ignoring protrusion settings for this character.
Package microtype Info: Character `ḕ' is missing
(microtype)             in font `\TU/TeXGyrePagella(0)/m/n/10.95'.
(microtype)             Ignoring protrusion settings for this character.
Package microtype Info: Character `ḗ' is missing
(microtype)             in font `\TU/TeXGyrePagella(0)/m/n/10.95'.
(microtype)             Ignoring protrusion settings for this character.
Package microtype Info: Character `ḙ' is missing
(microtype)             in font `\TU/TeXGyrePagella(0)/m/n/10.95'.
(microtype)             Ignoring protrusion settings for this character.
Package microtype Info: Character `ḛ' is missing
(microtype)             in font `\TU/TeXGyrePagella(0)/m/n/10.95'.
(microtype)             Ignoring protrusion settings for this character.
Package microtype Info: Character `ḝ' is missing
(microtype)             in font `\TU/TeXGyrePagella(0)/m/n/10.95'.
(microtype)             Ignoring protrusion settings for this character.
Package microtype Info: Character `ḟ' is missing
(microtype)             in font `\TU/TeXGyrePagella(0)/m/n/10.95'.
(microtype)             Ignoring protrusion settings for this character.
Package microtype Info: Character `ḡ' is missing
(microtype)             in font `\TU/TeXGyrePagella(0)/m/n/10.95'.
(microtype)             Ignoring protrusion settings for this character.
Package microtype Info: Character `ȟ' is missing
(microtype)             in font `\TU/TeXGyrePagella(0)/m/n/10.95'.
(microtype)             Ignoring protrusion settings for this character.
Package microtype Info: Character `ḣ' is missing
(microtype)             in font `\TU/TeXGyrePagella(0)/m/n/10.95'.
(microtype)             Ignoring protrusion settings for this character.
Package microtype Info: Character `ḩ' is missing
(microtype)             in font `\TU/TeXGyrePagella(0)/m/n/10.95'.
(microtype)             Ignoring protrusion settings for this character.
Package microtype Info: Character `ẖ' is missing
(microtype)             in font `\TU/TeXGyrePagella(0)/m/n/10.95'.
(microtype)             Ignoring protrusion settings for this character.
Package microtype Info: Character `ḭ' is missing
(microtype)             in font `\TU/TeXGyrePagella(0)/m/n/10.95'.
(microtype)             Ignoring protrusion settings for this character.
Package microtype Info: Character `ȋ' is missing
(microtype)             in font `\TU/TeXGyrePagella(0)/m/n/10.95'.
(microtype)             Ignoring protrusion settings for this character.
Package microtype Info: Character `ǩ' is missing
(microtype)             in font `\TU/TeXGyrePagella(0)/m/n/10.95'.
(microtype)             Ignoring protrusion settings for this character.
Package microtype Info: Character `ḱ' is missing
(microtype)             in font `\TU/TeXGyrePagella(0)/m/n/10.95'.
(microtype)             Ignoring protrusion settings for this character.
Package microtype Info: Character `ḳ' is missing
(microtype)             in font `\TU/TeXGyrePagella(0)/m/n/10.95'.
(microtype)             Ignoring protrusion settings for this character.
Package microtype Info: Character `ḵ' is missing
(microtype)             in font `\TU/TeXGyrePagella(0)/m/n/10.95'.
(microtype)             Ignoring protrusion settings for this character.
Package microtype Info: Character `ḻ' is missing
(microtype)             in font `\TU/TeXGyrePagella(0)/m/n/10.95'.
(microtype)             Ignoring protrusion settings for this character.
Package microtype Info: Character `ḽ' is missing
(microtype)             in font `\TU/TeXGyrePagella(0)/m/n/10.95'.
(microtype)             Ignoring protrusion settings for this character.
Package microtype Info: Character `ḿ' is missing
(microtype)             in font `\TU/TeXGyrePagella(0)/m/n/10.95'.
(microtype)             Ignoring protrusion settings for this character.
Package microtype Info: Character `ṁ' is missing
(microtype)             in font `\TU/TeXGyrePagella(0)/m/n/10.95'.
(microtype)             Ignoring protrusion settings for this character.
Package microtype Info: Character `ǹ' is missing
(microtype)             in font `\TU/TeXGyrePagella(0)/m/n/10.95'.
(microtype)             Ignoring protrusion settings for this character.
Package microtype Info: Character `ṉ' is missing
(microtype)             in font `\TU/TeXGyrePagella(0)/m/n/10.95'.
(microtype)             Ignoring protrusion settings for this character.
Package microtype Info: Character `ṋ' is missing
(microtype)             in font `\TU/TeXGyrePagella(0)/m/n/10.95'.
(microtype)             Ignoring protrusion settings for this character.
Package microtype Info: Character `ǭ' is missing
(microtype)             in font `\TU/TeXGyrePagella(0)/m/n/10.95'.
(microtype)             Ignoring protrusion settings for this character.
Package microtype Info: Character `ȏ' is missing
(microtype)             in font `\TU/TeXGyrePagella(0)/m/n/10.95'.
(microtype)             Ignoring protrusion settings for this character.
Package microtype Info: Character `ȫ' is missing
(microtype)             in font `\TU/TeXGyrePagella(0)/m/n/10.95'.
(microtype)             Ignoring protrusion settings for this character.
Package microtype Info: Character `ȭ' is missing
(microtype)             in font `\TU/TeXGyrePagella(0)/m/n/10.95'.
(microtype)             Ignoring protrusion settings for this character.
Package microtype Info: Character `ȯ' is missing
(microtype)             in font `\TU/TeXGyrePagella(0)/m/n/10.95'.
(microtype)             Ignoring protrusion settings for this character.
Package microtype Info: Character `ȱ' is missing
(microtype)             in font `\TU/TeXGyrePagella(0)/m/n/10.95'.
(microtype)             Ignoring protrusion settings for this character.
Package microtype Info: Character `ṍ' is missing
(microtype)             in font `\TU/TeXGyrePagella(0)/m/n/10.95'.
(microtype)             Ignoring protrusion settings for this character.
Package microtype Info: Character `ṏ' is missing
(microtype)             in font `\TU/TeXGyrePagella(0)/m/n/10.95'.
(microtype)             Ignoring protrusion settings for this character.
Package microtype Info: Character `ṑ' is missing
(microtype)             in font `\TU/TeXGyrePagella(0)/m/n/10.95'.
(microtype)             Ignoring protrusion settings for this character.
Package microtype Info: Character `ṓ' is missing
(microtype)             in font `\TU/TeXGyrePagella(0)/m/n/10.95'.
(microtype)             Ignoring protrusion settings for this character.
Package microtype Info: Character `ṕ' is missing
(microtype)             in font `\TU/TeXGyrePagella(0)/m/n/10.95'.
(microtype)             Ignoring protrusion settings for this character.
Package microtype Info: Character `ṗ' is missing
(microtype)             in font `\TU/TeXGyrePagella(0)/m/n/10.95'.
(microtype)             Ignoring protrusion settings for this character.
Package microtype Info: Character `ȓ' is missing
(microtype)             in font `\TU/TeXGyrePagella(0)/m/n/10.95'.
(microtype)             Ignoring protrusion settings for this character.
Package microtype Info: Character `ṟ' is missing
(microtype)             in font `\TU/TeXGyrePagella(0)/m/n/10.95'.
(microtype)             Ignoring protrusion settings for this character.
Package microtype Info: Character `ṡ' is missing
(microtype)             in font `\TU/TeXGyrePagella(0)/m/n/10.95'.
(microtype)             Ignoring protrusion settings for this character.
Package microtype Info: Character `ṥ' is missing
(microtype)             in font `\TU/TeXGyrePagella(0)/m/n/10.95'.
(microtype)             Ignoring protrusion settings for this character.
Package microtype Info: Character `ṧ' is missing
(microtype)             in font `\TU/TeXGyrePagella(0)/m/n/10.95'.
(microtype)             Ignoring protrusion settings for this character.
Package microtype Info: Character `ṩ' is missing
(microtype)             in font `\TU/TeXGyrePagella(0)/m/n/10.95'.
(microtype)             Ignoring protrusion settings for this character.
Package microtype Info: Character `ṫ' is missing
(microtype)             in font `\TU/TeXGyrePagella(0)/m/n/10.95'.
(microtype)             Ignoring protrusion settings for this character.
Package microtype Info: Character `ṱ' is missing
(microtype)             in font `\TU/TeXGyrePagella(0)/m/n/10.95'.
(microtype)             Ignoring protrusion settings for this character.
Package microtype Info: Character `ǖ' is missing
(microtype)             in font `\TU/TeXGyrePagella(0)/m/n/10.95'.
(microtype)             Ignoring protrusion settings for this character.
Package microtype Info: Character `ȗ' is missing
(microtype)             in font `\TU/TeXGyrePagella(0)/m/n/10.95'.
(microtype)             Ignoring protrusion settings for this character.
Package microtype Info: Character `ṳ' is missing
(microtype)             in font `\TU/TeXGyrePagella(0)/m/n/10.95'.
(microtype)             Ignoring protrusion settings for this character.
Package microtype Info: Character `ṵ' is missing
(microtype)             in font `\TU/TeXGyrePagella(0)/m/n/10.95'.
(microtype)             Ignoring protrusion settings for this character.
Package microtype Info: Character `ṷ' is missing
(microtype)             in font `\TU/TeXGyrePagella(0)/m/n/10.95'.
(microtype)             Ignoring protrusion settings for this character.
Package microtype Info: Character `ṹ' is missing
(microtype)             in font `\TU/TeXGyrePagella(0)/m/n/10.95'.
(microtype)             Ignoring protrusion settings for this character.
Package microtype Info: Character `ṻ' is missing
(microtype)             in font `\TU/TeXGyrePagella(0)/m/n/10.95'.
(microtype)             Ignoring protrusion settings for this character.
Package microtype Info: Character `ṽ' is missing
(microtype)             in font `\TU/TeXGyrePagella(0)/m/n/10.95'.
(microtype)             Ignoring protrusion settings for this character.
Package microtype Info: Character `ṿ' is missing
(microtype)             in font `\TU/TeXGyrePagella(0)/m/n/10.95'.
(microtype)             Ignoring protrusion settings for this character.
Package microtype Info: Character `ẇ' is missing
(microtype)             in font `\TU/TeXGyrePagella(0)/m/n/10.95'.
(microtype)             Ignoring protrusion settings for this character.
Package microtype Info: Character `ẉ' is missing
(microtype)             in font `\TU/TeXGyrePagella(0)/m/n/10.95'.
(microtype)             Ignoring protrusion settings for this character.
Package microtype Info: Character `ẘ' is missing
(microtype)             in font `\TU/TeXGyrePagella(0)/m/n/10.95'.
(microtype)             Ignoring protrusion settings for this character.
Package microtype Info: Character `ẋ' is missing
(microtype)             in font `\TU/TeXGyrePagella(0)/m/n/10.95'.
(microtype)             Ignoring protrusion settings for this character.
Package microtype Info: Character `ẍ' is missing
(microtype)             in font `\TU/TeXGyrePagella(0)/m/n/10.95'.
(microtype)             Ignoring protrusion settings for this character.
Package microtype Info: Character `ȳ' is missing
(microtype)             in font `\TU/TeXGyrePagella(0)/m/n/10.95'.
(microtype)             Ignoring protrusion settings for this character.
Package microtype Info: Character `ẏ' is missing
(microtype)             in font `\TU/TeXGyrePagella(0)/m/n/10.95'.
(microtype)             Ignoring protrusion settings for this character.
Package microtype Info: Character `ẙ' is missing
(microtype)             in font `\TU/TeXGyrePagella(0)/m/n/10.95'.
(microtype)             Ignoring protrusion settings for this character.
Package microtype Info: Character `ẑ' is missing
(microtype)             in font `\TU/TeXGyrePagella(0)/m/n/10.95'.
(microtype)             Ignoring protrusion settings for this character.
Package microtype Info: Character `ẕ' is missing
(microtype)             in font `\TU/TeXGyrePagella(0)/m/n/10.95'.
(microtype)             Ignoring protrusion settings for this character.
Package microtype Info: Character `ﬆ' is missing
(microtype)             in font `\TU/TeXGyrePagella(0)/m/n/10.95'.
(microtype)             Ignoring protrusion settings for this character.
Package microtype Info: Character `ﬅ' is missing
(microtype)             in font `\TU/TeXGyrePagella(0)/m/n/10.95'.
(microtype)             Ignoring protrusion settings for this character.
Package microtype Info: Character `‥' is missing
(microtype)             in font `\TU/TeXGyrePagella(0)/m/n/10.95'.
(microtype)             Ignoring protrusion settings for this character.
Package microtype Info: Character `‼' is missing
(microtype)             in font `\TU/TeXGyrePagella(0)/m/n/10.95'.
(microtype)             Ignoring protrusion settings for this character.
Package microtype Info: Character `⁰' is missing
(microtype)             in font `\TU/TeXGyrePagella(0)/m/n/10.95'.
(microtype)             Ignoring protrusion settings for this character.
Package microtype Info: Character `⁴' is missing
(microtype)             in font `\TU/TeXGyrePagella(0)/m/n/10.95'.
(microtype)             Ignoring protrusion settings for this character.
Package microtype Info: Character `⁵' is missing
(microtype)             in font `\TU/TeXGyrePagella(0)/m/n/10.95'.
(microtype)             Ignoring protrusion settings for this character.
Package microtype Info: Character `⁶' is missing
(microtype)             in font `\TU/TeXGyrePagella(0)/m/n/10.95'.
(microtype)             Ignoring protrusion settings for this character.
Package microtype Info: Character `⁷' is missing
(microtype)             in font `\TU/TeXGyrePagella(0)/m/n/10.95'.
(microtype)             Ignoring protrusion settings for this character.
Package microtype Info: Character `⁸' is missing
(microtype)             in font `\TU/TeXGyrePagella(0)/m/n/10.95'.
(microtype)             Ignoring protrusion settings for this character.
Package microtype Info: Character `⁹' is missing
(microtype)             in font `\TU/TeXGyrePagella(0)/m/n/10.95'.
(microtype)             Ignoring protrusion settings for this character.
Package microtype Info: Character `₀' is missing
(microtype)             in font `\TU/TeXGyrePagella(0)/m/n/10.95'.
(microtype)             Ignoring protrusion settings for this character.
Package microtype Info: Character `₁' is missing
(microtype)             in font `\TU/TeXGyrePagella(0)/m/n/10.95'.
(microtype)             Ignoring protrusion settings for this character.
Package microtype Info: Character `₂' is missing
(microtype)             in font `\TU/TeXGyrePagella(0)/m/n/10.95'.
(microtype)             Ignoring protrusion settings for this character.
Package microtype Info: Character `₃' is missing
(microtype)             in font `\TU/TeXGyrePagella(0)/m/n/10.95'.
(microtype)             Ignoring protrusion settings for this character.
Package microtype Info: Character `₄' is missing
(microtype)             in font `\TU/TeXGyrePagella(0)/m/n/10.95'.
(microtype)             Ignoring protrusion settings for this character.
Package microtype Info: Character `₅' is missing
(microtype)             in font `\TU/TeXGyrePagella(0)/m/n/10.95'.
(microtype)             Ignoring protrusion settings for this character.
Package microtype Info: Character `₆' is missing
(microtype)             in font `\TU/TeXGyrePagella(0)/m/n/10.95'.
(microtype)             Ignoring protrusion settings for this character.
Package microtype Info: Character `₇' is missing
(microtype)             in font `\TU/TeXGyrePagella(0)/m/n/10.95'.
(microtype)             Ignoring protrusion settings for this character.
Package microtype Info: Character `₈' is missing
(microtype)             in font `\TU/TeXGyrePagella(0)/m/n/10.95'.
(microtype)             Ignoring protrusion settings for this character.
Package microtype Info: Character `₉' is missing
(microtype)             in font `\TU/TeXGyrePagella(0)/m/n/10.95'.
(microtype)             Ignoring protrusion settings for this character.
Package microtype Info: Character `₊' is missing
(microtype)             in font `\TU/TeXGyrePagella(0)/m/n/10.95'.
(microtype)             Ignoring protrusion settings for this character.
Package microtype Info: Character `₋' is missing
(microtype)             in font `\TU/TeXGyrePagella(0)/m/n/10.95'.
(microtype)             Ignoring protrusion settings for this character.
Package microtype Info: Character `⁺' is missing
(microtype)             in font `\TU/TeXGyrePagella(0)/m/n/10.95'.
(microtype)             Ignoring protrusion settings for this character.
Package microtype Info: Character `⁻' is missing
(microtype)             in font `\TU/TeXGyrePagella(0)/m/n/10.95'.
(microtype)             Ignoring protrusion settings for this character.

(/usr/share/texlive/texmf-dist/tex/latex/graphics/color.sty
Package: color 2022/01/06 v1.3d Standard LaTeX Color (DPC)

(/usr/share/texlive/texmf-dist/tex/latex/graphics-cfg/color.cfg
File: color.cfg 2016/01/02 v1.6 sample color configuration
)
Package color Info: Driver file: xetex.def on input line 149.

(/usr/share/texlive/texmf-dist/tex/latex/graphics/mathcolor.ltx))
Package hyperref Info: Link coloring ON on input line 68.

(./smoothness-paradox.out) (./smoothness-paradox.out)
\@outlinefile=\write3
\openout3 = `smoothness-paradox.out'.

Package microtype Info: Character `ﬆ' is missing
(microtype)             in font `\TU/TeXGyrePagella(0)/m/n/17.28'.
(microtype)             Ignoring protrusion settings for this character.
Package microtype Info: Character `ﬅ' is missing
(microtype)             in font `\TU/TeXGyrePagella(0)/m/n/17.28'.
(microtype)             Ignoring protrusion settings for this character.
Package microtype Info: Character `‥' is missing
(microtype)             in font `\TU/TeXGyrePagella(0)/m/n/17.28'.
(microtype)             Ignoring protrusion settings for this character.
Package microtype Info: Character `‼' is missing
(microtype)             in font `\TU/TeXGyrePagella(0)/m/n/17.28'.
(microtype)             Ignoring protrusion settings for this character.
Package microtype Info: Character `⁰' is missing
(microtype)             in font `\TU/TeXGyrePagella(0)/m/n/17.28'.
(microtype)             Ignoring protrusion settings for this character.
Package microtype Info: Character `⁴' is missing
(microtype)             in font `\TU/TeXGyrePagella(0)/m/n/17.28'.
(microtype)             Ignoring protrusion settings for this character.
Package microtype Info: Character `⁵' is missing
(microtype)             in font `\TU/TeXGyrePagella(0)/m/n/17.28'.
(microtype)             Ignoring protrusion settings for this character.
Package microtype Info: Character `⁶' is missing
(microtype)             in font `\TU/TeXGyrePagella(0)/m/n/17.28'.
(microtype)             Ignoring protrusion settings for this character.
Package microtype Info: Character `⁷' is missing
(microtype)             in font `\TU/TeXGyrePagella(0)/m/n/17.28'.
(microtype)             Ignoring protrusion settings for this character.
Package microtype Info: Character `⁸' is missing
(microtype)             in font `\TU/TeXGyrePagella(0)/m/n/17.28'.
(microtype)             Ignoring protrusion settings for this character.
Package microtype Info: Character `⁹' is missing
(microtype)             in font `\TU/TeXGyrePagella(0)/m/n/17.28'.
(microtype)             Ignoring protrusion settings for this character.
Package microtype Info: Character `₀' is missing
(microtype)             in font `\TU/TeXGyrePagella(0)/m/n/17.28'.
(microtype)             Ignoring protrusion settings for this character.
Package microtype Info: Character `₁' is missing
(microtype)             in font `\TU/TeXGyrePagella(0)/m/n/17.28'.
(microtype)             Ignoring protrusion settings for this character.
Package microtype Info: Character `₂' is missing
(microtype)             in font `\TU/TeXGyrePagella(0)/m/n/17.28'.
(microtype)             Ignoring protrusion settings for this character.
Package microtype Info: Character `₃' is missing
(microtype)             in font `\TU/TeXGyrePagella(0)/m/n/17.28'.
(microtype)             Ignoring protrusion settings for this character.
Package microtype Info: Character `₄' is missing
(microtype)             in font `\TU/TeXGyrePagella(0)/m/n/17.28'.
(microtype)             Ignoring protrusion settings for this character.
Package microtype Info: Character `₅' is missing
(microtype)             in font `\TU/TeXGyrePagella(0)/m/n/17.28'.
(microtype)             Ignoring protrusion settings for this character.
Package microtype Info: Character `₆' is missing
(microtype)             in font `\TU/TeXGyrePagella(0)/m/n/17.28'.
(microtype)             Ignoring protrusion settings for this character.
Package microtype Info: Character `₇' is missing
(microtype)             in font `\TU/TeXGyrePagella(0)/m/n/17.28'.
(microtype)             Ignoring protrusion settings for this character.
Package microtype Info: Character `₈' is missing
(microtype)             in font `\TU/TeXGyrePagella(0)/m/n/17.28'.
(microtype)             Ignoring protrusion settings for this character.
Package microtype Info: Character `₉' is missing
(microtype)             in font `\TU/TeXGyrePagella(0)/m/n/17.28'.
(microtype)             Ignoring protrusion settings for this character.
Package microtype Info: Character `₊' is missing
(microtype)             in font `\TU/TeXGyrePagella(0)/m/n/17.28'.
(microtype)             Ignoring protrusion settings for this character.
Package microtype Info: Character `₋' is missing
(microtype)             in font `\TU/TeXGyrePagella(0)/m/n/17.28'.
(microtype)             Ignoring protrusion settings for this character.
Package microtype Info: Character `⁺' is missing
(microtype)             in font `\TU/TeXGyrePagella(0)/m/n/17.28'.
(microtype)             Ignoring protrusion settings for this character.
Package microtype Info: Character `⁻' is missing
(microtype)             in font `\TU/TeXGyrePagella(0)/m/n/17.28'.
(microtype)             Ignoring protrusion settings for this character.
Package microtype Info: Character `ﬆ' is missing
(microtype)             in font `\TU/TeXGyrePagella(0)/m/n/12'.
(microtype)             Ignoring protrusion settings for this character.
Package microtype Info: Character `ﬅ' is missing
(microtype)             in font `\TU/TeXGyrePagella(0)/m/n/12'.
(microtype)             Ignoring protrusion settings for this character.
Package microtype Info: Character `‥' is missing
(microtype)             in font `\TU/TeXGyrePagella(0)/m/n/12'.
(microtype)             Ignoring protrusion settings for this character.
Package microtype Info: Character `‼' is missing
(microtype)             in font `\TU/TeXGyrePagella(0)/m/n/12'.
(microtype)             Ignoring protrusion settings for this character.
Package microtype Info: Character `⁰' is missing
(microtype)             in font `\TU/TeXGyrePagella(0)/m/n/12'.
(microtype)             Ignoring protrusion settings for this character.
Package microtype Info: Character `⁴' is missing
(microtype)             in font `\TU/TeXGyrePagella(0)/m/n/12'.
(microtype)             Ignoring protrusion settings for this character.
Package microtype Info: Character `⁵' is missing
(microtype)             in font `\TU/TeXGyrePagella(0)/m/n/12'.
(microtype)             Ignoring protrusion settings for this character.
Package microtype Info: Character `⁶' is missing
(microtype)             in font `\TU/TeXGyrePagella(0)/m/n/12'.
(microtype)             Ignoring protrusion settings for this character.
Package microtype Info: Character `⁷' is missing
(microtype)             in font `\TU/TeXGyrePagella(0)/m/n/12'.
(microtype)             Ignoring protrusion settings for this character.
Package microtype Info: Character `⁸' is missing
(microtype)             in font `\TU/TeXGyrePagella(0)/m/n/12'.
(microtype)             Ignoring protrusion settings for this character.
Package microtype Info: Character `⁹' is missing
(microtype)             in font `\TU/TeXGyrePagella(0)/m/n/12'.
(microtype)             Ignoring protrusion settings for this character.
Package microtype Info: Character `₀' is missing
(microtype)             in font `\TU/TeXGyrePagella(0)/m/n/12'.
(microtype)             Ignoring protrusion settings for this character.
Package microtype Info: Character `₁' is missing
(microtype)             in font `\TU/TeXGyrePagella(0)/m/n/12'.
(microtype)             Ignoring protrusion settings for this character.
Package microtype Info: Character `₂' is missing
(microtype)             in font `\TU/TeXGyrePagella(0)/m/n/12'.
(microtype)             Ignoring protrusion settings for this character.
Package microtype Info: Character `₃' is missing
(microtype)             in font `\TU/TeXGyrePagella(0)/m/n/12'.
(microtype)             Ignoring protrusion settings for this character.
Package microtype Info: Character `₄' is missing
(microtype)             in font `\TU/TeXGyrePagella(0)/m/n/12'.
(microtype)             Ignoring protrusion settings for this character.
Package microtype Info: Character `₅' is missing
(microtype)             in font `\TU/TeXGyrePagella(0)/m/n/12'.
(microtype)             Ignoring protrusion settings for this character.
Package microtype Info: Character `₆' is missing
(microtype)             in font `\TU/TeXGyrePagella(0)/m/n/12'.
(microtype)             Ignoring protrusion settings for this character.
Package microtype Info: Character `₇' is missing
(microtype)             in font `\TU/TeXGyrePagella(0)/m/n/12'.
(microtype)             Ignoring protrusion settings for this character.
Package microtype Info: Character `₈' is missing
(microtype)             in font `\TU/TeXGyrePagella(0)/m/n/12'.
(microtype)             Ignoring protrusion settings for this character.
Package microtype Info: Character `₉' is missing
(microtype)             in font `\TU/TeXGyrePagella(0)/m/n/12'.
(microtype)             Ignoring protrusion settings for this character.
Package microtype Info: Character `₊' is missing
(microtype)             in font `\TU/TeXGyrePagella(0)/m/n/12'.
(microtype)             Ignoring protrusion settings for this character.
Package microtype Info: Character `₋' is missing
(microtype)             in font `\TU/TeXGyrePagella(0)/m/n/12'.
(microtype)             Ignoring protrusion settings for this character.
Package microtype Info: Character `⁺' is missing
(microtype)             in font `\TU/TeXGyrePagella(0)/m/n/12'.
(microtype)             Ignoring protrusion settings for this character.
Package microtype Info: Character `⁻' is missing
(microtype)             in font `\TU/TeXGyrePagella(0)/m/n/12'.
(microtype)             Ignoring protrusion settings for this character.
Package microtype Info: Character `ﬆ' is missing
(microtype)             in font `\TU/TeXGyrePagella(0)/m/n/8'.
(microtype)             Ignoring protrusion settings for this character.
Package microtype Info: Character `ﬅ' is missing
(microtype)             in font `\TU/TeXGyrePagella(0)/m/n/8'.
(microtype)             Ignoring protrusion settings for this character.
Package microtype Info: Character `‥' is missing
(microtype)             in font `\TU/TeXGyrePagella(0)/m/n/8'.
(microtype)             Ignoring protrusion settings for this character.
Package microtype Info: Character `‼' is missing
(microtype)             in font `\TU/TeXGyrePagella(0)/m/n/8'.
(microtype)             Ignoring protrusion settings for this character.
Package microtype Info: Character `⁰' is missing
(microtype)             in font `\TU/TeXGyrePagella(0)/m/n/8'.
(microtype)             Ignoring protrusion settings for this character.
Package microtype Info: Character `⁴' is missing
(microtype)             in font `\TU/TeXGyrePagella(0)/m/n/8'.
(microtype)             Ignoring protrusion settings for this character.
Package microtype Info: Character `⁵' is missing
(microtype)             in font `\TU/TeXGyrePagella(0)/m/n/8'.
(microtype)             Ignoring protrusion settings for this character.
Package microtype Info: Character `⁶' is missing
(microtype)             in font `\TU/TeXGyrePagella(0)/m/n/8'.
(microtype)             Ignoring protrusion settings for this character.
Package microtype Info: Character `⁷' is missing
(microtype)             in font `\TU/TeXGyrePagella(0)/m/n/8'.
(microtype)             Ignoring protrusion settings for this character.
Package microtype Info: Character `⁸' is missing
(microtype)             in font `\TU/TeXGyrePagella(0)/m/n/8'.
(microtype)             Ignoring protrusion settings for this character.
Package microtype Info: Character `⁹' is missing
(microtype)             in font `\TU/TeXGyrePagella(0)/m/n/8'.
(microtype)             Ignoring protrusion settings for this character.
Package microtype Info: Character `₀' is missing
(microtype)             in font `\TU/TeXGyrePagella(0)/m/n/8'.
(microtype)             Ignoring protrusion settings for this character.
Package microtype Info: Character `₁' is missing
(microtype)             in font `\TU/TeXGyrePagella(0)/m/n/8'.
(microtype)             Ignoring protrusion settings for this character.
Package microtype Info: Character `₂' is missing
(microtype)             in font `\TU/TeXGyrePagella(0)/m/n/8'.
(microtype)             Ignoring protrusion settings for this character.
Package microtype Info: Character `₃' is missing
(microtype)             in font `\TU/TeXGyrePagella(0)/m/n/8'.
(microtype)             Ignoring protrusion settings for this character.
Package microtype Info: Character `₄' is missing
(microtype)             in font `\TU/TeXGyrePagella(0)/m/n/8'.
(microtype)             Ignoring protrusion settings for this character.
Package microtype Info: Character `₅' is missing
(microtype)             in font `\TU/TeXGyrePagella(0)/m/n/8'.
(microtype)             Ignoring protrusion settings for this character.
Package microtype Info: Character `₆' is missing
(microtype)             in font `\TU/TeXGyrePagella(0)/m/n/8'.
(microtype)             Ignoring protrusion settings for this character.
Package microtype Info: Character `₇' is missing
(microtype)             in font `\TU/TeXGyrePagella(0)/m/n/8'.
(microtype)             Ignoring protrusion settings for this character.
Package microtype Info: Character `₈' is missing
(microtype)             in font `\TU/TeXGyrePagella(0)/m/n/8'.
(microtype)             Ignoring protrusion settings for this character.
Package microtype Info: Character `₉' is missing
(microtype)             in font `\TU/TeXGyrePagella(0)/m/n/8'.
(microtype)             Ignoring protrusion settings for this character.
Package microtype Info: Character `₊' is missing
(microtype)             in font `\TU/TeXGyrePagella(0)/m/n/8'.
(microtype)             Ignoring protrusion settings for this character.
Package microtype Info: Character `₋' is missing
(microtype)             in font `\TU/TeXGyrePagella(0)/m/n/8'.
(microtype)             Ignoring protrusion settings for this character.
Package microtype Info: Character `⁺' is missing
(microtype)             in font `\TU/TeXGyrePagella(0)/m/n/8'.
(microtype)             Ignoring protrusion settings for this character.
Package microtype Info: Character `⁻' is missing
(microtype)             in font `\TU/TeXGyrePagella(0)/m/n/8'.
(microtype)             Ignoring protrusion settings for this character.
Package microtype Info: Character `ﬆ' is missing
(microtype)             in font `\TU/TeXGyrePagella(0)/m/n/6'.
(microtype)             Ignoring protrusion settings for this character.
Package microtype Info: Character `ﬅ' is missing
(microtype)             in font `\TU/TeXGyrePagella(0)/m/n/6'.
(microtype)             Ignoring protrusion settings for this character.
Package microtype Info: Character `‥' is missing
(microtype)             in font `\TU/TeXGyrePagella(0)/m/n/6'.
(microtype)             Ignoring protrusion settings for this character.
Package microtype Info: Character `‼' is missing
(microtype)             in font `\TU/TeXGyrePagella(0)/m/n/6'.
(microtype)             Ignoring protrusion settings for this character.
Package microtype Info: Character `⁰' is missing
(microtype)             in font `\TU/TeXGyrePagella(0)/m/n/6'.
(microtype)             Ignoring protrusion settings for this character.
Package microtype Info: Character `⁴' is missing
(microtype)             in font `\TU/TeXGyrePagella(0)/m/n/6'.
(microtype)             Ignoring protrusion settings for this character.
Package microtype Info: Character `⁵' is missing
(microtype)             in font `\TU/TeXGyrePagella(0)/m/n/6'.
(microtype)             Ignoring protrusion settings for this character.
Package microtype Info: Character `⁶' is missing
(microtype)             in font `\TU/TeXGyrePagella(0)/m/n/6'.
(microtype)             Ignoring protrusion settings for this character.
Package microtype Info: Character `⁷' is missing
(microtype)             in font `\TU/TeXGyrePagella(0)/m/n/6'.
(microtype)             Ignoring protrusion settings for this character.
Package microtype Info: Character `⁸' is missing
(microtype)             in font `\TU/TeXGyrePagella(0)/m/n/6'.
(microtype)             Ignoring protrusion settings for this character.
Package microtype Info: Character `⁹' is missing
(microtype)             in font `\TU/TeXGyrePagella(0)/m/n/6'.
(microtype)             Ignoring protrusion settings for this character.
Package microtype Info: Character `₀' is missing
(microtype)             in font `\TU/TeXGyrePagella(0)/m/n/6'.
(microtype)             Ignoring protrusion settings for this character.
Package microtype Info: Character `₁' is missing
(microtype)             in font `\TU/TeXGyrePagella(0)/m/n/6'.
(microtype)             Ignoring protrusion settings for this character.
Package microtype Info: Character `₂' is missing
(microtype)             in font `\TU/TeXGyrePagella(0)/m/n/6'.
(microtype)             Ignoring protrusion settings for this character.
Package microtype Info: Character `₃' is missing
(microtype)             in font `\TU/TeXGyrePagella(0)/m/n/6'.
(microtype)             Ignoring protrusion settings for this character.
Package microtype Info: Character `₄' is missing
(microtype)             in font `\TU/TeXGyrePagella(0)/m/n/6'.
(microtype)             Ignoring protrusion settings for this character.
Package microtype Info: Character `₅' is missing
(microtype)             in font `\TU/TeXGyrePagella(0)/m/n/6'.
(microtype)             Ignoring protrusion settings for this character.
Package microtype Info: Character `₆' is missing
(microtype)             in font `\TU/TeXGyrePagella(0)/m/n/6'.
(microtype)             Ignoring protrusion settings for this character.
Package microtype Info: Character `₇' is missing
(microtype)             in font `\TU/TeXGyrePagella(0)/m/n/6'.
(microtype)             Ignoring protrusion settings for this character.
Package microtype Info: Character `₈' is missing
(microtype)             in font `\TU/TeXGyrePagella(0)/m/n/6'.
(microtype)             Ignoring protrusion settings for this character.
Package microtype Info: Character `₉' is missing
(microtype)             in font `\TU/TeXGyrePagella(0)/m/n/6'.
(microtype)             Ignoring protrusion settings for this character.
Package microtype Info: Character `₊' is missing
(microtype)             in font `\TU/TeXGyrePagella(0)/m/n/6'.
(microtype)             Ignoring protrusion settings for this character.
Package microtype Info: Character `₋' is missing
(microtype)             in font `\TU/TeXGyrePagella(0)/m/n/6'.
(microtype)             Ignoring protrusion settings for this character.
Package microtype Info: Character `⁺' is missing
(microtype)             in font `\TU/TeXGyrePagella(0)/m/n/6'.
(microtype)             Ignoring protrusion settings for this character.
Package microtype Info: Character `⁻' is missing
(microtype)             in font `\TU/TeXGyrePagella(0)/m/n/6'.
(microtype)             Ignoring protrusion settings for this character.
LaTeX Font Info:    Trying to load font information for U+msa on input line 72.


(/usr/share/texlive/texmf-dist/tex/latex/amsfonts/umsa.fd
File: umsa.fd 2013/01/14 v3.01 AMS symbols A
)
(/usr/share/texlive/texmf-dist/tex/latex/microtype/mt-msa.cfg
File: mt-msa.cfg 2006/02/04 v1.1 microtype config. file: AMS symbols (a) (RS)
)
LaTeX Font Info:    Trying to load font information for U+msb on input line 72.


(/usr/share/texlive/texmf-dist/tex/latex/amsfonts/umsb.fd
File: umsb.fd 2013/01/14 v3.01 AMS symbols B
)
(/usr/share/texlive/texmf-dist/tex/latex/microtype/mt-msb.cfg
File: mt-msb.cfg 2005/06/01 v1.0 microtype config. file: AMS symbols (b) (RS)
)
(/usr/share/texlive/texmf-dist/tex/latex/microtype/mt-cmr.cfg
File: mt-cmr.cfg 2013/05/19 v2.2 microtype config. file: Computer Modern Roman 
(RS)
)
LaTeX Font Info:    Trying to load font information for U+rsfs on input line 72
.

(/usr/share/texlive/texmf-dist/tex/latex/jknapltx/ursfs.fd
File: ursfs.fd 1998/03/24 rsfs font definition file (jk)
) [1



]
LaTeX Font Info:    Font shape `TU/TeXGyrePagella(0)/m/sl' in size <10.95> not 
available
(Font)              Font shape `TU/TeXGyrePagella(0)/m/it' tried instead on inp
ut line 72.
Package microtype Info: Character `‥' is missing
(microtype)             in font `\TU/TeXGyrePagella(0)/m/it/10.95'.
(microtype)             Ignoring protrusion settings for this character.
Package microtype Info: Character `⁰' is missing
(microtype)             in font `\TU/TeXGyrePagella(0)/m/it/10.95'.
(microtype)             Ignoring protrusion settings for this character.
Package microtype Info: Character `⁴' is missing
(microtype)             in font `\TU/TeXGyrePagella(0)/m/it/10.95'.
(microtype)             Ignoring protrusion settings for this character.
Package microtype Info: Character `⁵' is missing
(microtype)             in font `\TU/TeXGyrePagella(0)/m/it/10.95'.
(microtype)             Ignoring protrusion settings for this character.
Package microtype Info: Character `⁶' is missing
(microtype)             in font `\TU/TeXGyrePagella(0)/m/it/10.95'.
(microtype)             Ignoring protrusion settings for this character.
Package microtype Info: Character `⁷' is missing
(microtype)             in font `\TU/TeXGyrePagella(0)/m/it/10.95'.
(microtype)             Ignoring protrusion settings for this character.
Package microtype Info: Character `⁸' is missing
(microtype)             in font `\TU/TeXGyrePagella(0)/m/it/10.95'.
(microtype)             Ignoring protrusion settings for this character.
Package microtype Info: Character `⁹' is missing
(microtype)             in font `\TU/TeXGyrePagella(0)/m/it/10.95'.
(microtype)             Ignoring protrusion settings for this character.
Package microtype Info: Character `₀' is missing
(microtype)             in font `\TU/TeXGyrePagella(0)/m/it/10.95'.
(microtype)             Ignoring protrusion settings for this character.
Package microtype Info: Character `₁' is missing
(microtype)             in font `\TU/TeXGyrePagella(0)/m/it/10.95'.
(microtype)             Ignoring protrusion settings for this character.
Package microtype Info: Character `₂' is missing
(microtype)             in font `\TU/TeXGyrePagella(0)/m/it/10.95'.
(microtype)             Ignoring protrusion settings for this character.
Package microtype Info: Character `₃' is missing
(microtype)             in font `\TU/TeXGyrePagella(0)/m/it/10.95'.
(microtype)             Ignoring protrusion settings for this character.
Package microtype Info: Character `₄' is missing
(microtype)             in font `\TU/TeXGyrePagella(0)/m/it/10.95'.
(microtype)             Ignoring protrusion settings for this character.
Package microtype Info: Character `₅' is missing
(microtype)             in font `\TU/TeXGyrePagella(0)/m/it/10.95'.
(microtype)             Ignoring protrusion settings for this character.
Package microtype Info: Character `₆' is missing
(microtype)             in font `\TU/TeXGyrePagella(0)/m/it/10.95'.
(microtype)             Ignoring protrusion settings for this character.
Package microtype Info: Character `₇' is missing
(microtype)             in font `\TU/TeXGyrePagella(0)/m/it/10.95'.
(microtype)             Ignoring protrusion settings for this character.
Package microtype Info: Character `₈' is missing
(microtype)             in font `\TU/TeXGyrePagella(0)/m/it/10.95'.
(microtype)             Ignoring protrusion settings for this character.
Package microtype Info: Character `₉' is missing
(microtype)             in font `\TU/TeXGyrePagella(0)/m/it/10.95'.
(microtype)             Ignoring protrusion settings for this character.
Package microtype Info: Character `₊' is missing
(microtype)             in font `\TU/TeXGyrePagella(0)/m/it/10.95'.
(microtype)             Ignoring protrusion settings for this character.
Package microtype Info: Character `₋' is missing
(microtype)             in font `\TU/TeXGyrePagella(0)/m/it/10.95'.
(microtype)             Ignoring protrusion settings for this character.
Package microtype Info: Character `⁺' is missing
(microtype)             in font `\TU/TeXGyrePagella(0)/m/it/10.95'.
(microtype)             Ignoring protrusion settings for this character.
Package microtype Info: Character `⁻' is missing
(microtype)             in font `\TU/TeXGyrePagella(0)/m/it/10.95'.
(microtype)             Ignoring protrusion settings for this character.
 [2

]
Package microtype Info: Character `ﬆ' is missing
(microtype)             in font `\TU/TeXGyrePagella(0)/m/n/24.88'.
(microtype)             Ignoring protrusion settings for this character.
Package microtype Info: Character `ﬅ' is missing
(microtype)             in font `\TU/TeXGyrePagella(0)/m/n/24.88'.
(microtype)             Ignoring protrusion settings for this character.
Package microtype Info: Character `‥' is missing
(microtype)             in font `\TU/TeXGyrePagella(0)/m/n/24.88'.
(microtype)             Ignoring protrusion settings for this character.
Package microtype Info: Character `‼' is missing
(microtype)             in font `\TU/TeXGyrePagella(0)/m/n/24.88'.
(microtype)             Ignoring protrusion settings for this character.
Package microtype Info: Character `⁰' is missing
(microtype)             in font `\TU/TeXGyrePagella(0)/m/n/24.88'.
(microtype)             Ignoring protrusion settings for this character.
Package microtype Info: Character `⁴' is missing
(microtype)             in font `\TU/TeXGyrePagella(0)/m/n/24.88'.
(microtype)             Ignoring protrusion settings for this character.
Package microtype Info: Character `⁵' is missing
(microtype)             in font `\TU/TeXGyrePagella(0)/m/n/24.88'.
(microtype)             Ignoring protrusion settings for this character.
Package microtype Info: Character `⁶' is missing
(microtype)             in font `\TU/TeXGyrePagella(0)/m/n/24.88'.
(microtype)             Ignoring protrusion settings for this character.
Package microtype Info: Character `⁷' is missing
(microtype)             in font `\TU/TeXGyrePagella(0)/m/n/24.88'.
(microtype)             Ignoring protrusion settings for this character.
Package microtype Info: Character `⁸' is missing
(microtype)             in font `\TU/TeXGyrePagella(0)/m/n/24.88'.
(microtype)             Ignoring protrusion settings for this character.
Package microtype Info: Character `⁹' is missing
(microtype)             in font `\TU/TeXGyrePagella(0)/m/n/24.88'.
(microtype)             Ignoring protrusion settings for this character.
Package microtype Info: Character `₀' is missing
(microtype)             in font `\TU/TeXGyrePagella(0)/m/n/24.88'.
(microtype)             Ignoring protrusion settings for this character.
Package microtype Info: Character `₁' is missing
(microtype)             in font `\TU/TeXGyrePagella(0)/m/n/24.88'.
(microtype)             Ignoring protrusion settings for this character.
Package microtype Info: Character `₂' is missing
(microtype)             in font `\TU/TeXGyrePagella(0)/m/n/24.88'.
(microtype)             Ignoring protrusion settings for this character.
Package microtype Info: Character `₃' is missing
(microtype)             in font `\TU/TeXGyrePagella(0)/m/n/24.88'.
(microtype)             Ignoring protrusion settings for this character.
Package microtype Info: Character `₄' is missing
(microtype)             in font `\TU/TeXGyrePagella(0)/m/n/24.88'.
(microtype)             Ignoring protrusion settings for this character.
Package microtype Info: Character `₅' is missing
(microtype)             in font `\TU/TeXGyrePagella(0)/m/n/24.88'.
(microtype)             Ignoring protrusion settings for this character.
Package microtype Info: Character `₆' is missing
(microtype)             in font `\TU/TeXGyrePagella(0)/m/n/24.88'.
(microtype)             Ignoring protrusion settings for this character.
Package microtype Info: Character `₇' is missing
(microtype)             in font `\TU/TeXGyrePagella(0)/m/n/24.88'.
(microtype)             Ignoring protrusion settings for this character.
Package microtype Info: Character `₈' is missing
(microtype)             in font `\TU/TeXGyrePagella(0)/m/n/24.88'.
(microtype)             Ignoring protrusion settings for this character.
Package microtype Info: Character `₉' is missing
(microtype)             in font `\TU/TeXGyrePagella(0)/m/n/24.88'.
(microtype)             Ignoring protrusion settings for this character.
Package microtype Info: Character `₊' is missing
(microtype)             in font `\TU/TeXGyrePagella(0)/m/n/24.88'.
(microtype)             Ignoring protrusion settings for this character.
Package microtype Info: Character `₋' is missing
(microtype)             in font `\TU/TeXGyrePagella(0)/m/n/24.88'.
(microtype)             Ignoring protrusion settings for this character.
Package microtype Info: Character `⁺' is missing
(microtype)             in font `\TU/TeXGyrePagella(0)/m/n/24.88'.
(microtype)             Ignoring protrusion settings for this character.
Package microtype Info: Character `⁻' is missing
(microtype)             in font `\TU/TeXGyrePagella(0)/m/n/24.88'.
(microtype)             Ignoring protrusion settings for this character.
Package microtype Info: Character `ﬆ' is missing
(microtype)             in font `\TU/TeXGyrePagella(0)/b/n/24.88'.
(microtype)             Ignoring protrusion settings for this character.
Package microtype Info: Character `ﬅ' is missing
(microtype)             in font `\TU/TeXGyrePagella(0)/b/n/24.88'.
(microtype)             Ignoring protrusion settings for this character.
Package microtype Info: Character `‥' is missing
(microtype)             in font `\TU/TeXGyrePagella(0)/b/n/24.88'.
(microtype)             Ignoring protrusion settings for this character.
Package microtype Info: Character `‼' is missing
(microtype)             in font `\TU/TeXGyrePagella(0)/b/n/24.88'.
(microtype)             Ignoring protrusion settings for this character.
Package microtype Info: Character `⁰' is missing
(microtype)             in font `\TU/TeXGyrePagella(0)/b/n/24.88'.
(microtype)             Ignoring protrusion settings for this character.
Package microtype Info: Character `⁴' is missing
(microtype)             in font `\TU/TeXGyrePagella(0)/b/n/24.88'.
(microtype)             Ignoring protrusion settings for this character.
Package microtype Info: Character `⁵' is missing
(microtype)             in font `\TU/TeXGyrePagella(0)/b/n/24.88'.
(microtype)             Ignoring protrusion settings for this character.
Package microtype Info: Character `⁶' is missing
(microtype)             in font `\TU/TeXGyrePagella(0)/b/n/24.88'.
(microtype)             Ignoring protrusion settings for this character.
Package microtype Info: Character `⁷' is missing
(microtype)             in font `\TU/TeXGyrePagella(0)/b/n/24.88'.
(microtype)             Ignoring protrusion settings for this character.
Package microtype Info: Character `⁸' is missing
(microtype)             in font `\TU/TeXGyrePagella(0)/b/n/24.88'.
(microtype)             Ignoring protrusion settings for this character.
Package microtype Info: Character `⁹' is missing
(microtype)             in font `\TU/TeXGyrePagella(0)/b/n/24.88'.
(microtype)             Ignoring protrusion settings for this character.
Package microtype Info: Character `₀' is missing
(microtype)             in font `\TU/TeXGyrePagella(0)/b/n/24.88'.
(microtype)             Ignoring protrusion settings for this character.
Package microtype Info: Character `₁' is missing
(microtype)             in font `\TU/TeXGyrePagella(0)/b/n/24.88'.
(microtype)             Ignoring protrusion settings for this character.
Package microtype Info: Character `₂' is missing
(microtype)             in font `\TU/TeXGyrePagella(0)/b/n/24.88'.
(microtype)             Ignoring protrusion settings for this character.
Package microtype Info: Character `₃' is missing
(microtype)             in font `\TU/TeXGyrePagella(0)/b/n/24.88'.
(microtype)             Ignoring protrusion settings for this character.
Package microtype Info: Character `₄' is missing
(microtype)             in font `\TU/TeXGyrePagella(0)/b/n/24.88'.
(microtype)             Ignoring protrusion settings for this character.
Package microtype Info: Character `₅' is missing
(microtype)             in font `\TU/TeXGyrePagella(0)/b/n/24.88'.
(microtype)             Ignoring protrusion settings for this character.
Package microtype Info: Character `₆' is missing
(microtype)             in font `\TU/TeXGyrePagella(0)/b/n/24.88'.
(microtype)             Ignoring protrusion settings for this character.
Package microtype Info: Character `₇' is missing
(microtype)             in font `\TU/TeXGyrePagella(0)/b/n/24.88'.
(microtype)             Ignoring protrusion settings for this character.
Package microtype Info: Character `₈' is missing
(microtype)             in font `\TU/TeXGyrePagella(0)/b/n/24.88'.
(microtype)             Ignoring protrusion settings for this character.
Package microtype Info: Character `₉' is missing
(microtype)             in font `\TU/TeXGyrePagella(0)/b/n/24.88'.
(microtype)             Ignoring protrusion settings for this character.
Package microtype Info: Character `₊' is missing
(microtype)             in font `\TU/TeXGyrePagella(0)/b/n/24.88'.
(microtype)             Ignoring protrusion settings for this character.
Package microtype Info: Character `₋' is missing
(microtype)             in font `\TU/TeXGyrePagella(0)/b/n/24.88'.
(microtype)             Ignoring protrusion settings for this character.
Package microtype Info: Character `⁺' is missing
(microtype)             in font `\TU/TeXGyrePagella(0)/b/n/24.88'.
(microtype)             Ignoring protrusion settings for this character.
Package microtype Info: Character `⁻' is missing
(microtype)             in font `\TU/TeXGyrePagella(0)/b/n/24.88'.
(microtype)             Ignoring protrusion settings for this character.

(./smoothness-paradox.toc
Package microtype Info: Character `ﬆ' is missing
(microtype)             in font `\TU/TeXGyrePagella(0)/b/n/10.95'.
(microtype)             Ignoring protrusion settings for this character.
Package microtype Info: Character `ﬅ' is missing
(microtype)             in font `\TU/TeXGyrePagella(0)/b/n/10.95'.
(microtype)             Ignoring protrusion settings for this character.
Package microtype Info: Character `‥' is missing
(microtype)             in font `\TU/TeXGyrePagella(0)/b/n/10.95'.
(microtype)             Ignoring protrusion settings for this character.
Package microtype Info: Character `‼' is missing
(microtype)             in font `\TU/TeXGyrePagella(0)/b/n/10.95'.
(microtype)             Ignoring protrusion settings for this character.
Package microtype Info: Character `⁰' is missing
(microtype)             in font `\TU/TeXGyrePagella(0)/b/n/10.95'.
(microtype)             Ignoring protrusion settings for this character.
Package microtype Info: Character `⁴' is missing
(microtype)             in font `\TU/TeXGyrePagella(0)/b/n/10.95'.
(microtype)             Ignoring protrusion settings for this character.
Package microtype Info: Character `⁵' is missing
(microtype)             in font `\TU/TeXGyrePagella(0)/b/n/10.95'.
(microtype)             Ignoring protrusion settings for this character.
Package microtype Info: Character `⁶' is missing
(microtype)             in font `\TU/TeXGyrePagella(0)/b/n/10.95'.
(microtype)             Ignoring protrusion settings for this character.
Package microtype Info: Character `⁷' is missing
(microtype)             in font `\TU/TeXGyrePagella(0)/b/n/10.95'.
(microtype)             Ignoring protrusion settings for this character.
Package microtype Info: Character `⁸' is missing
(microtype)             in font `\TU/TeXGyrePagella(0)/b/n/10.95'.
(microtype)             Ignoring protrusion settings for this character.
Package microtype Info: Character `⁹' is missing
(microtype)             in font `\TU/TeXGyrePagella(0)/b/n/10.95'.
(microtype)             Ignoring protrusion settings for this character.
Package microtype Info: Character `₀' is missing
(microtype)             in font `\TU/TeXGyrePagella(0)/b/n/10.95'.
(microtype)             Ignoring protrusion settings for this character.
Package microtype Info: Character `₁' is missing
(microtype)             in font `\TU/TeXGyrePagella(0)/b/n/10.95'.
(microtype)             Ignoring protrusion settings for this character.
Package microtype Info: Character `₂' is missing
(microtype)             in font `\TU/TeXGyrePagella(0)/b/n/10.95'.
(microtype)             Ignoring protrusion settings for this character.
Package microtype Info: Character `₃' is missing
(microtype)             in font `\TU/TeXGyrePagella(0)/b/n/10.95'.
(microtype)             Ignoring protrusion settings for this character.
Package microtype Info: Character `₄' is missing
(microtype)             in font `\TU/TeXGyrePagella(0)/b/n/10.95'.
(microtype)             Ignoring protrusion settings for this character.
Package microtype Info: Character `₅' is missing
(microtype)             in font `\TU/TeXGyrePagella(0)/b/n/10.95'.
(microtype)             Ignoring protrusion settings for this character.
Package microtype Info: Character `₆' is missing
(microtype)             in font `\TU/TeXGyrePagella(0)/b/n/10.95'.
(microtype)             Ignoring protrusion settings for this character.
Package microtype Info: Character `₇' is missing
(microtype)             in font `\TU/TeXGyrePagella(0)/b/n/10.95'.
(microtype)             Ignoring protrusion settings for this character.
Package microtype Info: Character `₈' is missing
(microtype)             in font `\TU/TeXGyrePagella(0)/b/n/10.95'.
(microtype)             Ignoring protrusion settings for this character.
Package microtype Info: Character `₉' is missing
(microtype)             in font `\TU/TeXGyrePagella(0)/b/n/10.95'.
(microtype)             Ignoring protrusion settings for this character.
Package microtype Info: Character `₊' is missing
(microtype)             in font `\TU/TeXGyrePagella(0)/b/n/10.95'.
(microtype)             Ignoring protrusion settings for this character.
Package microtype Info: Character `₋' is missing
(microtype)             in font `\TU/TeXGyrePagella(0)/b/n/10.95'.
(microtype)             Ignoring protrusion settings for this character.
Package microtype Info: Character `⁺' is missing
(microtype)             in font `\TU/TeXGyrePagella(0)/b/n/10.95'.
(microtype)             Ignoring protrusion settings for this character.
Package microtype Info: Character `⁻' is missing
(microtype)             in font `\TU/TeXGyrePagella(0)/b/n/10.95'.
(microtype)             Ignoring protrusion settings for this character.
Package microtype Info: Character `ﬆ' is missing
(microtype)             in font `\TU/TeXGyrePagella(0)/b/n/12'.
(microtype)             Ignoring protrusion settings for this character.
Package microtype Info: Character `ﬅ' is missing
(microtype)             in font `\TU/TeXGyrePagella(0)/b/n/12'.
(microtype)             Ignoring protrusion settings for this character.
Package microtype Info: Character `‥' is missing
(microtype)             in font `\TU/TeXGyrePagella(0)/b/n/12'.
(microtype)             Ignoring protrusion settings for this character.
Package microtype Info: Character `‼' is missing
(microtype)             in font `\TU/TeXGyrePagella(0)/b/n/12'.
(microtype)             Ignoring protrusion settings for this character.
Package microtype Info: Character `⁰' is missing
(microtype)             in font `\TU/TeXGyrePagella(0)/b/n/12'.
(microtype)             Ignoring protrusion settings for this character.
Package microtype Info: Character `⁴' is missing
(microtype)             in font `\TU/TeXGyrePagella(0)/b/n/12'.
(microtype)             Ignoring protrusion settings for this character.
Package microtype Info: Character `⁵' is missing
(microtype)             in font `\TU/TeXGyrePagella(0)/b/n/12'.
(microtype)             Ignoring protrusion settings for this character.
Package microtype Info: Character `⁶' is missing
(microtype)             in font `\TU/TeXGyrePagella(0)/b/n/12'.
(microtype)             Ignoring protrusion settings for this character.
Package microtype Info: Character `⁷' is missing
(microtype)             in font `\TU/TeXGyrePagella(0)/b/n/12'.
(microtype)             Ignoring protrusion settings for this character.
Package microtype Info: Character `⁸' is missing
(microtype)             in font `\TU/TeXGyrePagella(0)/b/n/12'.
(microtype)             Ignoring protrusion settings for this character.
Package microtype Info: Character `⁹' is missing
(microtype)             in font `\TU/TeXGyrePagella(0)/b/n/12'.
(microtype)             Ignoring protrusion settings for this character.
Package microtype Info: Character `₀' is missing
(microtype)             in font `\TU/TeXGyrePagella(0)/b/n/12'.
(microtype)             Ignoring protrusion settings for this character.
Package microtype Info: Character `₁' is missing
(microtype)             in font `\TU/TeXGyrePagella(0)/b/n/12'.
(microtype)             Ignoring protrusion settings for this character.
Package microtype Info: Character `₂' is missing
(microtype)             in font `\TU/TeXGyrePagella(0)/b/n/12'.
(microtype)             Ignoring protrusion settings for this character.
Package microtype Info: Character `₃' is missing
(microtype)             in font `\TU/TeXGyrePagella(0)/b/n/12'.
(microtype)             Ignoring protrusion settings for this character.
Package microtype Info: Character `₄' is missing
(microtype)             in font `\TU/TeXGyrePagella(0)/b/n/12'.
(microtype)             Ignoring protrusion settings for this character.
Package microtype Info: Character `₅' is missing
(microtype)             in font `\TU/TeXGyrePagella(0)/b/n/12'.
(microtype)             Ignoring protrusion settings for this character.
Package microtype Info: Character `₆' is missing
(microtype)             in font `\TU/TeXGyrePagella(0)/b/n/12'.
(microtype)             Ignoring protrusion settings for this character.
Package microtype Info: Character `₇' is missing
(microtype)             in font `\TU/TeXGyrePagella(0)/b/n/12'.
(microtype)             Ignoring protrusion settings for this character.
Package microtype Info: Character `₈' is missing
(microtype)             in font `\TU/TeXGyrePagella(0)/b/n/12'.
(microtype)             Ignoring protrusion settings for this character.
Package microtype Info: Character `₉' is missing
(microtype)             in font `\TU/TeXGyrePagella(0)/b/n/12'.
(microtype)             Ignoring protrusion settings for this character.
Package microtype Info: Character `₊' is missing
(microtype)             in font `\TU/TeXGyrePagella(0)/b/n/12'.
(microtype)             Ignoring protrusion settings for this character.
Package microtype Info: Character `₋' is missing
(microtype)             in font `\TU/TeXGyrePagella(0)/b/n/12'.
(microtype)             Ignoring protrusion settings for this character.
Package microtype Info: Character `⁺' is missing
(microtype)             in font `\TU/TeXGyrePagella(0)/b/n/12'.
(microtype)             Ignoring protrusion settings for this character.
Package microtype Info: Character `⁻' is missing
(microtype)             in font `\TU/TeXGyrePagella(0)/b/n/12'.
(microtype)             Ignoring protrusion settings for this character.
 [3] [4] [5] [6] [7] [8] [9] [10] [11] [12] [13]
[14] [15] [16] [17] [18] [19] [20] [21] [22] [23] [24] [25] [26] [27] [28]
[29] [30] [31] [32] [33] [34] [35] [36] [37] [38])
\tf@toc=\write4
\openout4 = `smoothness-paradox.toc'.

 [39] [40

] [41] [42] [43]
[44] [45] [46] [47] [48

]
Package microtype Info: Character `ﬆ' is missing
(microtype)             in font `\TU/TeXGyrePagella(0)/m/n/20.74'.
(microtype)             Ignoring protrusion settings for this character.
Package microtype Info: Character `ﬅ' is missing
(microtype)             in font `\TU/TeXGyrePagella(0)/m/n/20.74'.
(microtype)             Ignoring protrusion settings for this character.
Package microtype Info: Character `‥' is missing
(microtype)             in font `\TU/TeXGyrePagella(0)/m/n/20.74'.
(microtype)             Ignoring protrusion settings for this character.
Package microtype Info: Character `‼' is missing
(microtype)             in font `\TU/TeXGyrePagella(0)/m/n/20.74'.
(microtype)             Ignoring protrusion settings for this character.
Package microtype Info: Character `⁰' is missing
(microtype)             in font `\TU/TeXGyrePagella(0)/m/n/20.74'.
(microtype)             Ignoring protrusion settings for this character.
Package microtype Info: Character `⁴' is missing
(microtype)             in font `\TU/TeXGyrePagella(0)/m/n/20.74'.
(microtype)             Ignoring protrusion settings for this character.
Package microtype Info: Character `⁵' is missing
(microtype)             in font `\TU/TeXGyrePagella(0)/m/n/20.74'.
(microtype)             Ignoring protrusion settings for this character.
Package microtype Info: Character `⁶' is missing
(microtype)             in font `\TU/TeXGyrePagella(0)/m/n/20.74'.
(microtype)             Ignoring protrusion settings for this character.
Package microtype Info: Character `⁷' is missing
(microtype)             in font `\TU/TeXGyrePagella(0)/m/n/20.74'.
(microtype)             Ignoring protrusion settings for this character.
Package microtype Info: Character `⁸' is missing
(microtype)             in font `\TU/TeXGyrePagella(0)/m/n/20.74'.
(microtype)             Ignoring protrusion settings for this character.
Package microtype Info: Character `⁹' is missing
(microtype)             in font `\TU/TeXGyrePagella(0)/m/n/20.74'.
(microtype)             Ignoring protrusion settings for this character.
Package microtype Info: Character `₀' is missing
(microtype)             in font `\TU/TeXGyrePagella(0)/m/n/20.74'.
(microtype)             Ignoring protrusion settings for this character.
Package microtype Info: Character `₁' is missing
(microtype)             in font `\TU/TeXGyrePagella(0)/m/n/20.74'.
(microtype)             Ignoring protrusion settings for this character.
Package microtype Info: Character `₂' is missing
(microtype)             in font `\TU/TeXGyrePagella(0)/m/n/20.74'.
(microtype)             Ignoring protrusion settings for this character.
Package microtype Info: Character `₃' is missing
(microtype)             in font `\TU/TeXGyrePagella(0)/m/n/20.74'.
(microtype)             Ignoring protrusion settings for this character.
Package microtype Info: Character `₄' is missing
(microtype)             in font `\TU/TeXGyrePagella(0)/m/n/20.74'.
(microtype)             Ignoring protrusion settings for this character.
Package microtype Info: Character `₅' is missing
(microtype)             in font `\TU/TeXGyrePagella(0)/m/n/20.74'.
(microtype)             Ignoring protrusion settings for this character.
Package microtype Info: Character `₆' is missing
(microtype)             in font `\TU/TeXGyrePagella(0)/m/n/20.74'.
(microtype)             Ignoring protrusion settings for this character.
Package microtype Info: Character `₇' is missing
(microtype)             in font `\TU/TeXGyrePagella(0)/m/n/20.74'.
(microtype)             Ignoring protrusion settings for this character.
Package microtype Info: Character `₈' is missing
(microtype)             in font `\TU/TeXGyrePagella(0)/m/n/20.74'.
(microtype)             Ignoring protrusion settings for this character.
Package microtype Info: Character `₉' is missing
(microtype)             in font `\TU/TeXGyrePagella(0)/m/n/20.74'.
(microtype)             Ignoring protrusion settings for this character.
Package microtype Info: Character `₊' is missing
(microtype)             in font `\TU/TeXGyrePagella(0)/m/n/20.74'.
(microtype)             Ignoring protrusion settings for this character.
Package microtype Info: Character `₋' is missing
(microtype)             in font `\TU/TeXGyrePagella(0)/m/n/20.74'.
(microtype)             Ignoring protrusion settings for this character.
Package microtype Info: Character `⁺' is missing
(microtype)             in font `\TU/TeXGyrePagella(0)/m/n/20.74'.
(microtype)             Ignoring protrusion settings for this character.
Package microtype Info: Character `⁻' is missing
(microtype)             in font `\TU/TeXGyrePagella(0)/m/n/20.74'.
(microtype)             Ignoring protrusion settings for this character.
Package microtype Info: Character `ﬆ' is missing
(microtype)             in font `\TU/TeXGyrePagella(0)/b/n/20.74'.
(microtype)             Ignoring protrusion settings for this character.
Package microtype Info: Character `ﬅ' is missing
(microtype)             in font `\TU/TeXGyrePagella(0)/b/n/20.74'.
(microtype)             Ignoring protrusion settings for this character.
Package microtype Info: Character `‥' is missing
(microtype)             in font `\TU/TeXGyrePagella(0)/b/n/20.74'.
(microtype)             Ignoring protrusion settings for this character.
Package microtype Info: Character `‼' is missing
(microtype)             in font `\TU/TeXGyrePagella(0)/b/n/20.74'.
(microtype)             Ignoring protrusion settings for this character.
Package microtype Info: Character `⁰' is missing
(microtype)             in font `\TU/TeXGyrePagella(0)/b/n/20.74'.
(microtype)             Ignoring protrusion settings for this character.
Package microtype Info: Character `⁴' is missing
(microtype)             in font `\TU/TeXGyrePagella(0)/b/n/20.74'.
(microtype)             Ignoring protrusion settings for this character.
Package microtype Info: Character `⁵' is missing
(microtype)             in font `\TU/TeXGyrePagella(0)/b/n/20.74'.
(microtype)             Ignoring protrusion settings for this character.
Package microtype Info: Character `⁶' is missing
(microtype)             in font `\TU/TeXGyrePagella(0)/b/n/20.74'.
(microtype)             Ignoring protrusion settings for this character.
Package microtype Info: Character `⁷' is missing
(microtype)             in font `\TU/TeXGyrePagella(0)/b/n/20.74'.
(microtype)             Ignoring protrusion settings for this character.
Package microtype Info: Character `⁸' is missing
(microtype)             in font `\TU/TeXGyrePagella(0)/b/n/20.74'.
(microtype)             Ignoring protrusion settings for this character.
Package microtype Info: Character `⁹' is missing
(microtype)             in font `\TU/TeXGyrePagella(0)/b/n/20.74'.
(microtype)             Ignoring protrusion settings for this character.
Package microtype Info: Character `₀' is missing
(microtype)             in font `\TU/TeXGyrePagella(0)/b/n/20.74'.
(microtype)             Ignoring protrusion settings for this character.
Package microtype Info: Character `₁' is missing
(microtype)             in font `\TU/TeXGyrePagella(0)/b/n/20.74'.
(microtype)             Ignoring protrusion settings for this character.
Package microtype Info: Character `₂' is missing
(microtype)             in font `\TU/TeXGyrePagella(0)/b/n/20.74'.
(microtype)             Ignoring protrusion settings for this character.
Package microtype Info: Character `₃' is missing
(microtype)             in font `\TU/TeXGyrePagella(0)/b/n/20.74'.
(microtype)             Ignoring protrusion settings for this character.
Package microtype Info: Character `₄' is missing
(microtype)             in font `\TU/TeXGyrePagella(0)/b/n/20.74'.
(microtype)             Ignoring protrusion settings for this character.
Package microtype Info: Character `₅' is missing
(microtype)             in font `\TU/TeXGyrePagella(0)/b/n/20.74'.
(microtype)             Ignoring protrusion settings for this character.
Package microtype Info: Character `₆' is missing
(microtype)             in font `\TU/TeXGyrePagella(0)/b/n/20.74'.
(microtype)             Ignoring protrusion settings for this character.
Package microtype Info: Character `₇' is missing
(microtype)             in font `\TU/TeXGyrePagella(0)/b/n/20.74'.
(microtype)             Ignoring protrusion settings for this character.
Package microtype Info: Character `₈' is missing
(microtype)             in font `\TU/TeXGyrePagella(0)/b/n/20.74'.
(microtype)             Ignoring protrusion settings for this character.
Package microtype Info: Character `₉' is missing
(microtype)             in font `\TU/TeXGyrePagella(0)/b/n/20.74'.
(microtype)             Ignoring protrusion settings for this character.
Package microtype Info: Character `₊' is missing
(microtype)             in font `\TU/TeXGyrePagella(0)/b/n/20.74'.
(microtype)             Ignoring protrusion settings for this character.
Package microtype Info: Character `₋' is missing
(microtype)             in font `\TU/TeXGyrePagella(0)/b/n/20.74'.
(microtype)             Ignoring protrusion settings for this character.
Package microtype Info: Character `⁺' is missing
(microtype)             in font `\TU/TeXGyrePagella(0)/b/n/20.74'.
(microtype)             Ignoring protrusion settings for this character.
Package microtype Info: Character `⁻' is missing
(microtype)             in font `\TU/TeXGyrePagella(0)/b/n/20.74'.
(microtype)             Ignoring protrusion settings for this character.
 [1

] [2]
Chapter 1.
[3

]
Package microtype Info: Character `ﬆ' is missing
(microtype)             in font `\TU/TeXGyrePagella(0)/m/n/14.4'.
(microtype)             Ignoring protrusion settings for this character.
Package microtype Info: Character `ﬅ' is missing
(microtype)             in font `\TU/TeXGyrePagella(0)/m/n/14.4'.
(microtype)             Ignoring protrusion settings for this character.
Package microtype Info: Character `‥' is missing
(microtype)             in font `\TU/TeXGyrePagella(0)/m/n/14.4'.
(microtype)             Ignoring protrusion settings for this character.
Package microtype Info: Character `‼' is missing
(microtype)             in font `\TU/TeXGyrePagella(0)/m/n/14.4'.
(microtype)             Ignoring protrusion settings for this character.
Package microtype Info: Character `⁰' is missing
(microtype)             in font `\TU/TeXGyrePagella(0)/m/n/14.4'.
(microtype)             Ignoring protrusion settings for this character.
Package microtype Info: Character `⁴' is missing
(microtype)             in font `\TU/TeXGyrePagella(0)/m/n/14.4'.
(microtype)             Ignoring protrusion settings for this character.
Package microtype Info: Character `⁵' is missing
(microtype)             in font `\TU/TeXGyrePagella(0)/m/n/14.4'.
(microtype)             Ignoring protrusion settings for this character.
Package microtype Info: Character `⁶' is missing
(microtype)             in font `\TU/TeXGyrePagella(0)/m/n/14.4'.
(microtype)             Ignoring protrusion settings for this character.
Package microtype Info: Character `⁷' is missing
(microtype)             in font `\TU/TeXGyrePagella(0)/m/n/14.4'.
(microtype)             Ignoring protrusion settings for this character.
Package microtype Info: Character `⁸' is missing
(microtype)             in font `\TU/TeXGyrePagella(0)/m/n/14.4'.
(microtype)             Ignoring protrusion settings for this character.
Package microtype Info: Character `⁹' is missing
(microtype)             in font `\TU/TeXGyrePagella(0)/m/n/14.4'.
(microtype)             Ignoring protrusion settings for this character.
Package microtype Info: Character `₀' is missing
(microtype)             in font `\TU/TeXGyrePagella(0)/m/n/14.4'.
(microtype)             Ignoring protrusion settings for this character.
Package microtype Info: Character `₁' is missing
(microtype)             in font `\TU/TeXGyrePagella(0)/m/n/14.4'.
(microtype)             Ignoring protrusion settings for this character.
Package microtype Info: Character `₂' is missing
(microtype)             in font `\TU/TeXGyrePagella(0)/m/n/14.4'.
(microtype)             Ignoring protrusion settings for this character.
Package microtype Info: Character `₃' is missing
(microtype)             in font `\TU/TeXGyrePagella(0)/m/n/14.4'.
(microtype)             Ignoring protrusion settings for this character.
Package microtype Info: Character `₄' is missing
(microtype)             in font `\TU/TeXGyrePagella(0)/m/n/14.4'.
(microtype)             Ignoring protrusion settings for this character.
Package microtype Info: Character `₅' is missing
(microtype)             in font `\TU/TeXGyrePagella(0)/m/n/14.4'.
(microtype)             Ignoring protrusion settings for this character.
Package microtype Info: Character `₆' is missing
(microtype)             in font `\TU/TeXGyrePagella(0)/m/n/14.4'.
(microtype)             Ignoring protrusion settings for this character.
Package microtype Info: Character `₇' is missing
(microtype)             in font `\TU/TeXGyrePagella(0)/m/n/14.4'.
(microtype)             Ignoring protrusion settings for this character.
Package microtype Info: Character `₈' is missing
(microtype)             in font `\TU/TeXGyrePagella(0)/m/n/14.4'.
(microtype)             Ignoring protrusion settings for this character.
Package microtype Info: Character `₉' is missing
(microtype)             in font `\TU/TeXGyrePagella(0)/m/n/14.4'.
(microtype)             Ignoring protrusion settings for this character.
Package microtype Info: Character `₊' is missing
(microtype)             in font `\TU/TeXGyrePagella(0)/m/n/14.4'.
(microtype)             Ignoring protrusion settings for this character.
Package microtype Info: Character `₋' is missing
(microtype)             in font `\TU/TeXGyrePagella(0)/m/n/14.4'.
(microtype)             Ignoring protrusion settings for this character.
Package microtype Info: Character `⁺' is missing
(microtype)             in font `\TU/TeXGyrePagella(0)/m/n/14.4'.
(microtype)             Ignoring protrusion settings for this character.
Package microtype Info: Character `⁻' is missing
(microtype)             in font `\TU/TeXGyrePagella(0)/m/n/14.4'.
(microtype)             Ignoring protrusion settings for this character.
Package microtype Info: Character `ﬆ' is missing
(microtype)             in font `\TU/TeXGyrePagella(0)/b/n/14.4'.
(microtype)             Ignoring protrusion settings for this character.
Package microtype Info: Character `ﬅ' is missing
(microtype)             in font `\TU/TeXGyrePagella(0)/b/n/14.4'.
(microtype)             Ignoring protrusion settings for this character.
Package microtype Info: Character `‥' is missing
(microtype)             in font `\TU/TeXGyrePagella(0)/b/n/14.4'.
(microtype)             Ignoring protrusion settings for this character.
Package microtype Info: Character `‼' is missing
(microtype)             in font `\TU/TeXGyrePagella(0)/b/n/14.4'.
(microtype)             Ignoring protrusion settings for this character.
Package microtype Info: Character `⁰' is missing
(microtype)             in font `\TU/TeXGyrePagella(0)/b/n/14.4'.
(microtype)             Ignoring protrusion settings for this character.
Package microtype Info: Character `⁴' is missing
(microtype)             in font `\TU/TeXGyrePagella(0)/b/n/14.4'.
(microtype)             Ignoring protrusion settings for this character.
Package microtype Info: Character `⁵' is missing
(microtype)             in font `\TU/TeXGyrePagella(0)/b/n/14.4'.
(microtype)             Ignoring protrusion settings for this character.
Package microtype Info: Character `⁶' is missing
(microtype)             in font `\TU/TeXGyrePagella(0)/b/n/14.4'.
(microtype)             Ignoring protrusion settings for this character.
Package microtype Info: Character `⁷' is missing
(microtype)             in font `\TU/TeXGyrePagella(0)/b/n/14.4'.
(microtype)             Ignoring protrusion settings for this character.
Package microtype Info: Character `⁸' is missing
(microtype)             in font `\TU/TeXGyrePagella(0)/b/n/14.4'.
(microtype)             Ignoring protrusion settings for this character.
Package microtype Info: Character `⁹' is missing
(microtype)             in font `\TU/TeXGyrePagella(0)/b/n/14.4'.
(microtype)             Ignoring protrusion settings for this character.
Package microtype Info: Character `₀' is missing
(microtype)             in font `\TU/TeXGyrePagella(0)/b/n/14.4'.
(microtype)             Ignoring protrusion settings for this character.
Package microtype Info: Character `₁' is missing
(microtype)             in font `\TU/TeXGyrePagella(0)/b/n/14.4'.
(microtype)             Ignoring protrusion settings for this character.
Package microtype Info: Character `₂' is missing
(microtype)             in font `\TU/TeXGyrePagella(0)/b/n/14.4'.
(microtype)             Ignoring protrusion settings for this character.
Package microtype Info: Character `₃' is missing
(microtype)             in font `\TU/TeXGyrePagella(0)/b/n/14.4'.
(microtype)             Ignoring protrusion settings for this character.
Package microtype Info: Character `₄' is missing
(microtype)             in font `\TU/TeXGyrePagella(0)/b/n/14.4'.
(microtype)             Ignoring protrusion settings for this character.
Package microtype Info: Character `₅' is missing
(microtype)             in font `\TU/TeXGyrePagella(0)/b/n/14.4'.
(microtype)             Ignoring protrusion settings for this character.
Package microtype Info: Character `₆' is missing
(microtype)             in font `\TU/TeXGyrePagella(0)/b/n/14.4'.
(microtype)             Ignoring protrusion settings for this character.
Package microtype Info: Character `₇' is missing
(microtype)             in font `\TU/TeXGyrePagella(0)/b/n/14.4'.
(microtype)             Ignoring protrusion settings for this character.
Package microtype Info: Character `₈' is missing
(microtype)             in font `\TU/TeXGyrePagella(0)/b/n/14.4'.
(microtype)             Ignoring protrusion settings for this character.
Package microtype Info: Character `₉' is missing
(microtype)             in font `\TU/TeXGyrePagella(0)/b/n/14.4'.
(microtype)             Ignoring protrusion settings for this character.
Package microtype Info: Character `₊' is missing
(microtype)             in font `\TU/TeXGyrePagella(0)/b/n/14.4'.
(microtype)             Ignoring protrusion settings for this character.
Package microtype Info: Character `₋' is missing
(microtype)             in font `\TU/TeXGyrePagella(0)/b/n/14.4'.
(microtype)             Ignoring protrusion settings for this character.
Package microtype Info: Character `⁺' is missing
(microtype)             in font `\TU/TeXGyrePagella(0)/b/n/14.4'.
(microtype)             Ignoring protrusion settings for this character.
Package microtype Info: Character `⁻' is missing
(microtype)             in font `\TU/TeXGyrePagella(0)/b/n/14.4'.
(microtype)             Ignoring protrusion settings for this character.

Overfull \hbox (3.1865pt too wide) in paragraph at lines 542--547
\TU/TeXGyrePagella(0)/m/n/10.95 aged over sufficiently large scales, the univer
se is approximately homogeneous and isotropic.
 []

[4] [5] [6] [7] [8] [9] [10] [11] [12]
Underfull \vbox (badness 2376) has occurred while \output is active []

 [13]
[14] [15] [16

]
Chapter 2.

Underfull \vbox (badness 10000) has occurred while \output is active []

 [17]
[18] [19] [20] [21] [22] [23] [24] [25] [26] [27] [28] [29] [30

]
Chapter 3.
[31] [32] [33] [34] [35]
Overfull \hbox (9.2772pt too wide) in paragraph at lines 2545--2548
\TU/TeXGyrePagella(0)/m/n/10.95 ary condition. Let the accessible phase space o
f the universe be $\OT1/cmr/m/n/10.95 ^^@$\TU/TeXGyrePagella(0)/m/n/10.95 , and
 let the initial macrostate
 []

[36] [37] [38] [39] [40] [41] [42]
Overfull \hbox (14.20291pt too wide) in paragraph at lines 3033--3036
[]\TU/TeXGyrePagella(0)/m/n/10.95 captures an important aspect of gravitational
 inhomogeneity. But consider a Schwarzschild
 []

[43] [44] [45] [46]
Chapter 4.
[47

] [48] [49] [50]
Overfull \hbox (11.2043pt too wide) in paragraph at lines 3523--3526
\TU/TeXGyrePagella(0)/m/n/10.95 could be made unambiguously in cosmology. Therm
odynamic state variables do not uniquely
 []

[51]
LaTeX Font Info:    Trying to load font information for U+euf on input line 353
1.
 (/usr/share/texlive/texmf-dist/tex/latex/amsfonts/ueuf.fd
File: ueuf.fd 2013/01/14 v3.01 Euler Fraktur
)
(/usr/share/texlive/texmf-dist/tex/latex/microtype/mt-euf.cfg
File: mt-euf.cfg 2006/07/03 v1.1 microtype config. file: AMS Euler Fraktur (RS)

) [52] [53]
Overfull \hbox (99.95155pt too wide) detected at line 3679
[][][][]
 []

[54] [55] [56] [57]
Package microtype Info: Character `ﬆ' is missing
(microtype)             in font `\TU/TeXGyrePagella(0)/b/n/8'.
(microtype)             Ignoring protrusion settings for this character.
Package microtype Info: Character `ﬅ' is missing
(microtype)             in font `\TU/TeXGyrePagella(0)/b/n/8'.
(microtype)             Ignoring protrusion settings for this character.
Package microtype Info: Character `‥' is missing
(microtype)             in font `\TU/TeXGyrePagella(0)/b/n/8'.
(microtype)             Ignoring protrusion settings for this character.
Package microtype Info: Character `‼' is missing
(microtype)             in font `\TU/TeXGyrePagella(0)/b/n/8'.
(microtype)             Ignoring protrusion settings for this character.
Package microtype Info: Character `⁰' is missing
(microtype)             in font `\TU/TeXGyrePagella(0)/b/n/8'.
(microtype)             Ignoring protrusion settings for this character.
Package microtype Info: Character `⁴' is missing
(microtype)             in font `\TU/TeXGyrePagella(0)/b/n/8'.
(microtype)             Ignoring protrusion settings for this character.
Package microtype Info: Character `⁵' is missing
(microtype)             in font `\TU/TeXGyrePagella(0)/b/n/8'.
(microtype)             Ignoring protrusion settings for this character.
Package microtype Info: Character `⁶' is missing
(microtype)             in font `\TU/TeXGyrePagella(0)/b/n/8'.
(microtype)             Ignoring protrusion settings for this character.
Package microtype Info: Character `⁷' is missing
(microtype)             in font `\TU/TeXGyrePagella(0)/b/n/8'.
(microtype)             Ignoring protrusion settings for this character.
Package microtype Info: Character `⁸' is missing
(microtype)             in font `\TU/TeXGyrePagella(0)/b/n/8'.
(microtype)             Ignoring protrusion settings for this character.
Package microtype Info: Character `⁹' is missing
(microtype)             in font `\TU/TeXGyrePagella(0)/b/n/8'.
(microtype)             Ignoring protrusion settings for this character.
Package microtype Info: Character `₀' is missing
(microtype)             in font `\TU/TeXGyrePagella(0)/b/n/8'.
(microtype)             Ignoring protrusion settings for this character.
Package microtype Info: Character `₁' is missing
(microtype)             in font `\TU/TeXGyrePagella(0)/b/n/8'.
(microtype)             Ignoring protrusion settings for this character.
Package microtype Info: Character `₂' is missing
(microtype)             in font `\TU/TeXGyrePagella(0)/b/n/8'.
(microtype)             Ignoring protrusion settings for this character.
Package microtype Info: Character `₃' is missing
(microtype)             in font `\TU/TeXGyrePagella(0)/b/n/8'.
(microtype)             Ignoring protrusion settings for this character.
Package microtype Info: Character `₄' is missing
(microtype)             in font `\TU/TeXGyrePagella(0)/b/n/8'.
(microtype)             Ignoring protrusion settings for this character.
Package microtype Info: Character `₅' is missing
(microtype)             in font `\TU/TeXGyrePagella(0)/b/n/8'.
(microtype)             Ignoring protrusion settings for this character.
Package microtype Info: Character `₆' is missing
(microtype)             in font `\TU/TeXGyrePagella(0)/b/n/8'.
(microtype)             Ignoring protrusion settings for this character.
Package microtype Info: Character `₇' is missing
(microtype)             in font `\TU/TeXGyrePagella(0)/b/n/8'.
(microtype)             Ignoring protrusion settings for this character.
Package microtype Info: Character `₈' is missing
(microtype)             in font `\TU/TeXGyrePagella(0)/b/n/8'.
(microtype)             Ignoring protrusion settings for this character.
Package microtype Info: Character `₉' is missing
(microtype)             in font `\TU/TeXGyrePagella(0)/b/n/8'.
(microtype)             Ignoring protrusion settings for this character.
Package microtype Info: Character `₊' is missing
(microtype)             in font `\TU/TeXGyrePagella(0)/b/n/8'.
(microtype)             Ignoring protrusion settings for this character.
Package microtype Info: Character `₋' is missing
(microtype)             in font `\TU/TeXGyrePagella(0)/b/n/8'.
(microtype)             Ignoring protrusion settings for this character.
Package microtype Info: Character `⁺' is missing
(microtype)             in font `\TU/TeXGyrePagella(0)/b/n/8'.
(microtype)             Ignoring protrusion settings for this character.
Package microtype Info: Character `⁻' is missing
(microtype)             in font `\TU/TeXGyrePagella(0)/b/n/8'.
(microtype)             Ignoring protrusion settings for this character.
Package microtype Info: Character `ﬆ' is missing
(microtype)             in font `\TU/TeXGyrePagella(0)/b/n/6'.
(microtype)             Ignoring protrusion settings for this character.
Package microtype Info: Character `ﬅ' is missing
(microtype)             in font `\TU/TeXGyrePagella(0)/b/n/6'.
(microtype)             Ignoring protrusion settings for this character.
Package microtype Info: Character `‥' is missing
(microtype)             in font `\TU/TeXGyrePagella(0)/b/n/6'.
(microtype)             Ignoring protrusion settings for this character.
Package microtype Info: Character `‼' is missing
(microtype)             in font `\TU/TeXGyrePagella(0)/b/n/6'.
(microtype)             Ignoring protrusion settings for this character.
Package microtype Info: Character `⁰' is missing
(microtype)             in font `\TU/TeXGyrePagella(0)/b/n/6'.
(microtype)             Ignoring protrusion settings for this character.
Package microtype Info: Character `⁴' is missing
(microtype)             in font `\TU/TeXGyrePagella(0)/b/n/6'.
(microtype)             Ignoring protrusion settings for this character.
Package microtype Info: Character `⁵' is missing
(microtype)             in font `\TU/TeXGyrePagella(0)/b/n/6'.
(microtype)             Ignoring protrusion settings for this character.
Package microtype Info: Character `⁶' is missing
(microtype)             in font `\TU/TeXGyrePagella(0)/b/n/6'.
(microtype)             Ignoring protrusion settings for this character.
Package microtype Info: Character `⁷' is missing
(microtype)             in font `\TU/TeXGyrePagella(0)/b/n/6'.
(microtype)             Ignoring protrusion settings for this character.
Package microtype Info: Character `⁸' is missing
(microtype)             in font `\TU/TeXGyrePagella(0)/b/n/6'.
(microtype)             Ignoring protrusion settings for this character.
Package microtype Info: Character `⁹' is missing
(microtype)             in font `\TU/TeXGyrePagella(0)/b/n/6'.
(microtype)             Ignoring protrusion settings for this character.
Package microtype Info: Character `₀' is missing
(microtype)             in font `\TU/TeXGyrePagella(0)/b/n/6'.
(microtype)             Ignoring protrusion settings for this character.
Package microtype Info: Character `₁' is missing
(microtype)             in font `\TU/TeXGyrePagella(0)/b/n/6'.
(microtype)             Ignoring protrusion settings for this character.
Package microtype Info: Character `₂' is missing
(microtype)             in font `\TU/TeXGyrePagella(0)/b/n/6'.
(microtype)             Ignoring protrusion settings for this character.
Package microtype Info: Character `₃' is missing
(microtype)             in font `\TU/TeXGyrePagella(0)/b/n/6'.
(microtype)             Ignoring protrusion settings for this character.
Package microtype Info: Character `₄' is missing
(microtype)             in font `\TU/TeXGyrePagella(0)/b/n/6'.
(microtype)             Ignoring protrusion settings for this character.
Package microtype Info: Character `₅' is missing
(microtype)             in font `\TU/TeXGyrePagella(0)/b/n/6'.
(microtype)             Ignoring protrusion settings for this character.
Package microtype Info: Character `₆' is missing
(microtype)             in font `\TU/TeXGyrePagella(0)/b/n/6'.
(microtype)             Ignoring protrusion settings for this character.
Package microtype Info: Character `₇' is missing
(microtype)             in font `\TU/TeXGyrePagella(0)/b/n/6'.
(microtype)             Ignoring protrusion settings for this character.
Package microtype Info: Character `₈' is missing
(microtype)             in font `\TU/TeXGyrePagella(0)/b/n/6'.
(microtype)             Ignoring protrusion settings for this character.
Package microtype Info: Character `₉' is missing
(microtype)             in font `\TU/TeXGyrePagella(0)/b/n/6'.
(microtype)             Ignoring protrusion settings for this character.
Package microtype Info: Character `₊' is missing
(microtype)             in font `\TU/TeXGyrePagella(0)/b/n/6'.
(microtype)             Ignoring protrusion settings for this character.
Package microtype Info: Character `₋' is missing
(microtype)             in font `\TU/TeXGyrePagella(0)/b/n/6'.
(microtype)             Ignoring protrusion settings for this character.
Package microtype Info: Character `⁺' is missing
(microtype)             in font `\TU/TeXGyrePagella(0)/b/n/6'.
(microtype)             Ignoring protrusion settings for this character.
Package microtype Info: Character `⁻' is missing
(microtype)             in font `\TU/TeXGyrePagella(0)/b/n/6'.
(microtype)             Ignoring protrusion settings for this character.
 [58] [59] [60] [61] [62] [63] [64] [65] [66

]
Chapter 5.

Underfull \vbox (badness 10000) has occurred while \output is active []

 [67]
[68]
Overfull \hbox (3.89162pt too wide) in paragraph at lines 4636--4642
[]\TU/TeXGyrePagella(0)/m/n/10.95 Nothing follows automatically from these anal
ogies about cosmological expansion. They
 []

[69]
Overfull \hbox (1.17976pt too wide) in paragraph at lines 4739--4744
[]\TU/TeXGyrePagella(0)/m/n/10.95 The smoothing picture developed in this book 
must be held to the same standard. Words
 []

[70] [71] [72] [73]
Overfull \hbox (6.27444pt too wide) in paragraph at lines 4989--4994
\TU/TeXGyrePagella(0)/m/n/10.95 Voids are especially important because they exp
ose the limitations of a purely object-centered
 []

[74] [75] [76]
Overfull \hbox (65.19623pt too wide) detected at line 5222
[][][][]
 []

[77] [78] [79] [80]
Chapter 6.

Underfull \vbox (badness 1354) has occurred while \output is active []

 [81

]
[82] [83] [84]
Overfull \hbox (2.51563pt too wide) in paragraph at lines 5563--5564
[]\TU/TeXGyrePagella(0)/m/n/10.95 This distinction will matter repeatedly. The 
plenum can admit different effective regimes.
 []

[85]
Overfull \hbox (0.86583pt too wide) in paragraph at lines 5629--5630
[]\TU/TeXGyrePagella(0)/m/n/10.95 where the prime is essential. Nothing establi
shed so far implies that the terminal smooth
 []


Overfull \hbox (6.47882pt too wide) in paragraph at lines 5644--5645
\TU/TeXGyrePagella(0)/m/n/10.95 The most consequential ontological move in this
 chapter can now be stated without metaphor.
 []

[86] [87] [88] [89]
Overfull \hbox (19.9091pt too wide) in paragraph at lines 5830--5831
[]\TU/TeXGyrePagella(0)/m/n/10.95 Chapter [][]7[][] therefore asks what it woul
d actually mean, mathematically rather than metaphor-
 []

[90]
Chapter 7.

Overfull \hbox (92.4008pt too wide) detected at line 5854
[][][][] [][]\OMS/cmsy/m/n/10.95 ! [] [][]! [] [][]! [] [][]! []\OML/cmm/m/it/1
0.95 :
 []

[91

] [92] [93] [94]
Overfull \hbox (4.40752pt too wide) in paragraph at lines 6154--6155
[]\TU/TeXGyrePagella(0)/m/n/10.95 The terminology surrounding “quadratic” and “
cubic” nonlinearity depends on whether
 []

[95] [96] [97] [98] [99] [100] [101] [102] [103] [104] [105]
Overfull \hbox (3.43472pt too wide) in paragraph at lines 6931--6932
\TU/TeXGyrePagella(0)/m/n/10.95 pute or approximate their stability spectra, an
d follow their nonlinear evolution long enough
 []

[106] [107] [108] [109] [110

]
Chapter 8.

Overfull \hbox (0.48747pt too wide) in paragraph at lines 7077--7080
[]\TU/TeXGyrePagella(0)/m/n/10.95 The purpose of this chapter is therefore not 
to establish a universal law of cosmic smooth-
 []

[111] [112]
Overfull \hbox (15.53317pt too wide) in paragraph at lines 7253--7259
\TU/TeXGyrePagella(0)/m/n/10.95 Causal separation can make structures mutually 
inaccessible without destroying them. Coarse-
 []

[113]
Overfull \hbox (6.2791pt too wide) in paragraph at lines 7321--7325
[]\TU/TeXGyrePagella(0)/m/n/10.95 A claim that “mixing destroys distinction” is
 therefore incomplete unless it states whether
 []

[114] [115] [116]
Overfull \hbox (4.83823pt too wide) in paragraph at lines 7589--7595
[]\TU/TeXGyrePagella(0)/m/n/10.95 The distinction between physical contrast and
 accessible work therefore gives the smooth-
 []

[117] [118] [119] [120] [121] [122] [123] [124

] [125] [126]
Chapter 9.

Overfull \hbox (10.2042pt too wide) in paragraph at lines 8011--8017
\TU/TeXGyrePagella(0)/m/n/10.95 tially weak perturbations were transformed into
 strongly differentiated configurations. Galax-
 []


Underfull \vbox (badness 10000) has occurred while \output is active []

 [127

]
[128] [129] [130] [131]
Overfull \hbox (1.5824pt too wide) in paragraph at lines 8436--8438
[]\TU/TeXGyrePagella(0)/m/n/10.95 The primordial perturbation therefore contain
s both growing and decaying components, 
 []


Overfull \hbox (0.43634pt too wide) in paragraph at lines 8472--8474
[]\TU/TeXGyrePagella(0)/m/n/10.95 The sign of the effective restoring coefficie
nt determines whether pressure or self-gravity
 []

[132] [133] [134] [135] [136] [137]
Overfull \hbox (9.33742pt too wide) in paragraph at lines 8903--8908
[]\TU/TeXGyrePagella(0)/m/n/10.95 Standard gravitational perturbation theory pr
ovides the benchmark example. Self-gravity
 []

[138]
Chapter 10.

Overfull \hbox (3.81987pt too wide) in paragraph at lines 8947--8954
[]\TU/TeXGyrePagella(0)/m/n/10.95 The structured universe can therefore be unde
rstood as evidence that primordial smooth-
 []

[139

]
Overfull \hbox (0.15929pt too wide) in paragraph at lines 9047--9050
[]\TU/TeXGyrePagella(0)/b/n/10.95 Definition 10.1 \TU/TeXGyrePagella(0)/m/n/10.
95 (Non-absorbing smoothness)\TU/TeXGyrePagella(0)/b/n/10.95 . []\TU/TeXGyrePag
ella(0)/m/n/10.95 A smooth cosmological state is \TU/TeXGyrePagella(0)/m/it/10.
95 non-absorbing
 []

[140] [141] [142] [143] [144] [145] [146] [147] [148] [149] [150] [151]
[152

]
Chapter 11.

Overfull \hbox (0.59499pt too wide) in paragraph at lines 10005--10008
\TU/TeXGyrePagella(0)/m/n/10.95 Linear perturbation theory begins naturally in 
Fourier space because different modes evolve
 []


Underfull \vbox (badness 10000) has occurred while \output is active []

 [153]
[154] [155] [156]
Package microtype Info: Loading generic protrusion settings for font family
(microtype)             `lmss' (encoding: TU).
(microtype)             For optimal results, create family-specific settings.
(microtype)             See the microtype manual for details.
 [157] [158] [159] [160]
Overfull \hbox (9.63605pt too wide) in paragraph at lines 10600--10605
\TU/TeXGyrePagella(0)/m/n/10.95 mass localization increases, and the volume fra
ction occupied by underdense regions changes. 
 []

[161] [162]
Overfull \hbox (1.3095pt too wide) in paragraph at lines 10777--10783
\TU/TeXGyrePagella(0)/m/n/10.95 Within the conservative interpretation adopted 
at this stage of the monograph, RSVP should
 []


Overfull \hbox (1.3493pt too wide) in paragraph at lines 10796--10800
\TU/TeXGyrePagella(0)/m/n/10.95 with no independent reliance on the standard gr
avitational growth equations. That stronger
 []

[163] [164]
Overfull \hbox (12.00487pt too wide) in paragraph at lines 10880--10883
\TU/TeXGyrePagella(0)/m/n/10.95 The cosmic web provides a concrete bridge betwe
en perturbation growth and scale-dependent
 []

[165] [166

]
Chapter 12.

Underfull \vbox (badness 5417) has occurred while \output is active []

 [167]
[168] [169] [170]
Overfull \hbox (4.42946pt too wide) in paragraph at lines 11281--11283
[]\TU/TeXGyrePagella(0)/m/n/10.95 Provided the integrated outward flow continue
s to grow, the density contrast approaches
 []

[171] [172] [173] [174]
Overfull \hbox (19.85068pt too wide) in paragraph at lines 11581--11584
[]\TU/TeXGyrePagella(0)/m/n/10.95 The derivative depends on matter crossing the
 threshold in density space and, for connected-
 []

[175] [176] [177] [178] [179] [180]
Chapter 13.
[181

]
Overfull \hbox (9.24791pt too wide) in paragraph at lines 12092--12095
\TU/TeXGyrePagella(0)/m/n/10.95 Newtonian gravity. The relativistic origin of t
he acceleration is encoded in the Friedmann [[]]
 []

[182] [183] [184] [185] [186]
Overfull \hbox (5.26945pt too wide) in paragraph at lines 12527--12531
\TU/TeXGyrePagella(0)/m/n/10.95 structure derived from the plenum. Nothing esta
blished so far in this book proves eq. ([][]13.32[][]).
 []

[187] [188] [189] [190

] [191] [192]
Chapter 14.
[193

]
Overfull \hbox (0.39653pt too wide) in paragraph at lines 12674--12680
[]\TU/TeXGyrePagella(0)/m/n/10.95 where $\OT1/cmr/m/n/10.95 
$ \TU/TeXGyrePagella(0)/m/n/10.95 is the number of microstates compatible with 
a specified macrostate. A “sorted”
 []

[194] [195]
Overfull \hbox (9.18779pt too wide) in paragraph at lines 12810--12817
[]\TU/TeXGyrePagella(0)/m/n/10.95 This reading makes the coarse-graining depend
ence intuitive rather than technical. Learn-
 []

[196] [197] [198]
Overfull \hbox (4.49901pt too wide) detected at line 13019
[][][][]
 []

[199] [200] [201] [202

]
Chapter 15.
[203] [204] [205] [206] [207] [208]
Overfull \hbox (24.93509pt too wide) in paragraph at lines 13666--13671
[]\TU/TeXGyrePagella(0)/m/n/10.95 The same principle prevents the language of i
nformation from becoming observer-dependent
 []

[209] [210]
Overfull \hbox (27.7836pt too wide) has occurred while \output is active
\TU/TeXGyrePagella(0)/m/it/10.95 15.11.  DISTINCTION CAN INCREASE LOCALLY WHILE
 ENTROPY INCREASES GLOBALLY \TU/TeXGyrePagella(0)/m/n/10.95 211
 []

[211] [212] [213] [214] [215]
Overfull \hbox (9.7475pt too wide) in paragraph at lines 14221--14225
[]\TU/TeXGyrePagella(0)/m/n/10.95 Most importantly, the definition cannot be ch
osen because it produces the desired smooth–
 []

[216]
Overfull \hbox (121.08504pt too wide) detected at line 14290
[][][][]
 []

[217] [218

]
Chapter 16.

Underfull \vbox (badness 10000) has occurred while \output is active []

 [219]
[220]
Overfull \hbox (4.25822pt too wide) in paragraph at lines 14464--14468
[]\TU/TeXGyrePagella(0)/m/n/10.95 This observation anticipates the distinction 
spectrum $\OML/cmm/m/it/10.95 D\OT1/cmr/m/n/10.95 (\OML/cmm/m/it/10.95 `; t\OT1
/cmr/m/n/10.95 )$ \TU/TeXGyrePagella(0)/m/n/10.95 developed formally in Chap-
 []

[221] [222] [223] [224] [225] [226] [227] [228]
Chapter 17.
[229

] [230] [231] [232

]
Chapter 18.
[233]
Overfull \hbox (0.13249pt too wide) in paragraph at lines 15128--15133
[]\TU/TeXGyrePagella(0)/m/n/10.95 If eq. ([][]18.2[][]) could be derived from a
 closed RSVP action, the smooth–structured–smooth
 []


Overfull \hbox (130.94006pt too wide) detected at line 15173
[][][][]
 []

[234]
Underfull \vbox (badness 3930) has occurred while \output is active []

 [235]
[236] [237

] [238]
Chapter 19.
[239

] [240] [241] [242]
Chapter 20.
[243

] [244]
Overfull \hbox (9.94023pt too wide) in paragraph at lines 15585--15588
\TU/TeXGyrePagella(0)/m/n/10.95 dramatically. Hydrogen burning converts a fract
ion of nuclear rest mass into energy. Schemat-
 []

[245] [246]
Overfull \hbox (39.11691pt too wide) detected at line 15766
[][][][] [][]\OMS/cmsy/m/n/10.95 ! [] [][]! []
 []

[247]
Overfull \hbox (198.2398pt too wide) detected at line 15870
[][][][] [][]\OMS/cmsy/m/n/10.95 ! [] [][]! [] [][]! [] [][]! [] [][]! []\OML/c
mm/m/it/10.95 :
 []

[248] [249] [250] [251] [252] [253] [254] [255] [256] [257] [258

]
Chapter 21.

Underfull \vbox (badness 10000) has occurred while \output is active []

 [259]
[260] [261] [262] [263] [264] [265] [266] [267]
Overfull \hbox (4.4627pt too wide) in paragraph at lines 17170--17171
\TU/TeXGyrePagella(0)/m/n/10.95 Chemical organization also clarifies what infor
mation means physically. Suppose two molec-
 []

[268] [269] [270] [271] [272] [273] [274] [275]
Overfull \hbox (16.79204pt too wide) in paragraph at lines 17695--17698
[]\TU/TeXGyrePagella(0)/m/n/10.95 The age of planets, chemistry, and life is th
erefore not separate from the runaway-smoothing
 []

[276] [277] [278

]
Chapter 22.
[279] [280] [281] [282] [283] [284] [285] [286] [287]
Overfull \hbox (0.80453pt too wide) in paragraph at lines 18435--18438
\TU/TeXGyrePagella(0)/m/n/10.95 for otherwise comparable conditions. A resource
-rich system can recover from disturbances
 []


Overfull \hbox (3.32397pt too wide) in paragraph at lines 18475--18477
\TU/TeXGyrePagella(0)/m/n/10.95 serve the encoded distinction. This is precisel
y the repair principle in an explicit information-
 []

[288] [289] [290] [291]
Overfull \hbox (5.48845pt too wide) in paragraph at lines 18698--18700
\TU/TeXGyrePagella(0)/m/n/10.95 can hold while the higher-order structure remai
ns recognizable. The system persists through
 []

[292] [293] [294]
Overfull \hbox (0.71907pt too wide) in paragraph at lines 18905--18907
\TU/TeXGyrePagella(0)/m/n/10.95 This anticipates the scale-dependent distinctio
n spectrum developed formally in Chapter [][]46[][]. 
 []

[295] [296] [297] [298] [299] [300]
Chapter 23.
[301

] [302] [303] [304] [305] [306] [307] [308]
Overfull \hbox (6.09918pt too wide) in paragraph at lines 19607--19608
\TU/TeXGyrePagella(0)/m/n/10.95 During the structured epoch, the universe produ
ces an extraordinary proliferation of records.
 []

[309] [310] [311]
Overfull \hbox (5.15944pt too wide) in paragraph at lines 19708--19709
[]\TU/TeXGyrePagella(0)/m/n/10.95 This is precisely the distinction the Persist
ence Postulate eventually needs, but the present
 []

[312] [313] [314

] [315] [316]
Chapter 24.

Underfull \vbox (badness 10000) has occurred while \output is active []

 [317

]
[318]
Overfull \hbox (85.36374pt too wide) detected at line 19860
[][][][] \OT1/cmr/m/n/10.95 + [] [][]\OMS/cmsy/m/n/10.95 ! [] \OT1/cmr/m/n/10.9
5 + [] + []\OML/cmm/m/it/10.95 :
 []

[319] [320] [321] [322] [323] [324] [325] [326] [327] [328]
Chapter 25.
[329

] [330] [331] [332] [333] [334]
Overfull \hbox (6.52502pt too wide) in paragraph at lines 20521--20522
\TU/TeXGyrePagella(0)/m/n/10.95 Black holes test how long localization can resi
st smoothing. Reknotting asks whether smooth-
 []

[335] [336] [337] [338]
Overfull \hbox (0.6023pt too wide) in paragraph at lines 20653--20654
\TU/TeXGyrePagella(0)/m/n/10.95 Nothing need carry an intact microscopic descri
ption of the old structured universe through
 []

[339] [340

]
Chapter 26.
[341] [342] [343] [344] [345] [346] [347] [348] [349] [350]
Overfull \hbox (5.78722pt too wide) in paragraph at lines 21243--21244
[]\TU/TeXGyrePagella(0)/m/n/10.95 The late universe may therefore remember micr
oscopically while forgetting operationally. 
 []


Overfull \hbox (0.24533pt too wide) in paragraph at lines 21249--21250
[]\TU/TeXGyrePagella(0)/m/n/10.95 The robust qualitative point is narrower. The
 late-time trajectory can move from strongly
 []


Overfull \hbox (11.71007pt too wide) detected at line 21260
[][][][] \OMS/cmsy/m/n/10.95 ! [] ! [] ! []\OML/cmm/m/it/10.95 :
 []

[351] [352] [353] [354]
Chapter 27.
[355

] [356] [357] [358]
Overfull \hbox (0.98073pt too wide) in paragraph at lines 21649--21650
\TU/TeXGyrePagella(0)/m/n/10.95 to say that random molecular motion by itself n
ecessarily produces a coherent spiral. Rather,
 []

[359] [360] [361]
Package microtype Info: Character `‥' is missing
(microtype)             in font `\TU/TeXGyrePagella(0)/b/it/14.4'.
(microtype)             Ignoring protrusion settings for this character.
Package microtype Info: Character `⁰' is missing
(microtype)             in font `\TU/TeXGyrePagella(0)/b/it/14.4'.
(microtype)             Ignoring protrusion settings for this character.
Package microtype Info: Character `⁴' is missing
(microtype)             in font `\TU/TeXGyrePagella(0)/b/it/14.4'.
(microtype)             Ignoring protrusion settings for this character.
Package microtype Info: Character `⁵' is missing
(microtype)             in font `\TU/TeXGyrePagella(0)/b/it/14.4'.
(microtype)             Ignoring protrusion settings for this character.
Package microtype Info: Character `⁶' is missing
(microtype)             in font `\TU/TeXGyrePagella(0)/b/it/14.4'.
(microtype)             Ignoring protrusion settings for this character.
Package microtype Info: Character `⁷' is missing
(microtype)             in font `\TU/TeXGyrePagella(0)/b/it/14.4'.
(microtype)             Ignoring protrusion settings for this character.
Package microtype Info: Character `⁸' is missing
(microtype)             in font `\TU/TeXGyrePagella(0)/b/it/14.4'.
(microtype)             Ignoring protrusion settings for this character.
Package microtype Info: Character `⁹' is missing
(microtype)             in font `\TU/TeXGyrePagella(0)/b/it/14.4'.
(microtype)             Ignoring protrusion settings for this character.
Package microtype Info: Character `₀' is missing
(microtype)             in font `\TU/TeXGyrePagella(0)/b/it/14.4'.
(microtype)             Ignoring protrusion settings for this character.
Package microtype Info: Character `₁' is missing
(microtype)             in font `\TU/TeXGyrePagella(0)/b/it/14.4'.
(microtype)             Ignoring protrusion settings for this character.
Package microtype Info: Character `₂' is missing
(microtype)             in font `\TU/TeXGyrePagella(0)/b/it/14.4'.
(microtype)             Ignoring protrusion settings for this character.
Package microtype Info: Character `₃' is missing
(microtype)             in font `\TU/TeXGyrePagella(0)/b/it/14.4'.
(microtype)             Ignoring protrusion settings for this character.
Package microtype Info: Character `₄' is missing
(microtype)             in font `\TU/TeXGyrePagella(0)/b/it/14.4'.
(microtype)             Ignoring protrusion settings for this character.
Package microtype Info: Character `₅' is missing
(microtype)             in font `\TU/TeXGyrePagella(0)/b/it/14.4'.
(microtype)             Ignoring protrusion settings for this character.
Package microtype Info: Character `₆' is missing
(microtype)             in font `\TU/TeXGyrePagella(0)/b/it/14.4'.
(microtype)             Ignoring protrusion settings for this character.
Package microtype Info: Character `₇' is missing
(microtype)             in font `\TU/TeXGyrePagella(0)/b/it/14.4'.
(microtype)             Ignoring protrusion settings for this character.
Package microtype Info: Character `₈' is missing
(microtype)             in font `\TU/TeXGyrePagella(0)/b/it/14.4'.
(microtype)             Ignoring protrusion settings for this character.
Package microtype Info: Character `₉' is missing
(microtype)             in font `\TU/TeXGyrePagella(0)/b/it/14.4'.
(microtype)             Ignoring protrusion settings for this character.
Package microtype Info: Character `₊' is missing
(microtype)             in font `\TU/TeXGyrePagella(0)/b/it/14.4'.
(microtype)             Ignoring protrusion settings for this character.
Package microtype Info: Character `₋' is missing
(microtype)             in font `\TU/TeXGyrePagella(0)/b/it/14.4'.
(microtype)             Ignoring protrusion settings for this character.
Package microtype Info: Character `⁺' is missing
(microtype)             in font `\TU/TeXGyrePagella(0)/b/it/14.4'.
(microtype)             Ignoring protrusion settings for this character.
Package microtype Info: Character `⁻' is missing
(microtype)             in font `\TU/TeXGyrePagella(0)/b/it/14.4'.
(microtype)             Ignoring protrusion settings for this character.
 [362]
Overfull \hbox (7.37773pt too wide) in paragraph at lines 21810--21811
[]\TU/TeXGyrePagella(0)/m/n/10.95 A universe can contain local fluctuations whi
le possessing essentially no accessible macro-
 []

[363] [364] [365] [366]
Overfull \hbox (1.02768pt too wide) in paragraph at lines 22078--22079
[]\TU/TeXGyrePagella(0)/m/n/10.95 The precise form of these equations is not su
pplied here because the earlier audit showed
 []

[367]
Overfull \hbox (3.10616pt too wide) in paragraph at lines 22169--22170
\TU/TeXGyrePagella(0)/m/n/10.95 The distinction between instability and accessi
bility produces two physically different routes
 []

[368]
Overfull \hbox (32.88737pt too wide) detected at line 22276
[][][][] \OMS/cmsy/m/n/10.95 ! [] ! [] ! []\OML/cmm/m/it/10.95 :
 []

[369] [370]
Overfull \hbox (7.99353pt too wide) in paragraph at lines 22331--22332
[]\TU/TeXGyrePagella(0)/m/n/10.95 How can existing difference be preserved, tra
nsformed, transported, or exploited? 
 []

[371] [372]
Chapter 28.

Overfull \hbox (42.53574pt too wide) detected at line 22390
[][][][] \OMS/cmsy/m/n/10.95 W[]\OT1/cmr/m/n/10.95 (\OML/cmm/m/it/10.95 t\OT1/c
mr/m/n/10.95 ) \OMS/cmsy/m/n/10.95 ! \OT1/cmr/m/n/10.95 0 []
 []


Underfull \vbox (badness 1454) has occurred while \output is active []

 [373

]
Overfull \hbox (1.70654pt too wide) in paragraph at lines 22405--22406
[]\TU/TeXGyrePagella(0)/m/n/10.95 denote the scale-dependent distinction measur
e that will be developed formally in Chap-
 []

[374] [375]
Overfull \hbox (1.98029pt too wide) in paragraph at lines 22521--22522
[]\TU/TeXGyrePagella(0)/m/n/10.95 The gravitational component may still be incr
easing at compact-object scales while chem-
 []

[376]
Overfull \hbox (1.11945pt too wide) in paragraph at lines 22561--22562
\TU/TeXGyrePagella(0)/m/n/10.95 between a \TU/TeXGyrePagella(0)/m/it/10.95 smoo
thing functional\TU/TeXGyrePagella(0)/m/n/10.95 , a \TU/TeXGyrePagella(0)/m/it/
10.95 monotone functional\TU/TeXGyrePagella(0)/m/n/10.95 , and a genuine \TU/Te
XGyrePagella(0)/m/it/10.95 Lyapunov function\TU/TeXGyrePagella(0)/m/n/10.95 . T
hese
 []

[377] [378] [379] [380] [381]
Overfull \hbox (4.73047pt too wide) in paragraph at lines 22855--22856
\TU/TeXGyrePagella(0)/m/n/10.95 The black-hole era introduces three processes w
hose relative timescales matter to the smooth-
 []

[382] [383] [384] [385] [386] [387] [388]
Overfull \hbox (2.44922pt too wide) in paragraph at lines 23289--23290
\TU/TeXGyrePagella(0)/m/n/10.95 There remains one final conceptual correction b
efore the argument can move into the strange
 []

[389]
Overfull \hbox (4.16833pt too wide) in paragraph at lines 23306--23307
\TU/TeXGyrePagella(0)/m/n/10.95 cally, to resemble the extraordinarily smooth s
tate from which its structured history emerged. 
 []

[390] [391

] [392]
Overfull \hbox (5.31152pt too wide) in paragraph at lines 23471--23472
[]\TU/TeXGyrePagella(0)/m/n/10.95 mean that every conventional entropy measure 
is increasing monotonically. The turnover
 []

[393] [394] [395] [396

] [397] [398]
Chapter 29.

Overfull \hbox (38.18547pt too wide) detected at line 23564
[][][][]  \OT1/cmr/m/n/10.95 =[]\OMS/cmsy/m/n/10.95 )  \OT1/cmr/m/n/10.95 [\OML
/cmm/m/it/10.95 S[]\OT1/cmr/m/n/10.95 ][] [] [\OML/cmm/m/it/10.95 S[]\OT1/cmr/m
/n/10.95 ][]\OML/cmm/m/it/10.95 :
 []

[399

]
Overfull \hbox (79.08838pt too wide) in paragraph at lines 23616--23629
 [][] 
 []

[400] [401]
Overfull \hbox (10.69727pt too wide) in paragraph at lines 23658--23659
[]\TU/TeXGyrePagella(0)/m/n/10.95 The parameter N (particle count) or field deg
ree-of-freedom count ceases to be bounded
 []


Overfull \hbox (3.78468pt too wide) in paragraph at lines 23674--23674
[]\TU/TeXGyrePagella(0)/b/n/14.4 Gravitational Entropy and the Fallacy of the M
onotonic Scalar 
 []

[402] [403]
Overfull \hbox (73.8532pt too wide) detected at line 23740
[][][][]
 []

Package microtype Info: Character `‥' is missing
(microtype)             in font `\TU/TeXGyrePagella(0)/m/it/8'.
(microtype)             Ignoring protrusion settings for this character.
Package microtype Info: Character `⁰' is missing
(microtype)             in font `\TU/TeXGyrePagella(0)/m/it/8'.
(microtype)             Ignoring protrusion settings for this character.
Package microtype Info: Character `⁴' is missing
(microtype)             in font `\TU/TeXGyrePagella(0)/m/it/8'.
(microtype)             Ignoring protrusion settings for this character.
Package microtype Info: Character `⁵' is missing
(microtype)             in font `\TU/TeXGyrePagella(0)/m/it/8'.
(microtype)             Ignoring protrusion settings for this character.
Package microtype Info: Character `⁶' is missing
(microtype)             in font `\TU/TeXGyrePagella(0)/m/it/8'.
(microtype)             Ignoring protrusion settings for this character.
Package microtype Info: Character `⁷' is missing
(microtype)             in font `\TU/TeXGyrePagella(0)/m/it/8'.
(microtype)             Ignoring protrusion settings for this character.
Package microtype Info: Character `⁸' is missing
(microtype)             in font `\TU/TeXGyrePagella(0)/m/it/8'.
(microtype)             Ignoring protrusion settings for this character.
Package microtype Info: Character `⁹' is missing
(microtype)             in font `\TU/TeXGyrePagella(0)/m/it/8'.
(microtype)             Ignoring protrusion settings for this character.
Package microtype Info: Character `₀' is missing
(microtype)             in font `\TU/TeXGyrePagella(0)/m/it/8'.
(microtype)             Ignoring protrusion settings for this character.
Package microtype Info: Character `₁' is missing
(microtype)             in font `\TU/TeXGyrePagella(0)/m/it/8'.
(microtype)             Ignoring protrusion settings for this character.
Package microtype Info: Character `₂' is missing
(microtype)             in font `\TU/TeXGyrePagella(0)/m/it/8'.
(microtype)             Ignoring protrusion settings for this character.
Package microtype Info: Character `₃' is missing
(microtype)             in font `\TU/TeXGyrePagella(0)/m/it/8'.
(microtype)             Ignoring protrusion settings for this character.
Package microtype Info: Character `₄' is missing
(microtype)             in font `\TU/TeXGyrePagella(0)/m/it/8'.
(microtype)             Ignoring protrusion settings for this character.
Package microtype Info: Character `₅' is missing
(microtype)             in font `\TU/TeXGyrePagella(0)/m/it/8'.
(microtype)             Ignoring protrusion settings for this character.
Package microtype Info: Character `₆' is missing
(microtype)             in font `\TU/TeXGyrePagella(0)/m/it/8'.
(microtype)             Ignoring protrusion settings for this character.
Package microtype Info: Character `₇' is missing
(microtype)             in font `\TU/TeXGyrePagella(0)/m/it/8'.
(microtype)             Ignoring protrusion settings for this character.
Package microtype Info: Character `₈' is missing
(microtype)             in font `\TU/TeXGyrePagella(0)/m/it/8'.
(microtype)             Ignoring protrusion settings for this character.
Package microtype Info: Character `₉' is missing
(microtype)             in font `\TU/TeXGyrePagella(0)/m/it/8'.
(microtype)             Ignoring protrusion settings for this character.
Package microtype Info: Character `₊' is missing
(microtype)             in font `\TU/TeXGyrePagella(0)/m/it/8'.
(microtype)             Ignoring protrusion settings for this character.
Package microtype Info: Character `₋' is missing
(microtype)             in font `\TU/TeXGyrePagella(0)/m/it/8'.
(microtype)             Ignoring protrusion settings for this character.
Package microtype Info: Character `⁺' is missing
(microtype)             in font `\TU/TeXGyrePagella(0)/m/it/8'.
(microtype)             Ignoring protrusion settings for this character.
Package microtype Info: Character `⁻' is missing
(microtype)             in font `\TU/TeXGyrePagella(0)/m/it/8'.
(microtype)             Ignoring protrusion settings for this character.
Package microtype Info: Character `‥' is missing
(microtype)             in font `\TU/TeXGyrePagella(0)/m/it/6'.
(microtype)             Ignoring protrusion settings for this character.
Package microtype Info: Character `⁰' is missing
(microtype)             in font `\TU/TeXGyrePagella(0)/m/it/6'.
(microtype)             Ignoring protrusion settings for this character.
Package microtype Info: Character `⁴' is missing
(microtype)             in font `\TU/TeXGyrePagella(0)/m/it/6'.
(microtype)             Ignoring protrusion settings for this character.
Package microtype Info: Character `⁵' is missing
(microtype)             in font `\TU/TeXGyrePagella(0)/m/it/6'.
(microtype)             Ignoring protrusion settings for this character.
Package microtype Info: Character `⁶' is missing
(microtype)             in font `\TU/TeXGyrePagella(0)/m/it/6'.
(microtype)             Ignoring protrusion settings for this character.
Package microtype Info: Character `⁷' is missing
(microtype)             in font `\TU/TeXGyrePagella(0)/m/it/6'.
(microtype)             Ignoring protrusion settings for this character.
Package microtype Info: Character `⁸' is missing
(microtype)             in font `\TU/TeXGyrePagella(0)/m/it/6'.
(microtype)             Ignoring protrusion settings for this character.
Package microtype Info: Character `⁹' is missing
(microtype)             in font `\TU/TeXGyrePagella(0)/m/it/6'.
(microtype)             Ignoring protrusion settings for this character.
Package microtype Info: Character `₀' is missing
(microtype)             in font `\TU/TeXGyrePagella(0)/m/it/6'.
(microtype)             Ignoring protrusion settings for this character.
Package microtype Info: Character `₁' is missing
(microtype)             in font `\TU/TeXGyrePagella(0)/m/it/6'.
(microtype)             Ignoring protrusion settings for this character.
Package microtype Info: Character `₂' is missing
(microtype)             in font `\TU/TeXGyrePagella(0)/m/it/6'.
(microtype)             Ignoring protrusion settings for this character.
Package microtype Info: Character `₃' is missing
(microtype)             in font `\TU/TeXGyrePagella(0)/m/it/6'.
(microtype)             Ignoring protrusion settings for this character.
Package microtype Info: Character `₄' is missing
(microtype)             in font `\TU/TeXGyrePagella(0)/m/it/6'.
(microtype)             Ignoring protrusion settings for this character.
Package microtype Info: Character `₅' is missing
(microtype)             in font `\TU/TeXGyrePagella(0)/m/it/6'.
(microtype)             Ignoring protrusion settings for this character.
Package microtype Info: Character `₆' is missing
(microtype)             in font `\TU/TeXGyrePagella(0)/m/it/6'.
(microtype)             Ignoring protrusion settings for this character.
Package microtype Info: Character `₇' is missing
(microtype)             in font `\TU/TeXGyrePagella(0)/m/it/6'.
(microtype)             Ignoring protrusion settings for this character.
Package microtype Info: Character `₈' is missing
(microtype)             in font `\TU/TeXGyrePagella(0)/m/it/6'.
(microtype)             Ignoring protrusion settings for this character.
Package microtype Info: Character `₉' is missing
(microtype)             in font `\TU/TeXGyrePagella(0)/m/it/6'.
(microtype)             Ignoring protrusion settings for this character.
Package microtype Info: Character `₊' is missing
(microtype)             in font `\TU/TeXGyrePagella(0)/m/it/6'.
(microtype)             Ignoring protrusion settings for this character.
Package microtype Info: Character `₋' is missing
(microtype)             in font `\TU/TeXGyrePagella(0)/m/it/6'.
(microtype)             Ignoring protrusion settings for this character.
Package microtype Info: Character `⁺' is missing
(microtype)             in font `\TU/TeXGyrePagella(0)/m/it/6'.
(microtype)             Ignoring protrusion settings for this character.
Package microtype Info: Character `⁻' is missing
(microtype)             in font `\TU/TeXGyrePagella(0)/m/it/6'.
(microtype)             Ignoring protrusion settings for this character.
[404] [405] [406

]
Chapter 30.

Overfull \hbox (17.00021pt too wide) in paragraph at lines 23759--23760
[]\TU/TeXGyrePagella(0)/b/n/10.95 The Unchanging Clock: \TU/TeXGyrePagella(0)/m
/n/10.95 Phase-space trajectories and time-averages ($[][] [] [][] [] \OML/cmm/
m/it/10.95 dt$\TU/TeXGyrePagella(0)/m/n/10.95 )
 []

[407]
Overfull \hbox (27.50885pt too wide) in paragraph at lines 23786--23787
[]\TU/TeXGyrePagella(0)/b/n/10.95 Persistence Condition: \TU/TeXGyrePagella(0)/
m/n/10.95 The interaction with the environment $\OMS/cmsy/m/n/10.95 E$ \TU/TeXG
yrePagella(0)/m/n/10.95 must act as an environment-
 []

[408]
Package microtype Info: Character `ﬆ' is missing
(microtype)             in font `\TU/TeXGyrePagella(0)/m/n/10'.
(microtype)             Ignoring protrusion settings for this character.
Package microtype Info: Character `ﬅ' is missing
(microtype)             in font `\TU/TeXGyrePagella(0)/m/n/10'.
(microtype)             Ignoring protrusion settings for this character.
Package microtype Info: Character `‥' is missing
(microtype)             in font `\TU/TeXGyrePagella(0)/m/n/10'.
(microtype)             Ignoring protrusion settings for this character.
Package microtype Info: Character `‼' is missing
(microtype)             in font `\TU/TeXGyrePagella(0)/m/n/10'.
(microtype)             Ignoring protrusion settings for this character.
Package microtype Info: Character `⁰' is missing
(microtype)             in font `\TU/TeXGyrePagella(0)/m/n/10'.
(microtype)             Ignoring protrusion settings for this character.
Package microtype Info: Character `⁴' is missing
(microtype)             in font `\TU/TeXGyrePagella(0)/m/n/10'.
(microtype)             Ignoring protrusion settings for this character.
Package microtype Info: Character `⁵' is missing
(microtype)             in font `\TU/TeXGyrePagella(0)/m/n/10'.
(microtype)             Ignoring protrusion settings for this character.
Package microtype Info: Character `⁶' is missing
(microtype)             in font `\TU/TeXGyrePagella(0)/m/n/10'.
(microtype)             Ignoring protrusion settings for this character.
Package microtype Info: Character `⁷' is missing
(microtype)             in font `\TU/TeXGyrePagella(0)/m/n/10'.
(microtype)             Ignoring protrusion settings for this character.
Package microtype Info: Character `⁸' is missing
(microtype)             in font `\TU/TeXGyrePagella(0)/m/n/10'.
(microtype)             Ignoring protrusion settings for this character.
Package microtype Info: Character `⁹' is missing
(microtype)             in font `\TU/TeXGyrePagella(0)/m/n/10'.
(microtype)             Ignoring protrusion settings for this character.
Package microtype Info: Character `₀' is missing
(microtype)             in font `\TU/TeXGyrePagella(0)/m/n/10'.
(microtype)             Ignoring protrusion settings for this character.
Package microtype Info: Character `₁' is missing
(microtype)             in font `\TU/TeXGyrePagella(0)/m/n/10'.
(microtype)             Ignoring protrusion settings for this character.
Package microtype Info: Character `₂' is missing
(microtype)             in font `\TU/TeXGyrePagella(0)/m/n/10'.
(microtype)             Ignoring protrusion settings for this character.
Package microtype Info: Character `₃' is missing
(microtype)             in font `\TU/TeXGyrePagella(0)/m/n/10'.
(microtype)             Ignoring protrusion settings for this character.
Package microtype Info: Character `₄' is missing
(microtype)             in font `\TU/TeXGyrePagella(0)/m/n/10'.
(microtype)             Ignoring protrusion settings for this character.
Package microtype Info: Character `₅' is missing
(microtype)             in font `\TU/TeXGyrePagella(0)/m/n/10'.
(microtype)             Ignoring protrusion settings for this character.
Package microtype Info: Character `₆' is missing
(microtype)             in font `\TU/TeXGyrePagella(0)/m/n/10'.
(microtype)             Ignoring protrusion settings for this character.
Package microtype Info: Character `₇' is missing
(microtype)             in font `\TU/TeXGyrePagella(0)/m/n/10'.
(microtype)             Ignoring protrusion settings for this character.
Package microtype Info: Character `₈' is missing
(microtype)             in font `\TU/TeXGyrePagella(0)/m/n/10'.
(microtype)             Ignoring protrusion settings for this character.
Package microtype Info: Character `₉' is missing
(microtype)             in font `\TU/TeXGyrePagella(0)/m/n/10'.
(microtype)             Ignoring protrusion settings for this character.
Package microtype Info: Character `₊' is missing
(microtype)             in font `\TU/TeXGyrePagella(0)/m/n/10'.
(microtype)             Ignoring protrusion settings for this character.
Package microtype Info: Character `₋' is missing
(microtype)             in font `\TU/TeXGyrePagella(0)/m/n/10'.
(microtype)             Ignoring protrusion settings for this character.
Package microtype Info: Character `⁺' is missing
(microtype)             in font `\TU/TeXGyrePagella(0)/m/n/10'.
(microtype)             Ignoring protrusion settings for this character.
Package microtype Info: Character `⁻' is missing
(microtype)             in font `\TU/TeXGyrePagella(0)/m/n/10'.
(microtype)             Ignoring protrusion settings for this character.
Package microtype Info: Character `ﬆ' is missing
(microtype)             in font `\TU/TeXGyrePagella(0)/m/n/7'.
(microtype)             Ignoring protrusion settings for this character.
Package microtype Info: Character `ﬅ' is missing
(microtype)             in font `\TU/TeXGyrePagella(0)/m/n/7'.
(microtype)             Ignoring protrusion settings for this character.
Package microtype Info: Character `‥' is missing
(microtype)             in font `\TU/TeXGyrePagella(0)/m/n/7'.
(microtype)             Ignoring protrusion settings for this character.
Package microtype Info: Character `‼' is missing
(microtype)             in font `\TU/TeXGyrePagella(0)/m/n/7'.
(microtype)             Ignoring protrusion settings for this character.
Package microtype Info: Character `⁰' is missing
(microtype)             in font `\TU/TeXGyrePagella(0)/m/n/7'.
(microtype)             Ignoring protrusion settings for this character.
Package microtype Info: Character `⁴' is missing
(microtype)             in font `\TU/TeXGyrePagella(0)/m/n/7'.
(microtype)             Ignoring protrusion settings for this character.
Package microtype Info: Character `⁵' is missing
(microtype)             in font `\TU/TeXGyrePagella(0)/m/n/7'.
(microtype)             Ignoring protrusion settings for this character.
Package microtype Info: Character `⁶' is missing
(microtype)             in font `\TU/TeXGyrePagella(0)/m/n/7'.
(microtype)             Ignoring protrusion settings for this character.
Package microtype Info: Character `⁷' is missing
(microtype)             in font `\TU/TeXGyrePagella(0)/m/n/7'.
(microtype)             Ignoring protrusion settings for this character.
Package microtype Info: Character `⁸' is missing
(microtype)             in font `\TU/TeXGyrePagella(0)/m/n/7'.
(microtype)             Ignoring protrusion settings for this character.
Package microtype Info: Character `⁹' is missing
(microtype)             in font `\TU/TeXGyrePagella(0)/m/n/7'.
(microtype)             Ignoring protrusion settings for this character.
Package microtype Info: Character `₀' is missing
(microtype)             in font `\TU/TeXGyrePagella(0)/m/n/7'.
(microtype)             Ignoring protrusion settings for this character.
Package microtype Info: Character `₁' is missing
(microtype)             in font `\TU/TeXGyrePagella(0)/m/n/7'.
(microtype)             Ignoring protrusion settings for this character.
Package microtype Info: Character `₂' is missing
(microtype)             in font `\TU/TeXGyrePagella(0)/m/n/7'.
(microtype)             Ignoring protrusion settings for this character.
Package microtype Info: Character `₃' is missing
(microtype)             in font `\TU/TeXGyrePagella(0)/m/n/7'.
(microtype)             Ignoring protrusion settings for this character.
Package microtype Info: Character `₄' is missing
(microtype)             in font `\TU/TeXGyrePagella(0)/m/n/7'.
(microtype)             Ignoring protrusion settings for this character.
Package microtype Info: Character `₅' is missing
(microtype)             in font `\TU/TeXGyrePagella(0)/m/n/7'.
(microtype)             Ignoring protrusion settings for this character.
Package microtype Info: Character `₆' is missing
(microtype)             in font `\TU/TeXGyrePagella(0)/m/n/7'.
(microtype)             Ignoring protrusion settings for this character.
Package microtype Info: Character `₇' is missing
(microtype)             in font `\TU/TeXGyrePagella(0)/m/n/7'.
(microtype)             Ignoring protrusion settings for this character.
Package microtype Info: Character `₈' is missing
(microtype)             in font `\TU/TeXGyrePagella(0)/m/n/7'.
(microtype)             Ignoring protrusion settings for this character.
Package microtype Info: Character `₉' is missing
(microtype)             in font `\TU/TeXGyrePagella(0)/m/n/7'.
(microtype)             Ignoring protrusion settings for this character.
Package microtype Info: Character `₊' is missing
(microtype)             in font `\TU/TeXGyrePagella(0)/m/n/7'.
(microtype)             Ignoring protrusion settings for this character.
Package microtype Info: Character `₋' is missing
(microtype)             in font `\TU/TeXGyrePagella(0)/m/n/7'.
(microtype)             Ignoring protrusion settings for this character.
Package microtype Info: Character `⁺' is missing
(microtype)             in font `\TU/TeXGyrePagella(0)/m/n/7'.
(microtype)             Ignoring protrusion settings for this character.
Package microtype Info: Character `⁻' is missing
(microtype)             in font `\TU/TeXGyrePagella(0)/m/n/7'.
(microtype)             Ignoring protrusion settings for this character.
Package microtype Info: Character `ﬆ' is missing
(microtype)             in font `\TU/TeXGyrePagella(0)/b/n/10'.
(microtype)             Ignoring protrusion settings for this character.
Package microtype Info: Character `ﬅ' is missing
(microtype)             in font `\TU/TeXGyrePagella(0)/b/n/10'.
(microtype)             Ignoring protrusion settings for this character.
Package microtype Info: Character `‥' is missing
(microtype)             in font `\TU/TeXGyrePagella(0)/b/n/10'.
(microtype)             Ignoring protrusion settings for this character.
Package microtype Info: Character `‼' is missing
(microtype)             in font `\TU/TeXGyrePagella(0)/b/n/10'.
(microtype)             Ignoring protrusion settings for this character.
Package microtype Info: Character `⁰' is missing
(microtype)             in font `\TU/TeXGyrePagella(0)/b/n/10'.
(microtype)             Ignoring protrusion settings for this character.
Package microtype Info: Character `⁴' is missing
(microtype)             in font `\TU/TeXGyrePagella(0)/b/n/10'.
(microtype)             Ignoring protrusion settings for this character.
Package microtype Info: Character `⁵' is missing
(microtype)             in font `\TU/TeXGyrePagella(0)/b/n/10'.
(microtype)             Ignoring protrusion settings for this character.
Package microtype Info: Character `⁶' is missing
(microtype)             in font `\TU/TeXGyrePagella(0)/b/n/10'.
(microtype)             Ignoring protrusion settings for this character.
Package microtype Info: Character `⁷' is missing
(microtype)             in font `\TU/TeXGyrePagella(0)/b/n/10'.
(microtype)             Ignoring protrusion settings for this character.
Package microtype Info: Character `⁸' is missing
(microtype)             in font `\TU/TeXGyrePagella(0)/b/n/10'.
(microtype)             Ignoring protrusion settings for this character.
Package microtype Info: Character `⁹' is missing
(microtype)             in font `\TU/TeXGyrePagella(0)/b/n/10'.
(microtype)             Ignoring protrusion settings for this character.
Package microtype Info: Character `₀' is missing
(microtype)             in font `\TU/TeXGyrePagella(0)/b/n/10'.
(microtype)             Ignoring protrusion settings for this character.
Package microtype Info: Character `₁' is missing
(microtype)             in font `\TU/TeXGyrePagella(0)/b/n/10'.
(microtype)             Ignoring protrusion settings for this character.
Package microtype Info: Character `₂' is missing
(microtype)             in font `\TU/TeXGyrePagella(0)/b/n/10'.
(microtype)             Ignoring protrusion settings for this character.
Package microtype Info: Character `₃' is missing
(microtype)             in font `\TU/TeXGyrePagella(0)/b/n/10'.
(microtype)             Ignoring protrusion settings for this character.
Package microtype Info: Character `₄' is missing
(microtype)             in font `\TU/TeXGyrePagella(0)/b/n/10'.
(microtype)             Ignoring protrusion settings for this character.
Package microtype Info: Character `₅' is missing
(microtype)             in font `\TU/TeXGyrePagella(0)/b/n/10'.
(microtype)             Ignoring protrusion settings for this character.
Package microtype Info: Character `₆' is missing
(microtype)             in font `\TU/TeXGyrePagella(0)/b/n/10'.
(microtype)             Ignoring protrusion settings for this character.
Package microtype Info: Character `₇' is missing
(microtype)             in font `\TU/TeXGyrePagella(0)/b/n/10'.
(microtype)             Ignoring protrusion settings for this character.
Package microtype Info: Character `₈' is missing
(microtype)             in font `\TU/TeXGyrePagella(0)/b/n/10'.
(microtype)             Ignoring protrusion settings for this character.
Package microtype Info: Character `₉' is missing
(microtype)             in font `\TU/TeXGyrePagella(0)/b/n/10'.
(microtype)             Ignoring protrusion settings for this character.
Package microtype Info: Character `₊' is missing
(microtype)             in font `\TU/TeXGyrePagella(0)/b/n/10'.
(microtype)             Ignoring protrusion settings for this character.
Package microtype Info: Character `₋' is missing
(microtype)             in font `\TU/TeXGyrePagella(0)/b/n/10'.
(microtype)             Ignoring protrusion settings for this character.
Package microtype Info: Character `⁺' is missing
(microtype)             in font `\TU/TeXGyrePagella(0)/b/n/10'.
(microtype)             Ignoring protrusion settings for this character.
Package microtype Info: Character `⁻' is missing
(microtype)             in font `\TU/TeXGyrePagella(0)/b/n/10'.
(microtype)             Ignoring protrusion settings for this character.
Package microtype Info: Character `ﬆ' is missing
(microtype)             in font `\TU/TeXGyrePagella(0)/b/n/7'.
(microtype)             Ignoring protrusion settings for this character.
Package microtype Info: Character `ﬅ' is missing
(microtype)             in font `\TU/TeXGyrePagella(0)/b/n/7'.
(microtype)             Ignoring protrusion settings for this character.
Package microtype Info: Character `‥' is missing
(microtype)             in font `\TU/TeXGyrePagella(0)/b/n/7'.
(microtype)             Ignoring protrusion settings for this character.
Package microtype Info: Character `‼' is missing
(microtype)             in font `\TU/TeXGyrePagella(0)/b/n/7'.
(microtype)             Ignoring protrusion settings for this character.
Package microtype Info: Character `⁰' is missing
(microtype)             in font `\TU/TeXGyrePagella(0)/b/n/7'.
(microtype)             Ignoring protrusion settings for this character.
Package microtype Info: Character `⁴' is missing
(microtype)             in font `\TU/TeXGyrePagella(0)/b/n/7'.
(microtype)             Ignoring protrusion settings for this character.
Package microtype Info: Character `⁵' is missing
(microtype)             in font `\TU/TeXGyrePagella(0)/b/n/7'.
(microtype)             Ignoring protrusion settings for this character.
Package microtype Info: Character `⁶' is missing
(microtype)             in font `\TU/TeXGyrePagella(0)/b/n/7'.
(microtype)             Ignoring protrusion settings for this character.
Package microtype Info: Character `⁷' is missing
(microtype)             in font `\TU/TeXGyrePagella(0)/b/n/7'.
(microtype)             Ignoring protrusion settings for this character.
Package microtype Info: Character `⁸' is missing
(microtype)             in font `\TU/TeXGyrePagella(0)/b/n/7'.
(microtype)             Ignoring protrusion settings for this character.
Package microtype Info: Character `⁹' is missing
(microtype)             in font `\TU/TeXGyrePagella(0)/b/n/7'.
(microtype)             Ignoring protrusion settings for this character.
Package microtype Info: Character `₀' is missing
(microtype)             in font `\TU/TeXGyrePagella(0)/b/n/7'.
(microtype)             Ignoring protrusion settings for this character.
Package microtype Info: Character `₁' is missing
(microtype)             in font `\TU/TeXGyrePagella(0)/b/n/7'.
(microtype)             Ignoring protrusion settings for this character.
Package microtype Info: Character `₂' is missing
(microtype)             in font `\TU/TeXGyrePagella(0)/b/n/7'.
(microtype)             Ignoring protrusion settings for this character.
Package microtype Info: Character `₃' is missing
(microtype)             in font `\TU/TeXGyrePagella(0)/b/n/7'.
(microtype)             Ignoring protrusion settings for this character.
Package microtype Info: Character `₄' is missing
(microtype)             in font `\TU/TeXGyrePagella(0)/b/n/7'.
(microtype)             Ignoring protrusion settings for this character.
Package microtype Info: Character `₅' is missing
(microtype)             in font `\TU/TeXGyrePagella(0)/b/n/7'.
(microtype)             Ignoring protrusion settings for this character.
Package microtype Info: Character `₆' is missing
(microtype)             in font `\TU/TeXGyrePagella(0)/b/n/7'.
(microtype)             Ignoring protrusion settings for this character.
Package microtype Info: Character `₇' is missing
(microtype)             in font `\TU/TeXGyrePagella(0)/b/n/7'.
(microtype)             Ignoring protrusion settings for this character.
Package microtype Info: Character `₈' is missing
(microtype)             in font `\TU/TeXGyrePagella(0)/b/n/7'.
(microtype)             Ignoring protrusion settings for this character.
Package microtype Info: Character `₉' is missing
(microtype)             in font `\TU/TeXGyrePagella(0)/b/n/7'.
(microtype)             Ignoring protrusion settings for this character.
Package microtype Info: Character `₊' is missing
(microtype)             in font `\TU/TeXGyrePagella(0)/b/n/7'.
(microtype)             Ignoring protrusion settings for this character.
Package microtype Info: Character `₋' is missing
(microtype)             in font `\TU/TeXGyrePagella(0)/b/n/7'.
(microtype)             Ignoring protrusion settings for this character.
Package microtype Info: Character `⁺' is missing
(microtype)             in font `\TU/TeXGyrePagella(0)/b/n/7'.
(microtype)             Ignoring protrusion settings for this character.
Package microtype Info: Character `⁻' is missing
(microtype)             in font `\TU/TeXGyrePagella(0)/b/n/7'.
(microtype)             Ignoring protrusion settings for this character.


Package hyperref Warning: Token not allowed in a PDF string (Unicode):
(hyperref)                removing `math shift' on input line 23827.


Package hyperref Warning: Token not allowed in a PDF string (Unicode):
(hyperref)                removing `\sim' on input line 23827.


Package hyperref Warning: Token not allowed in a PDF string (Unicode):
(hyperref)                removing `subscript' on input line 23827.

[409]
Overfull \hbox (4.30707pt too wide) in paragraph at lines 23854--23858
\TU/TeXGyrePagella(0)/m/n/10.95 We now apply this operational formalism to deri
ve the central physical conclusion of Part VII:
 []

[410]
Overfull \hbox (2.71806pt too wide) in paragraph at lines 23899--23902
\TU/TeXGyrePagella(0)/m/n/10.95 This completes the mathematical proof. Without 
invoking human observers, external clocks,
 []

[411] [412

]
Chapter 31.
[413]
Overfull \hbox (6.30362pt too wide) in paragraph at lines 23956--23958
\TU/TeXGyrePagella(0)/m/n/10.95 We formalize this insight by defining the globa
l dilational equivalence relation on the Plenum
 []

[414] [415]
Overfull \hbox (1.24829pt too wide) in paragraph at lines 24027--24029
\TU/TeXGyrePagella(0)/m/n/10.95 Because spatial field fluctuations in both stat
es lie beneath the operational distinction thresh-
 []

[416] [417] [418

]
Chapter 32.

Overfull \hbox (50.81352pt too wide) detected at line 24065
[][][][]
 []

[419] [420]
Package microtype Info: Loading generic protrusion settings for font family
(microtype)             `lmtt' (encoding: TU).
(microtype)             For optimal results, create family-specific settings.
(microtype)             See the microtype manual for details.

Missing character: There is no ┌ (U+250C) in font [lmmono10-regular]:!
Missing character: There is no ─ (U+2500) in font [lmmono10-regular]:!
Missing character: There is no ─ (U+2500) in font [lmmono10-regular]:!
Missing character: There is no ─ (U+2500) in font [lmmono10-regular]:!
Missing character: There is no ─ (U+2500) in font [lmmono10-regular]:!
Missing character: There is no ─ (U+2500) in font [lmmono10-regular]:!
Missing character: There is no ─ (U+2500) in font [lmmono10-regular]:!
Missing character: There is no ─ (U+2500) in font [lmmono10-regular]:!
Missing character: There is no ─ (U+2500) in font [lmmono10-regular]:!
Missing character: There is no ─ (U+2500) in font [lmmono10-regular]:!
Missing character: There is no ─ (U+2500) in font [lmmono10-regular]:!
Missing character: There is no ─ (U+2500) in font [lmmono10-regular]:!
Missing character: There is no ─ (U+2500) in font [lmmono10-regular]:!
Missing character: There is no ─ (U+2500) in font [lmmono10-regular]:!
Missing character: There is no ─ (U+2500) in font [lmmono10-regular]:!
Missing character: There is no ─ (U+2500) in font [lmmono10-regular]:!
Missing character: There is no ─ (U+2500) in font [lmmono10-regular]:!
Missing character: There is no ─ (U+2500) in font [lmmono10-regular]:!
Missing character: There is no ─ (U+2500) in font [lmmono10-regular]:!
Missing character: There is no ─ (U+2500) in font [lmmono10-regular]:!
Missing character: There is no ─ (U+2500) in font [lmmono10-regular]:!
Missing character: There is no ─ (U+2500) in font [lmmono10-regular]:!
Missing character: There is no ─ (U+2500) in font [lmmono10-regular]:!
Missing character: There is no ─ (U+2500) in font [lmmono10-regular]:!
Missing character: There is no ─ (U+2500) in font [lmmono10-regular]:!
Missing character: There is no ─ (U+2500) in font [lmmono10-regular]:!
Missing character: There is no ─ (U+2500) in font [lmmono10-regular]:!
Missing character: There is no ─ (U+2500) in font [lmmono10-regular]:!
Missing character: There is no ─ (U+2500) in font [lmmono10-regular]:!
Missing character: There is no ─ (U+2500) in font [lmmono10-regular]:!
Missing character: There is no ─ (U+2500) in font [lmmono10-regular]:!
Missing character: There is no ─ (U+2500) in font [lmmono10-regular]:!
Missing character: There is no ─ (U+2500) in font [lmmono10-regular]:!
Missing character: There is no ─ (U+2500) in font [lmmono10-regular]:!
Missing character: There is no ─ (U+2500) in font [lmmono10-regular]:!
Missing character: There is no ─ (U+2500) in font [lmmono10-regular]:!
Missing character: There is no ─ (U+2500) in font [lmmono10-regular]:!
Missing character: There is no ─ (U+2500) in font [lmmono10-regular]:!
Missing character: There is no ─ (U+2500) in font [lmmono10-regular]:!
Missing character: There is no ─ (U+2500) in font [lmmono10-regular]:!
Missing character: There is no ─ (U+2500) in font [lmmono10-regular]:!
Missing character: There is no ─ (U+2500) in font [lmmono10-regular]:!
Missing character: There is no ┐ (U+2510) in font [lmmono10-regular]:!
Missing character: There is no │ (U+2502) in font [lmmono10-regular]:!
Missing character: There is no │ (U+2502) in font [lmmono10-regular]:!
Missing character: There is no └ (U+2514) in font [lmmono10-regular]:!
Missing character: There is no ─ (U+2500) in font [lmmono10-regular]:!
Missing character: There is no ─ (U+2500) in font [lmmono10-regular]:!
Missing character: There is no ─ (U+2500) in font [lmmono10-regular]:!
Missing character: There is no ─ (U+2500) in font [lmmono10-regular]:!
Missing character: There is no ─ (U+2500) in font [lmmono10-regular]:!
Missing character: There is no ─ (U+2500) in font [lmmono10-regular]:!
Missing character: There is no ─ (U+2500) in font [lmmono10-regular]:!
Missing character: There is no ─ (U+2500) in font [lmmono10-regular]:!
Missing character: There is no ─ (U+2500) in font [lmmono10-regular]:!
Missing character: There is no ─ (U+2500) in font [lmmono10-regular]:!
Missing character: There is no ─ (U+2500) in font [lmmono10-regular]:!
Missing character: There is no ─ (U+2500) in font [lmmono10-regular]:!
Missing character: There is no ─ (U+2500) in font [lmmono10-regular]:!
Missing character: There is no ─ (U+2500) in font [lmmono10-regular]:!
Missing character: There is no ─ (U+2500) in font [lmmono10-regular]:!
Missing character: There is no ─ (U+2500) in font [lmmono10-regular]:!
Missing character: There is no ─ (U+2500) in font [lmmono10-regular]:!
Missing character: There is no ─ (U+2500) in font [lmmono10-regular]:!
Missing character: There is no ─ (U+2500) in font [lmmono10-regular]:!
Missing character: There is no ─ (U+2500) in font [lmmono10-regular]:!
Missing character: There is no ┬ (U+252C) in font [lmmono10-regular]:!
Missing character: There is no ─ (U+2500) in font [lmmono10-regular]:!
Missing character: There is no ─ (U+2500) in font [lmmono10-regular]:!
Missing character: There is no ─ (U+2500) in font [lmmono10-regular]:!
Missing character: There is no ─ (U+2500) in font [lmmono10-regular]:!
Missing character: There is no ─ (U+2500) in font [lmmono10-regular]:!
Missing character: There is no ─ (U+2500) in font [lmmono10-regular]:!
Missing character: There is no ─ (U+2500) in font [lmmono10-regular]:!
Missing character: There is no ─ (U+2500) in font [lmmono10-regular]:!
Missing character: There is no ─ (U+2500) in font [lmmono10-regular]:!
Missing character: There is no ─ (U+2500) in font [lmmono10-regular]:!
Missing character: There is no ─ (U+2500) in font [lmmono10-regular]:!
Missing character: There is no ─ (U+2500) in font [lmmono10-regular]:!
Missing character: There is no ─ (U+2500) in font [lmmono10-regular]:!
Missing character: There is no ─ (U+2500) in font [lmmono10-regular]:!
Missing character: There is no ─ (U+2500) in font [lmmono10-regular]:!
Missing character: There is no ─ (U+2500) in font [lmmono10-regular]:!
Missing character: There is no ─ (U+2500) in font [lmmono10-regular]:!
Missing character: There is no ─ (U+2500) in font [lmmono10-regular]:!
Missing character: There is no ─ (U+2500) in font [lmmono10-regular]:!
Missing character: There is no ─ (U+2500) in font [lmmono10-regular]:!
Missing character: There is no ┘ (U+2518) in font [lmmono10-regular]:!
Missing character: There is no │ (U+2502) in font [lmmono10-regular]:!
Missing character: There is no ┌ (U+250C) in font [lmmono10-regular]:!
Missing character: There is no ─ (U+2500) in font [lmmono10-regular]:!
Missing character: There is no ─ (U+2500) in font [lmmono10-regular]:!
Missing character: There is no ─ (U+2500) in font [lmmono10-regular]:!
Missing character: There is no ─ (U+2500) in font [lmmono10-regular]:!
Missing character: There is no ─ (U+2500) in font [lmmono10-regular]:!
Missing character: There is no ─ (U+2500) in font [lmmono10-regular]:!
Missing character: There is no ─ (U+2500) in font [lmmono10-regular]:!
Missing character: There is no ─ (U+2500) in font [lmmono10-regular]:!
Missing character: There is no ─ (U+2500) in font [lmmono10-regular]:!
Missing character: There is no ─ (U+2500) in font [lmmono10-regular]:!
Missing character: There is no ─ (U+2500) in font [lmmono10-regular]:!
Missing character: There is no ─ (U+2500) in font [lmmono10-regular]:!
Missing character: There is no ─ (U+2500) in font [lmmono10-regular]:!
Missing character: There is no ─ (U+2500) in font [lmmono10-regular]:!
Missing character: There is no ─ (U+2500) in font [lmmono10-regular]:!
Missing character: There is no ─ (U+2500) in font [lmmono10-regular]:!
Missing character: There is no ─ (U+2500) in font [lmmono10-regular]:!
Missing character: There is no ─ (U+2500) in font [lmmono10-regular]:!
Missing character: There is no ─ (U+2500) in font [lmmono10-regular]:!
Missing character: There is no ─ (U+2500) in font [lmmono10-regular]:!
Missing character: There is no ─ (U+2500) in font [lmmono10-regular]:!
Missing character: There is no ─ (U+2500) in font [lmmono10-regular]:!
Missing character: There is no ─ (U+2500) in font [lmmono10-regular]:!
Missing character: There is no ─ (U+2500) in font [lmmono10-regular]:!
Missing character: There is no ─ (U+2500) in font [lmmono10-regular]:!
Missing character: There is no ─ (U+2500) in font [lmmono10-regular]:!
Missing character: There is no ─ (U+2500) in font [lmmono10-regular]:!
Missing character: There is no ─ (U+2500) in font [lmmono10-regular]:!
Missing character: There is no ─ (U+2500) in font [lmmono10-regular]:!
Missing character: There is no ─ (U+2500) in font [lmmono10-regular]:!
Missing character: There is no ─ (U+2500) in font [lmmono10-regular]:!
Missing character: There is no ─ (U+2500) in font [lmmono10-regular]:!
Missing character: There is no ─ (U+2500) in font [lmmono10-regular]:!
Missing character: There is no ┼ (U+253C) in font [lmmono10-regular]:!
Missing character: There is no ─ (U+2500) in font [lmmono10-regular]:!
Missing character: There is no ─ (U+2500) in font [lmmono10-regular]:!
Missing character: There is no ─ (U+2500) in font [lmmono10-regular]:!
Missing character: There is no ─ (U+2500) in font [lmmono10-regular]:!
Missing character: There is no ─ (U+2500) in font [lmmono10-regular]:!
Missing character: There is no ─ (U+2500) in font [lmmono10-regular]:!
Missing character: There is no ─ (U+2500) in font [lmmono10-regular]:!
Missing character: There is no ─ (U+2500) in font [lmmono10-regular]:!
Missing character: There is no ─ (U+2500) in font [lmmono10-regular]:!
Missing character: There is no ─ (U+2500) in font [lmmono10-regular]:!
Missing character: There is no ─ (U+2500) in font [lmmono10-regular]:!
Missing character: There is no ─ (U+2500) in font [lmmono10-regular]:!
Missing character: There is no ─ (U+2500) in font [lmmono10-regular]:!
Missing character: There is no ─ (U+2500) in font [lmmono10-regular]:!
Missing character: There is no ─ (U+2500) in font [lmmono10-regular]:!
Missing character: There is no ─ (U+2500) in font [lmmono10-regular]:!
Missing character: There is no ─ (U+2500) in font [lmmono10-regular]:!
Missing character: There is no ─ (U+2500) in font [lmmono10-regular]:!
Missing character: There is no ─ (U+2500) in font [lmmono10-regular]:!
Missing character: There is no ─ (U+2500) in font [lmmono10-regular]:!
Missing character: There is no ─ (U+2500) in font [lmmono10-regular]:!
Missing character: There is no ─ (U+2500) in font [lmmono10-regular]:!
Missing character: There is no ─ (U+2500) in font [lmmono10-regular]:!
Missing character: There is no ─ (U+2500) in font [lmmono10-regular]:!
Missing character: There is no ─ (U+2500) in font [lmmono10-regular]:!
Missing character: There is no ─ (U+2500) in font [lmmono10-regular]:!
Missing character: There is no ─ (U+2500) in font [lmmono10-regular]:!
Missing character: There is no ─ (U+2500) in font [lmmono10-regular]:!
Missing character: There is no ─ (U+2500) in font [lmmono10-regular]:!
Missing character: There is no ─ (U+2500) in font [lmmono10-regular]:!
Missing character: There is no ─ (U+2500) in font [lmmono10-regular]:!
Missing character: There is no ─ (U+2500) in font [lmmono10-regular]:!
Missing character: There is no ─ (U+2500) in font [lmmono10-regular]:!
Missing character: There is no ┐ (U+2510) in font [lmmono10-regular]:!
Missing character: There is no ▼ (U+25BC) in font [lmmono10-regular]:!
Missing character: There is no ▼ (U+25BC) in font [lmmono10-regular]:!
Missing character: There is no ▼ (U+25BC) in font [lmmono10-regular]:!

Overfull \hbox (6.73413pt too wide) in paragraph at lines 24135--24135
[]         \TU/lmtt/m/n/10.95 ▼                                 ▼              
                   ▼[] 
 []

Missing character: There is no ┌ (U+250C) in font [lmmono10-regular]:!
Missing character: There is no ─ (U+2500) in font [lmmono10-regular]:!
Missing character: There is no ┌ (U+250C) in font [lmmono10-regular]:!
Missing character: There is no ─ (U+2500) in font [lmmono10-regular]:!
Missing character: There is no ┌ (U+250C) in font [lmmono10-regular]:!
Missing character: There is no ─ (U+2500) in font [lmmono10-regular]:!
Missing character: There is no ─ (U+2500) in font [lmmono10-regular]:!
Missing character: There is no ─ (U+2500) in font [lmmono10-regular]:!
Missing character: There is no ─ (U+2500) in font [lmmono10-regular]:!
Missing character: There is no ─ (U+2500) in font [lmmono10-regular]:!
Missing character: There is no ─ (U+2500) in font [lmmono10-regular]:!
Missing character: There is no ─ (U+2500) in font [lmmono10-regular]:!
Missing character: There is no ─ (U+2500) in font [lmmono10-regular]:!
Missing character: There is no ─ (U+2500) in font [lmmono10-regular]:!
Missing character: There is no ─ (U+2500) in font [lmmono10-regular]:!
Missing character: There is no ─ (U+2500) in font [lmmono10-regular]:!
Missing character: There is no ─ (U+2500) in font [lmmono10-regular]:!
Missing character: There is no ─ (U+2500) in font [lmmono10-regular]:!
Missing character: There is no ─ (U+2500) in font [lmmono10-regular]:!
Missing character: There is no ─ (U+2500) in font [lmmono10-regular]:!
Missing character: There is no ─ (U+2500) in font [lmmono10-regular]:!
Missing character: There is no ─ (U+2500) in font [lmmono10-regular]:!
Missing character: There is no ─ (U+2500) in font [lmmono10-regular]:!
Missing character: There is no ┐ (U+2510) in font [lmmono10-regular]:!
Missing character: There is no ┌ (U+250C) in font [lmmono10-regular]:!
Missing character: There is no ─ (U+2500) in font [lmmono10-regular]:!
Missing character: There is no ─ (U+2500) in font [lmmono10-regular]:!
Missing character: There is no ─ (U+2500) in font [lmmono10-regular]:!
Missing character: There is no ─ (U+2500) in font [lmmono10-regular]:!
Missing character: There is no ─ (U+2500) in font [lmmono10-regular]:!
Missing character: There is no ─ (U+2500) in font [lmmono10-regular]:!
Missing character: There is no ─ (U+2500) in font [lmmono10-regular]:!
Missing character: There is no ─ (U+2500) in font [lmmono10-regular]:!
Missing character: There is no ─ (U+2500) in font [lmmono10-regular]:!
Missing character: There is no ─ (U+2500) in font [lmmono10-regular]:!
Missing character: There is no ─ (U+2500) in font [lmmono10-regular]:!
Missing character: There is no ─ (U+2500) in font [lmmono10-regular]:!
Missing character: There is no ─ (U+2500) in font [lmmono10-regular]:!
Missing character: There is no ─ (U+2500) in font [lmmono10-regular]:!
Missing character: There is no ─ (U+2500) in font [lmmono10-regular]:!
Missing character: There is no ─ (U+2500) in font [lmmono10-regular]:!
Missing character: There is no ─ (U+2500) in font [lmmono10-regular]:!
Missing character: There is no ─ (U+2500) in font [lmmono10-regular]:!
Missing character: There is no ┐ (U+2510) in font [lmmono10-regular]:!
Missing character: There is no ┌ (U+250C) in font [lmmono10-regular]:!
Missing character: There is no ─ (U+2500) in font [lmmono10-regular]:!
Missing character: There is no ─ (U+2500) in font [lmmono10-regular]:!
Missing character: There is no ─ (U+2500) in font [lmmono10-regular]:!
Missing character: There is no ─ (U+2500) in font [lmmono10-regular]:!
Missing character: There is no ─ (U+2500) in font [lmmono10-regular]:!
Missing character: There is no ─ (U+2500) in font [lmmono10-regular]:!
Missing character: There is no ─ (U+2500) in font [lmmono10-regular]:!
Missing character: There is no ─ (U+2500) in font [lmmono10-regular]:!
Missing character: There is no ─ (U+2500) in font [lmmono10-regular]:!
Missing character: There is no ─ (U+2500) in font [lmmono10-regular]:!
Missing character: There is no ─ (U+2500) in font [lmmono10-regular]:!
Missing character: There is no ─ (U+2500) in font [lmmono10-regular]:!
Missing character: There is no ─ (U+2500) in font [lmmono10-regular]:!
Missing character: There is no ─ (U+2500) in font [lmmono10-regular]:!
Missing character: There is no ─ (U+2500) in font [lmmono10-regular]:!
Missing character: There is no ─ (U+2500) in font [lmmono10-regular]:!
Missing character: There is no ─ (U+2500) in font [lmmono10-regular]:!
Missing character: There is no ─ (U+2500) in font [lmmono10-regular]:!
Missing character: There is no ┐ (U+2510) in font [lmmono10-regular]:!
Missing character: There is no │ (U+2502) in font [lmmono10-regular]:!
Missing character: There is no │ (U+2502) in font [lmmono10-regular]:!
Missing character: There is no │ (U+2502) in font [lmmono10-regular]:!
Missing character: There is no │ (U+2502) in font [lmmono10-regular]:!
Missing character: There is no │ (U+2502) in font [lmmono10-regular]:!
Missing character: There is no │ (U+2502) in font [lmmono10-regular]:!
Missing character: There is no │ (U+2502) in font [lmmono10-regular]:!

Overfull \hbox (44.67586pt too wide) in paragraph at lines 24135--24135
[]\TU/lmtt/m/n/10.95 │   REGIME I:      │             │   REGIME II:     │     
        │   REGIME III:    │[] 
 []

Missing character: There is no │ (U+2502) in font [lmmono10-regular]:!
Missing character: There is no │ (U+2502) in font [lmmono10-regular]:!
Missing character: There is no │ (U+2502) in font [lmmono10-regular]:!
Missing character: There is no │ (U+2502) in font [lmmono10-regular]:!
Missing character: There is no │ (U+2502) in font [lmmono10-regular]:!
Missing character: There is no │ (U+2502) in font [lmmono10-regular]:!
Missing character: There is no │ (U+2502) in font [lmmono10-regular]:!

Overfull \hbox (56.17336pt too wide) in paragraph at lines 24135--24135
[]\TU/lmtt/m/n/10.95 │  Stable Attractor│             │Asymptotic Boundary│    
         │Unstable Transition│[] 
 []

Missing character: There is no │ (U+2502) in font [lmmono10-regular]:!
Missing character: There is no │ (U+2502) in font [lmmono10-regular]:!
Missing character: There is no │ (U+2502) in font [lmmono10-regular]:!
Missing character: There is no │ (U+2502) in font [lmmono10-regular]:!
Missing character: There is no │ (U+2502) in font [lmmono10-regular]:!
Missing character: There is no │ (U+2502) in font [lmmono10-regular]:!
Missing character: There is no │ (U+2502) in font [lmmono10-regular]:!

Overfull \hbox (44.67586pt too wide) in paragraph at lines 24135--24135
[]\TU/lmtt/m/n/10.95 │                  │             │                  │     
        │                  │[] 
 []

Missing character: There is no │ (U+2502) in font [lmmono10-regular]:!
Missing character: There is no │ (U+2502) in font [lmmono10-regular]:!
Missing character: There is no λ (U+03BB) in font [lmmono10-regular]:!
Missing character: There is no α (U+03B1) in font [lmmono10-regular]:!
Missing character: There is no │ (U+2502) in font [lmmono10-regular]:!
Missing character: There is no │ (U+2502) in font [lmmono10-regular]:!
Missing character: There is no λ (U+03BB) in font [lmmono10-regular]:!
Missing character: There is no α (U+03B1) in font [lmmono10-regular]:!
Missing character: There is no ≤ (U+2264) in font [lmmono10-regular]:!
Missing character: There is no │ (U+2502) in font [lmmono10-regular]:!
Missing character: There is no │ (U+2502) in font [lmmono10-regular]:!
Missing character: There is no ∃ (U+2203) in font [lmmono10-regular]:!
Missing character: There is no α (U+03B1) in font [lmmono10-regular]:!
Missing character: There is no │ (U+2502) in font [lmmono10-regular]:!

Overfull \hbox (25.8966pt too wide) in paragraph at lines 24135--24135
[]\TU/lmtt/m/n/10.95 │ Re(λ_α) < 0      │             │ Re(λ_α) ≤ 0      │     
        │ ∃ α such that    │[] 
 []

Missing character: There is no │ (U+2502) in font [lmmono10-regular]:!
Missing character: There is no │ (U+2502) in font [lmmono10-regular]:!
Missing character: There is no ∀ (U+2200) in font [lmmono10-regular]:!
Missing character: There is no α (U+03B1) in font [lmmono10-regular]:!
Missing character: There is no │ (U+2502) in font [lmmono10-regular]:!
Missing character: There is no │ (U+2502) in font [lmmono10-regular]:!
Missing character: There is no λ (U+03BB) in font [lmmono10-regular]:!
Missing character: There is no │ (U+2502) in font [lmmono10-regular]:!
Missing character: There is no │ (U+2502) in font [lmmono10-regular]:!
Missing character: There is no λ (U+03BB) in font [lmmono10-regular]:!
Missing character: There is no α (U+03B1) in font [lmmono10-regular]:!
Missing character: There is no │ (U+2502) in font [lmmono10-regular]:!

Overfull \hbox (31.2621pt too wide) in paragraph at lines 24135--24135
[]\TU/lmtt/m/n/10.95 │   (∀ α)          │             │ (with Re(λ)=0)   │     
        │   Re(λ_α) > 0    │[] 
 []

Missing character: There is no └ (U+2514) in font [lmmono10-regular]:!
Missing character: There is no ─ (U+2500) in font [lmmono10-regular]:!
Missing character: There is no └ (U+2514) in font [lmmono10-regular]:!
Missing character: There is no ─ (U+2500) in font [lmmono10-regular]:!
Missing character: There is no └ (U+2514) in font [lmmono10-regular]:!
Missing character: There is no ─ (U+2500) in font [lmmono10-regular]:!
Missing character: There is no ─ (U+2500) in font [lmmono10-regular]:!
Missing character: There is no ─ (U+2500) in font [lmmono10-regular]:!
Missing character: There is no ─ (U+2500) in font [lmmono10-regular]:!
Missing character: There is no ─ (U+2500) in font [lmmono10-regular]:!
Missing character: There is no ─ (U+2500) in font [lmmono10-regular]:!
Missing character: There is no ─ (U+2500) in font [lmmono10-regular]:!
Missing character: There is no ─ (U+2500) in font [lmmono10-regular]:!
Missing character: There is no ┬ (U+252C) in font [lmmono10-regular]:!
Missing character: There is no ─ (U+2500) in font [lmmono10-regular]:!
Missing character: There is no ─ (U+2500) in font [lmmono10-regular]:!
Missing character: There is no ─ (U+2500) in font [lmmono10-regular]:!
Missing character: There is no ─ (U+2500) in font [lmmono10-regular]:!
Missing character: There is no ─ (U+2500) in font [lmmono10-regular]:!
Missing character: There is no ─ (U+2500) in font [lmmono10-regular]:!
Missing character: There is no ─ (U+2500) in font [lmmono10-regular]:!
Missing character: There is no ─ (U+2500) in font [lmmono10-regular]:!
Missing character: There is no ─ (U+2500) in font [lmmono10-regular]:!
Missing character: There is no ┘ (U+2518) in font [lmmono10-regular]:!
Missing character: There is no └ (U+2514) in font [lmmono10-regular]:!
Missing character: There is no ─ (U+2500) in font [lmmono10-regular]:!
Missing character: There is no ─ (U+2500) in font [lmmono10-regular]:!
Missing character: There is no ─ (U+2500) in font [lmmono10-regular]:!
Missing character: There is no ─ (U+2500) in font [lmmono10-regular]:!
Missing character: There is no ─ (U+2500) in font [lmmono10-regular]:!
Missing character: There is no ─ (U+2500) in font [lmmono10-regular]:!
Missing character: There is no ─ (U+2500) in font [lmmono10-regular]:!
Missing character: There is no ─ (U+2500) in font [lmmono10-regular]:!
Missing character: There is no ┬ (U+252C) in font [lmmono10-regular]:!
Missing character: There is no ─ (U+2500) in font [lmmono10-regular]:!
Missing character: There is no ─ (U+2500) in font [lmmono10-regular]:!
Missing character: There is no ─ (U+2500) in font [lmmono10-regular]:!
Missing character: There is no ─ (U+2500) in font [lmmono10-regular]:!
Missing character: There is no ─ (U+2500) in font [lmmono10-regular]:!
Missing character: There is no ─ (U+2500) in font [lmmono10-regular]:!
Missing character: There is no ─ (U+2500) in font [lmmono10-regular]:!
Missing character: There is no ─ (U+2500) in font [lmmono10-regular]:!
Missing character: There is no ─ (U+2500) in font [lmmono10-regular]:!
Missing character: There is no ┘ (U+2518) in font [lmmono10-regular]:!
Missing character: There is no └ (U+2514) in font [lmmono10-regular]:!
Missing character: There is no ─ (U+2500) in font [lmmono10-regular]:!
Missing character: There is no ─ (U+2500) in font [lmmono10-regular]:!
Missing character: There is no ─ (U+2500) in font [lmmono10-regular]:!
Missing character: There is no ─ (U+2500) in font [lmmono10-regular]:!
Missing character: There is no ─ (U+2500) in font [lmmono10-regular]:!
Missing character: There is no ─ (U+2500) in font [lmmono10-regular]:!
Missing character: There is no ─ (U+2500) in font [lmmono10-regular]:!
Missing character: There is no ─ (U+2500) in font [lmmono10-regular]:!
Missing character: There is no ┬ (U+252C) in font [lmmono10-regular]:!
Missing character: There is no ─ (U+2500) in font [lmmono10-regular]:!
Missing character: There is no ─ (U+2500) in font [lmmono10-regular]:!
Missing character: There is no ─ (U+2500) in font [lmmono10-regular]:!
Missing character: There is no ─ (U+2500) in font [lmmono10-regular]:!
Missing character: There is no ─ (U+2500) in font [lmmono10-regular]:!
Missing character: There is no ─ (U+2500) in font [lmmono10-regular]:!
Missing character: There is no ─ (U+2500) in font [lmmono10-regular]:!
Missing character: There is no ─ (U+2500) in font [lmmono10-regular]:!
Missing character: There is no ─ (U+2500) in font [lmmono10-regular]:!
Missing character: There is no ┘ (U+2518) in font [lmmono10-regular]:!
Missing character: There is no │ (U+2502) in font [lmmono10-regular]:!
Missing character: There is no │ (U+2502) in font [lmmono10-regular]:!
Missing character: There is no │ (U+2502) in font [lmmono10-regular]:!
Missing character: There is no ▼ (U+25BC) in font [lmmono10-regular]:!
Missing character: There is no ▼ (U+25BC) in font [lmmono10-regular]:!
Missing character: There is no ▼ (U+25BC) in font [lmmono10-regular]:!
Missing character: There is no ┌ (U+250C) in font [lmmono10-regular]:!
Missing character: There is no ─ (U+2500) in font [lmmono10-regular]:!
Missing character: There is no ┌ (U+250C) in font [lmmono10-regular]:!
Missing character: There is no ─ (U+2500) in font [lmmono10-regular]:!
Missing character: There is no ┌ (U+250C) in font [lmmono10-regular]:!
Missing character: There is no ─ (U+2500) in font [lmmono10-regular]:!
Missing character: There is no ─ (U+2500) in font [lmmono10-regular]:!
Missing character: There is no ─ (U+2500) in font [lmmono10-regular]:!
Missing character: There is no ─ (U+2500) in font [lmmono10-regular]:!
Missing character: There is no ─ (U+2500) in font [lmmono10-regular]:!
Missing character: There is no ─ (U+2500) in font [lmmono10-regular]:!
Missing character: There is no ─ (U+2500) in font [lmmono10-regular]:!
Missing character: There is no ─ (U+2500) in font [lmmono10-regular]:!
Missing character: There is no ─ (U+2500) in font [lmmono10-regular]:!
Missing character: There is no ─ (U+2500) in font [lmmono10-regular]:!
Missing character: There is no ─ (U+2500) in font [lmmono10-regular]:!
Missing character: There is no ─ (U+2500) in font [lmmono10-regular]:!
Missing character: There is no ─ (U+2500) in font [lmmono10-regular]:!
Missing character: There is no ─ (U+2500) in font [lmmono10-regular]:!
Missing character: There is no ─ (U+2500) in font [lmmono10-regular]:!
Missing character: There is no ─ (U+2500) in font [lmmono10-regular]:!
Missing character: There is no ─ (U+2500) in font [lmmono10-regular]:!
Missing character: There is no ─ (U+2500) in font [lmmono10-regular]:!
Missing character: There is no ┐ (U+2510) in font [lmmono10-regular]:!
Missing character: There is no ┌ (U+250C) in font [lmmono10-regular]:!
Missing character: There is no ─ (U+2500) in font [lmmono10-regular]:!
Missing character: There is no ─ (U+2500) in font [lmmono10-regular]:!
Missing character: There is no ─ (U+2500) in font [lmmono10-regular]:!
Missing character: There is no ─ (U+2500) in font [lmmono10-regular]:!
Missing character: There is no ─ (U+2500) in font [lmmono10-regular]:!
Missing character: There is no ─ (U+2500) in font [lmmono10-regular]:!
Missing character: There is no ─ (U+2500) in font [lmmono10-regular]:!
Missing character: There is no ─ (U+2500) in font [lmmono10-regular]:!
Missing character: There is no ─ (U+2500) in font [lmmono10-regular]:!
Missing character: There is no ─ (U+2500) in font [lmmono10-regular]:!
Missing character: There is no ─ (U+2500) in font [lmmono10-regular]:!
Missing character: There is no ─ (U+2500) in font [lmmono10-regular]:!
Missing character: There is no ─ (U+2500) in font [lmmono10-regular]:!
Missing character: There is no ─ (U+2500) in font [lmmono10-regular]:!
Missing character: There is no ─ (U+2500) in font [lmmono10-regular]:!
Missing character: There is no ─ (U+2500) in font [lmmono10-regular]:!
Missing character: There is no ─ (U+2500) in font [lmmono10-regular]:!
Missing character: There is no ─ (U+2500) in font [lmmono10-regular]:!
Missing character: There is no ┐ (U+2510) in font [lmmono10-regular]:!
Missing character: There is no ┌ (U+250C) in font [lmmono10-regular]:!
Missing character: There is no ─ (U+2500) in font [lmmono10-regular]:!
Missing character: There is no ─ (U+2500) in font [lmmono10-regular]:!
Missing character: There is no ─ (U+2500) in font [lmmono10-regular]:!
Missing character: There is no ─ (U+2500) in font [lmmono10-regular]:!
Missing character: There is no ─ (U+2500) in font [lmmono10-regular]:!
Missing character: There is no ─ (U+2500) in font [lmmono10-regular]:!
Missing character: There is no ─ (U+2500) in font [lmmono10-regular]:!
Missing character: There is no ─ (U+2500) in font [lmmono10-regular]:!
Missing character: There is no ─ (U+2500) in font [lmmono10-regular]:!
Missing character: There is no ─ (U+2500) in font [lmmono10-regular]:!
Missing character: There is no ─ (U+2500) in font [lmmono10-regular]:!
Missing character: There is no ─ (U+2500) in font [lmmono10-regular]:!
Missing character: There is no ─ (U+2500) in font [lmmono10-regular]:!
Missing character: There is no ─ (U+2500) in font [lmmono10-regular]:!
Missing character: There is no ─ (U+2500) in font [lmmono10-regular]:!
Missing character: There is no ─ (U+2500) in font [lmmono10-regular]:!
Missing character: There is no ─ (U+2500) in font [lmmono10-regular]:!
Missing character: There is no ─ (U+2500) in font [lmmono10-regular]:!
Missing character: There is no ┐ (U+2510) in font [lmmono10-regular]:!
Missing character: There is no │ (U+2502) in font [lmmono10-regular]:!
Missing character: There is no │ (U+2502) in font [lmmono10-regular]:!
Missing character: There is no │ (U+2502) in font [lmmono10-regular]:!
Missing character: There is no │ (U+2502) in font [lmmono10-regular]:!
Missing character: There is no │ (U+2502) in font [lmmono10-regular]:!
Missing character: There is no │ (U+2502) in font [lmmono10-regular]:!
Missing character: There is no │ (U+2502) in font [lmmono10-regular]:!

Overfull \hbox (44.67586pt too wide) in paragraph at lines 24135--24135
[]\TU/lmtt/m/n/10.95 │  Permanent Death │             │ Logarithmic Drift│     
        │    Reknotting    │[] 
 []

Missing character: There is no │ (U+2502) in font [lmmono10-regular]:!
Missing character: There is no │ (U+2502) in font [lmmono10-regular]:!
Missing character: There is no │ (U+2502) in font [lmmono10-regular]:!
Missing character: There is no │ (U+2502) in font [lmmono10-regular]:!
Missing character: There is no │ (U+2502) in font [lmmono10-regular]:!
Missing character: There is no │ (U+2502) in font [lmmono10-regular]:!
Missing character: There is no │ (U+2502) in font [lmmono10-regular]:!

Overfull \hbox (44.67586pt too wide) in paragraph at lines 24135--24135
[]\TU/lmtt/m/n/10.95 │  No Continuation │             │ Marginal State   │     
        │   New Epoch      │[] 
 []

Missing character: There is no └ (U+2514) in font [lmmono10-regular]:!
Missing character: There is no ─ (U+2500) in font [lmmono10-regular]:!
Missing character: There is no └ (U+2514) in font [lmmono10-regular]:!
Missing character: There is no ─ (U+2500) in font [lmmono10-regular]:!
Missing character: There is no └ (U+2514) in font [lmmono10-regular]:!
Missing character: There is no ─ (U+2500) in font [lmmono10-regular]:!
Missing character: There is no ─ (U+2500) in font [lmmono10-regular]:!
Missing character: There is no ─ (U+2500) in font [lmmono10-regular]:!
Missing character: There is no ─ (U+2500) in font [lmmono10-regular]:!
Missing character: There is no ─ (U+2500) in font [lmmono10-regular]:!
Missing character: There is no ─ (U+2500) in font [lmmono10-regular]:!
Missing character: There is no ─ (U+2500) in font [lmmono10-regular]:!
Missing character: There is no ─ (U+2500) in font [lmmono10-regular]:!
Missing character: There is no ─ (U+2500) in font [lmmono10-regular]:!
Missing character: There is no ─ (U+2500) in font [lmmono10-regular]:!
Missing character: There is no ─ (U+2500) in font [lmmono10-regular]:!
Missing character: There is no ─ (U+2500) in font [lmmono10-regular]:!
Missing character: There is no ─ (U+2500) in font [lmmono10-regular]:!
Missing character: There is no ─ (U+2500) in font [lmmono10-regular]:!
Missing character: There is no ─ (U+2500) in font [lmmono10-regular]:!
Missing character: There is no ─ (U+2500) in font [lmmono10-regular]:!
Missing character: There is no ─ (U+2500) in font [lmmono10-regular]:!
Missing character: There is no ─ (U+2500) in font [lmmono10-regular]:!
Missing character: There is no ┘ (U+2518) in font [lmmono10-regular]:!
Missing character: There is no └ (U+2514) in font [lmmono10-regular]:!
Missing character: There is no ─ (U+2500) in font [lmmono10-regular]:!
Missing character: There is no ─ (U+2500) in font [lmmono10-regular]:!
Missing character: There is no ─ (U+2500) in font [lmmono10-regular]:!
Missing character: There is no ─ (U+2500) in font [lmmono10-regular]:!
Missing character: There is no ─ (U+2500) in font [lmmono10-regular]:!
Missing character: There is no ─ (U+2500) in font [lmmono10-regular]:!
Missing character: There is no ─ (U+2500) in font [lmmono10-regular]:!
Missing character: There is no ─ (U+2500) in font [lmmono10-regular]:!
Missing character: There is no ─ (U+2500) in font [lmmono10-regular]:!
Missing character: There is no ─ (U+2500) in font [lmmono10-regular]:!
Missing character: There is no ─ (U+2500) in font [lmmono10-regular]:!
Missing character: There is no ─ (U+2500) in font [lmmono10-regular]:!
Missing character: There is no ─ (U+2500) in font [lmmono10-regular]:!
Missing character: There is no ─ (U+2500) in font [lmmono10-regular]:!
Missing character: There is no ─ (U+2500) in font [lmmono10-regular]:!
Missing character: There is no ─ (U+2500) in font [lmmono10-regular]:!
Missing character: There is no ─ (U+2500) in font [lmmono10-regular]:!
Missing character: There is no ─ (U+2500) in font [lmmono10-regular]:!
Missing character: There is no ┘ (U+2518) in font [lmmono10-regular]:!
Missing character: There is no └ (U+2514) in font [lmmono10-regular]:!
Missing character: There is no ─ (U+2500) in font [lmmono10-regular]:!
Missing character: There is no ─ (U+2500) in font [lmmono10-regular]:!
Missing character: There is no ─ (U+2500) in font [lmmono10-regular]:!
Missing character: There is no ─ (U+2500) in font [lmmono10-regular]:!
Missing character: There is no ─ (U+2500) in font [lmmono10-regular]:!
Missing character: There is no ─ (U+2500) in font [lmmono10-regular]:!
Missing character: There is no ─ (U+2500) in font [lmmono10-regular]:!
Missing character: There is no ─ (U+2500) in font [lmmono10-regular]:!
Missing character: There is no ─ (U+2500) in font [lmmono10-regular]:!
Missing character: There is no ─ (U+2500) in font [lmmono10-regular]:!
Missing character: There is no ─ (U+2500) in font [lmmono10-regular]:!
Missing character: There is no ─ (U+2500) in font [lmmono10-regular]:!
Missing character: There is no ─ (U+2500) in font [lmmono10-regular]:!
Missing character: There is no ─ (U+2500) in font [lmmono10-regular]:!
Missing character: There is no ─ (U+2500) in font [lmmono10-regular]:!
Missing character: There is no ─ (U+2500) in font [lmmono10-regular]:!
Missing character: There is no ─ (U+2500) in font [lmmono10-regular]:!
Missing character: There is no ─ (U+2500) in font [lmmono10-regular]:!
Missing character: There is no ┘ (U+2518) in font [lmmono10-regular]:!
[421] [422] [423] [424] [425

] [426]
Chapter 33.
[427

] [428]
Overfull \hbox (5.32901pt too wide) in paragraph at lines 24467--24478
[]\TU/TeXGyrePagella(0)/m/it/10.95 Measure preservation. \TU/TeXGyrePagella(0)/
m/n/10.95 The theorem requires $\OML/cmm/m/it/10.95 T$ \TU/TeXGyrePagella(0)/m/
n/10.95 to be exactly measure-preserving, eq. ([][]33.1[][]).
 []

[429] [430] [431] [432

]
Chapter 34.
[433]
Overfull \hbox (0.89632pt too wide) in paragraph at lines 24662--24665
[]\TU/TeXGyrePagella(0)/m/n/10.95 onto a space of distinctions it can register,
 and if its resource budget is finite and bounded
 []

[434] [435]
Overfull \hbox (6.85669pt too wide) in paragraph at lines 24785--24785
[]\TU/TeXGyrePagella(0)/b/n/14.4 Equivalence Recurrence Does Not Require the Pe
rsistence Pos-
 []


Overfull \hbox (24.05774pt too wide) in paragraph at lines 24813--24820
\TU/TeXGyrePagella(0)/m/n/10.95 Chapter [][]15[][] introduced the relative entr
opy $\OML/cmm/m/it/10.95 D[]$ \TU/TeXGyrePagella(0)/m/n/10.95 and its data-proc
essing monotonicity, eq. ([][]15.31[][]),
 []

[436] [437] [438

]
Chapter 35.
[439] [440]
Overfull \hbox (4.72633pt too wide) detected at line 25043
[][][][]
 []

[441] [442]
Chapter 36.
[443

] [444] [445]
Underfull \vbox (badness 1297) has occurred while \output is active []

 [446]
[447] [448]
Chapter 37.
[449

] [450] [451] [452]
Chapter 38.
[453

]
Overfull \hbox (3.60626pt too wide) in paragraph at lines 25714--25730
\TU/TeXGyrePagella(0)/m/n/10.95 tity for the entire sequence eq. ([][]37.1[][])
, increases monotonically without exception, or whether
 []

[454]
Overfull \hbox (13.26779pt too wide) in paragraph at lines 25777--25794
\TU/TeXGyrePagella(0)/m/n/10.95 able under exactly the hypotheses examined and 
set aside in Chapter [][]33[][]: a measure-preserving
 []

[455] [456] [457] [458] [459] [460

] [461] [462]
Chapter 39.
[463

]
Overfull \hbox (20.75008pt too wide) detected at line 26062
[][][][]
 []

[464] [465] [466] [467] [468] [469]
Overfull \hbox (4.24498pt too wide) in paragraph at lines 26458--26459
\TU/TeXGyrePagella(0)/m/n/10.95 The language of distinction naturally resembles
 the language of information, but they should
 []


Overfull \hbox (91.59418pt too wide) detected at line 26489
[][][][]
 []

[470] [471] [472] [473] [474] [475] [476]
Overfull \hbox (173.4151pt too wide) detected at line 26912
[][][][]
 []

[477]
Overfull \hbox (436.17122pt too wide) detected at line 26935
[][][][]
 []

[478]
Chapter 40.
[479

]
Overfull \hbox (61.80174pt too wide) detected at line 26990
[][][][]
 []

[480] [481] [482] [483] [484] [485] [486] [487] [488] [489] [490]
Overfull \hbox (2.1433pt too wide) in paragraph at lines 27763--27764
[]\TU/TeXGyrePagella(0)/m/n/10.95 measures the increase in accessible continuat
ion produced by the repair. For non-agentic
 []

[491] [492]
Overfull \hbox (29.32063pt too wide) detected at line 27928
[][][][] \OT1/cmr/m/n/10.95 + [] + [] + [] + [] \OMS/cmsy/m/n/10.95 ! \OML/cmm/
m/it/10.95 D\OT1/cmr/m/n/10.95 (\OML/cmm/m/it/10.95 `; t\OT1/cmr/m/n/10.95 ) \O
MS/cmsy/m/n/10.95 # \OML/cmm/m/it/10.95 :
 []


Overfull \hbox (6.59389pt too wide) in paragraph at lines 27942--27943
[]\TU/TeXGyrePagella(0)/m/n/10.95 marks the scale-dependent boundary between ne
t distinction production and net smooth-
 []

[493]
Overfull \hbox (43.74834pt too wide) detected at line 28004
[][][][]
 []

[494]
Overfull \hbox (130.6735pt too wide) detected at line 28062
[][][][]
 []


Overfull \hbox (2.5862pt too wide) in paragraph at lines 28064--28065
[]\TU/TeXGyrePagella(0)/m/n/10.95 This formulation applies naturally to process
es whose material constituents are replaced,
 []

[495]
Overfull \hbox (136.79587pt too wide) detected at line 28133
[][][][]
 []

[496]
Chapter 41.
[497

] [498] [499] [500] [501] [502]
Overfull \hbox (20.03603pt too wide) detected at line 28582
[][][][]
 []

[503] [504] [505] [506] [507] [508] [509]
Overfull \hbox (14.47423pt too wide) in paragraph at lines 29044--29045
[]\TU/TeXGyrePagella(0)/m/n/10.95 Moreover, assembly constraints imply that man
y nominal configurations cannot be reached
 []

[510] [511] [512]
Chapter 42.
[513

] [514] [515] [516] [517] [518] [519] [520] [521]
Overfull \hbox (3.06967pt too wide) in paragraph at lines 29831--29833
\TU/TeXGyrePagella(0)/m/n/10.95 lation between reconstructed primordial tidal f
ields and present galactic spin directions [[]],
 []

[522] [523] [524]
Overfull \hbox (0.54855pt too wide) in paragraph at lines 30033--30034
[]\TU/TeXGyrePagella(0)/m/n/10.95 A candidate mode becomes dynamically relevant
 when instability and accessibility over-
 []

[525] [526] [527]
Overfull \hbox (204.79247pt too wide) detected at line 30363
[][][][] \OMS/cmsy/m/n/10.95 ! [] ! [] ! [] ! [] ! []\OML/cmm/m/it/10.95 :
 []

[528] [529] [530] [531] [532

]
Chapter 43.

Overfull \hbox (44.73282pt too wide) in paragraph at lines 30505--30517
\TU/TeXGyrePagella(0)/m/n/10.95 Equation ([][]42.105[][]) represented the unive
rse at time $\OML/cmm/m/it/10.95 t$ \TU/TeXGyrePagella(0)/m/n/10.95 by the trip
le $\U/euf/m/n/10.95 U\OT1/cmr/m/n/10.95 (\OML/cmm/m/it/10.95 t\OT1/cmr/m/n/10.
95 ) = (\OML/cmm/m/it/10.95 X\OT1/cmr/m/n/10.95 (\OML/cmm/m/it/10.95 t\OT1/cmr/
m/n/10.95 )\OML/cmm/m/it/10.95 ; \U/rsfs/m/n/10.95 R[]\OT1/cmr/m/n/10.95 (\OML/
cmm/m/it/10.95 X\OT1/cmr/m/n/10.95 (\OML/cmm/m/it/10.95 t\OT1/cmr/m/n/10.95 ))\
OML/cmm/m/it/10.95 ; \U/rsfs/m/n/10.95 R[]\OT1/cmr/m/n/10.95 (\OML/cmm/m/it/10.
95 X\OT1/cmr/m/n/10.95 (\OML/cmm/m/it/10.95 t\OT1/cmr/m/n/10.95 )))$\TU/TeXGyre
Pagella(0)/m/n/10.95 :
 []

[533] [534] [535] [536

] [537] [538]
Chapter 44.
[539

] [540]
Overfull \hbox (1.09334pt too wide) in paragraph at lines 30778--30779
[]\TU/TeXGyrePagella(0)/m/n/10.95 This distinction between the unconstrained pr
oduct space and the admissible state space
 []

[541] [542] [543] [544] [545] [546] [547] [548]
Overfull \hbox (1.08339pt too wide) detected at line 31343
[][][]\U/rsfs/m/n/10.95 S[] \OT1/cmr/m/n/10.95 = [] \OML/cmm/m/it/10.95 :
 []

[549] [550] [551]
Overfull \hbox (278.334pt too wide) detected at line 31550
[][][][]
 []

[552] [553] [554

]
Chapter 45.

Overfull \hbox (4.92029pt too wide) in paragraph at lines 31597--31599
\TU/TeXGyrePagella(0)/m/n/10.95 whose value can be interpreted without specifyi
ng what aspect of the state is being smoothed
 []

[555] [556] [557] [558] [559] [560] [561] [562] [563]
Overfull \hbox (8.69386pt too wide) in paragraph at lines 32201--32202
\TU/TeXGyrePagella(0)/m/n/10.95 Yet $\OML/cmm/m/it/10.95 K[]$ \TU/TeXGyrePagell
a(0)/m/n/10.95 cannot serve directly as the fundamental smoothness measure. Exa
ct Kolmogorov [[]]
 []

[564] [565] [566] [567] [568]
Chapter 46.
[569

]

Package hyperref Warning: Token not allowed in a PDF string (Unicode):
(hyperref)                removing `math shift' on input line 32628.

[570]
Overfull \hbox (2.34409pt too wide) in paragraph at lines 32655--32656
[]\TU/TeXGyrePagella(0)/m/n/10.95 These requirements still permit a broad class
 of constructions. The simplest is a weighted
 []

[571] [572] [573] [574] [575] [576]
Overfull \hbox (45.4753pt too wide) detected at line 33130
[][][][]
 []

[577] [578]
Overfull \hbox (8.09938pt too wide) in paragraph at lines 33228--33230
\TU/TeXGyrePagella(0)/m/n/10.95 denote the minimum scale-dependent distinction 
required to participate in a self-maintaining
 []

[579] [580] [581] [582]
Chapter 47.
[583

] [584] [585] [586] [587]
Overfull \hbox (0.69826pt too wide) in paragraph at lines 33870--33870
[]\TU/TeXGyrePagella(0)/b/n/14.4 Localization Does Not Imply Lower Thermodynami
c Entropy 
 []

[588] [589] [590] [591] [592]
Overfull \hbox (16.31384pt too wide) in paragraph at lines 34227--34228
[]\TU/TeXGyrePagella(0)/m/n/10.95 Terminal delocalization occurs only when no a
ccessible scale supports a persistent bounded
 []

[593] [594] [595] [596

]
Chapter 48.

Underfull \vbox (badness 1728) has occurred while \output is active []

 [597]
[598] [599] [600] [601]
Overfull \hbox (0.47578pt too wide) in paragraph at lines 34735--34737
\TU/TeXGyrePagella(0)/m/n/10.95 only under particular threshold and smoothing c
hoices; in general, the hierarchy can branch
 []

[602] [603]
Overfull \hbox (9.27985pt too wide) in paragraph at lines 34869--34871
\TU/TeXGyrePagella(0)/m/n/10.95 measure matter concentration. A strongly differ
entiated cosmic web is characterized schemat-
 []

[604] [605]
Overfull \hbox (33.74147pt too wide) detected at line 34953
[][][][] \OMS/cmsy/m/n/10.95 ! [] ! [] ! []\OML/cmm/m/it/10.95 :
 []

[606] [607]
Overfull \hbox (6.34814pt too wide) in paragraph at lines 35114--35115
[]\TU/TeXGyrePagella(0)/m/n/10.95 This temporal scale matters conceptually. The
 claim is not that the cosmic web is presently
 []

[608] [609] [610

]
Chapter 49.
[611] [612] [613] [614] [615] [616] [617] [618] [619] [620] [621]
Overfull \hbox (5.97705pt too wide) in paragraph at lines 36117--36118
[]\TU/TeXGyrePagella(0)/m/n/10.95 additional arguments such as LaSalle invarian
ce would be required to determine whether
 []


Overfull \hbox (60.68488pt too wide) detected at line 36125
[][][][]
 []

[622] [623] [624] [625]
Overfull \hbox (2.95119pt too wide) in paragraph at lines 36382--36383
[]\TU/TeXGyrePagella(0)/m/n/10.95 Second, if several smooth configurations sati
sfy the same observational constraints, what
 []

[626]
Chapter 50.
[627

] [628] [629] [630] [631]

Package hyperref Warning: Token not allowed in a PDF string (Unicode):
(hyperref)                removing `math shift' on input line 36762.


Package hyperref Warning: Token not allowed in a PDF string (Unicode):
(hyperref)                removing `subscript' on input line 36762.

[632] [633]
Overfull \hbox (15.91466pt too wide) in paragraph at lines 36987--36988
[]\TU/TeXGyrePagella(0)/m/n/10.95 denote the set of infinitesimal directions th
at remain physically reachable from $\OML/cmm/m/it/10.95 S[]$\TU/TeXGyrePagella
(0)/m/n/10.95 . Schemat-
 []

[634] [635] [636]
Overfull \hbox (4.61804pt too wide) in paragraph at lines 37251--37252
[]\TU/TeXGyrePagella(0)/m/n/10.95 can become equivalent to a smooth background.
 This suggests defining a coarse-graining
 []

[637] [638] [639] [640] [641] [642] [643]
Overfull \hbox (13.94301pt too wide) in paragraph at lines 37712--37713
\TU/TeXGyrePagella(0)/m/n/10.95 dependent distinction, from distinction to loca
lization, from localization to void–concentration
 []


Overfull \hbox (1.40894pt too wide) in paragraph at lines 37712--37713
\TU/TeXGyrePagella(0)/m/n/10.95 chapter has added the final kinematical ingredi
ent: the geometry of fixed points and smooth
 []

[644]
Chapter 51.

Overfull \hbox (3.02415pt too wide) in paragraph at lines 37776--37777
[]\TU/TeXGyrePagella(0)/m/n/10.95 The present chapter therefore addresses the c
entral mathematical problem toward which
 []


Overfull \hbox (30.53813pt too wide) detected at line 37795
[][][][]
 []

[645

]
Overfull \hbox (11.13622pt too wide) in paragraph at lines 37848--37849
\TU/TeXGyrePagella(0)/m/n/10.95 mains slowly time-dependent, the spectral probl
em must be generalized to a non-autonomous
 []

[646]
Overfull \hbox (3.29108pt too wide) in paragraph at lines 37915--37916
\TU/TeXGyrePagella(0)/m/n/10.95 Suppose the physical perturbation space admits 
an appropriate modal decomposition. Then
 []

[647] [648] [649] [650] [651] [652] [653] [654] [655] [656] [657] [658]
Overfull \hbox (3.4792pt too wide) in paragraph at lines 38857--38858
[]\TU/TeXGyrePagella(0)/m/n/10.95 without a separate instability calculation. T
he latter is precisely what the active-quadrant
 []

[659] [660] [661] [662] [663] [664] [665] [666]
Overfull \hbox (2.91711pt too wide) in paragraph at lines 39426--39427
[]\TU/TeXGyrePagella(0)/m/n/10.95 and nonlinear analysis confirms stability, th
en the terminal state remains terminal. There
 []

[667] [668

] [669] [670]
Chapter 52.
[671

] [672] [673] [674]
Overfull \hbox (30.68475pt too wide) detected at line 39729
[][][][]
 []

[675] [676] [677] [678] [679] [680] [681]
Overfull \hbox (0.95982pt too wide) in paragraph at lines 40187--40188
[]\TU/TeXGyrePagella(0)/m/n/10.95 A matter power spectrum grossly incompatible 
with observation would be serious. Void
 []

[682]
Overfull \hbox (26.26266pt too wide) detected at line 40233
[][][][]
 []

[683] [684]
Chapter 53.
[685

] [686] [687] [688]
Overfull \hbox (2.00388pt too wide) in paragraph at lines 40592--40593
\TU/TeXGyrePagella(0)/m/n/10.95 Any such reinterpretation must nevertheless rep
roduce one of the central successes of FLRW
 []

[689] [690]
Overfull \hbox (0.8492pt too wide) in paragraph at lines 40794--40795
\TU/TeXGyrePagella(0)/m/n/10.95 environment-dependent corrections. These correc
tions are scientifically interesting because
 []

[691] [692]
Overfull \hbox (5.67215pt too wide) in paragraph at lines 40955--40956
\TU/TeXGyrePagella(0)/m/n/10.95 large-scale cosmological background evolves, th
en the redshift of a sufficiently distant source
 []

[693] [694]
Overfull \hbox (1.5575pt too wide) in paragraph at lines 41059--41059
[]\TU/TeXGyrePagella(0)/b/n/14.4 Turok and the Discipline of Cosmological Initi
al Conditions 
 []

[695]
Overfull \hbox (10.26625pt too wide) in paragraph at lines 41164--41165
\TU/TeXGyrePagella(0)/m/n/10.95 The redshift sector therefore admits explicit f
ailure conditions. The strong FLRW-replacement
 []

[696] [697] [698

]
Chapter 54.

Overfull \hbox (4.8898pt too wide) in paragraph at lines 41213--41214
\TU/TeXGyrePagella(0)/m/n/10.95 through cosmic history. The cosmic microwave ba
ckground presents a considerably stronger
 []


Overfull \hbox (0.15898pt too wide) in paragraph at lines 41217--41218
[]\TU/TeXGyrePagella(0)/m/n/10.95 It must explain why that radiation is extraor
dinarily close to a blackbody, why its present
 []


Underfull \vbox (badness 10000) has occurred while \output is active []

 [699]
[700]
Overfull \hbox (5.36536pt too wide) in paragraph at lines 41355--41356
[]\TU/TeXGyrePagella(0)/m/n/10.95 to the precision demanded by observation. A g
eneric dissipative or frequency-dependent
 []


Overfull \hbox (18.42157pt too wide) in paragraph at lines 41401--41402
\TU/TeXGyrePagella(0)/m/n/10.95 The microwave background also provides a natura
l empirical realization of the scale-dependent
 []

[701] [702] [703] [704] [705]
Overfull \hbox (12.35406pt too wide) in paragraph at lines 41768--41769
\TU/TeXGyrePagella(0)/m/n/10.95 tuations during an inflationary phase, subseque
ntly stretched to cosmological scales. Whether
 []

[706]
Overfull \hbox (73.3321pt too wide) detected at line 41779
[][][][]
 []

[707] [708] [709] [710] [711] [712]
Chapter 55.

Overfull \hbox (82.97906pt too wide) detected at line 42080
[][][][]
 []


Underfull \vbox (badness 1331) has occurred while \output is active []

 [713

]
[714] [715]
Overfull \hbox (5.80185pt too wide) in paragraph at lines 42254--42255
[]\TU/TeXGyrePagella(0)/m/n/10.95 The universe does not obtain access to every 
mathematically conceivable structure merely
 []

[716] [717] [718] [719] [720] [721] [722] [723] [724]
Overfull \hbox (3.30481pt too wide) in paragraph at lines 42832--42833
\TU/TeXGyrePagella(0)/m/n/10.95 This provides another observational test of the
 RSVP treatment of cosmic acceleration. What-
 []

[725] [726] [727]
Overfull \hbox (28.54622pt too wide) detected at line 43082
[][][][] \OMS/cmsy/m/n/10.95 ! [] ! [] ! [] ! []\OML/cmm/m/it/10.95 :
 []

[728] [729]
Overfull \hbox (86.27501pt too wide) detected at line 43148
[][][][]
 []

[730]
Chapter 56.

Overfull \hbox (60.9805pt too wide) detected at line 43175
[][][][]
 []

[731

]
Overfull \hbox (7.6164pt too wide) in paragraph at lines 43202--43203
\TU/TeXGyrePagella(0)/m/n/10.95 from the underdense interior and toward surroun
ding sheets, filaments, and nodes. Schemat-
 []

[732] [733] [734] [735] [736] [737] [738] [739] [740] [741]
Overfull \hbox (58.91061pt too wide) detected at line 43916
[][][][]
 []

[742] [743] [744] [745] [746] [747] [748

]
Chapter 57.
[749] [750] [751]
Overfull \hbox (11.60684pt too wide) in paragraph at lines 44450--44451
[]\TU/TeXGyrePagella(0)/m/n/10.95 denote the RSVP state. The effective cosmolog
ical dynamics obtained after coarse-graining
 []


Overfull \hbox (7.32559pt too wide) in paragraph at lines 44493--44494
\TU/TeXGyrePagella(0)/m/n/10.95 The distinction between two forms of the cosmol
ogical proposal must be maintained through-
 []


Overfull \hbox (0.3232pt too wide) in paragraph at lines 44504--44505
[]\TU/TeXGyrePagella(0)/m/n/10.95 In this interpretation, the standard scale fa
ctor remains physically meaningful and RSVP
 []

[752] [753] [754] [755] [756]
Overfull \hbox (13.87198pt too wide) in paragraph at lines 44802--44803
[]\TU/TeXGyrePagella(0)/m/n/10.95 This fragmentation is physically meaningful r
egardless of whether one describes it through
 []

[757] [758] [759] [760]
Overfull \hbox (11.545pt too wide) in paragraph at lines 45049--45050
\TU/TeXGyrePagella(0)/m/n/10.95 There is also a deeper connection between late-
time acceleration and the assembly-constrained
 []

[761]
Overfull \hbox (0.32129pt too wide) in paragraph at lines 45151--45152
\TU/TeXGyrePagella(0)/m/n/10.95 From this perspective, late-time acceleration m
arks more than a change in the second deriva-
 []

[762] [763]
Overfull \hbox (23.06067pt too wide) detected at line 45256
[][][][]
 []


Overfull \hbox (2.74677pt too wide) in paragraph at lines 45258--45259
[]\TU/TeXGyrePagella(0)/m/n/10.95 The answer will connect horizon thermodynamic
s, gravitational entropy, Hawking evap-
 []

[764]
Chapter 58.
[765

]
Overfull \hbox (16.50896pt too wide) in paragraph at lines 45307--45308
\TU/TeXGyrePagella(0)/m/n/10.95 sess an enormous microscopic state count while 
presenting an extraordinarily low-dimensional
 []

[766]
Overfull \hbox (7.32137pt too wide) in paragraph at lines 45416--45417
[]\TU/TeXGyrePagella(0)/m/n/10.95 where $\OML/cmm/m/it/10.95 W[]$ \TU/TeXGyrePa
gella(0)/m/n/10.95 selects the relevant scale and $\OT1/cmr/m/n/10.95 ^^H$ \TU/
TeXGyrePagella(0)/m/n/10.95 denotes the appropriate gravitational or Plenum
 []

[767] [768] [769]
Overfull \hbox (2.35985pt too wide) in paragraph at lines 45571--45572
[]\TU/TeXGyrePagella(0)/m/n/10.95 Even extremely conservative interstellar velo
cities allow galactic migration on timescales
 []


Overfull \hbox (141.26654pt too wide) detected at line 45600
[][][][] \OMS/cmsy/m/n/10.95 ! [] ! [] ! [] ! [] ! [] ! []\OML/cmm/m/it/10.95 :

 []

[770] [771] [772] [773]
Overfull \hbox (120.73425pt too wide) detected at line 45865
[][][][] \OMS/cmsy/m/n/10.95 ! [] ! [] ! [] ! []\OML/cmm/m/it/10.95 :
 []

[774]
Overfull \hbox (45.74649pt too wide) detected at line 45938
[][][][] [][]\OMS/cmsy/m/n/10.95 ! [] [][]! [] [][]! []\OML/cmm/m/it/10.95 :
 []

[775] [776] [777] [778] [779]
Overfull \hbox (0.49352pt too wide) in paragraph at lines 46242--46243
[]\TU/TeXGyrePagella(0)/m/n/10.95 It must reproduce void statistics and peculia
r flows. It must account for the phenomenol-
 []


Overfull \hbox (18.76172pt too wide) in paragraph at lines 46250--46251
[]\TU/TeXGyrePagella(0)/m/n/10.95 Poincaré established rigorous recurrence unde
r specific dynamical conditions. Barbour [[]]
 []


Overfull \hbox (4.55716pt too wide) in paragraph at lines 46252--46253
[]\TU/TeXGyrePagella(0)/m/n/10.95 Zero-energy cosmologies explored whether the 
apparent positive energy of matter might
 []

[780] [781] [782

] [783] [784]
Chapter 59.
[785

]
Overfull \hbox (3.72379pt too wide) in paragraph at lines 46311--46312
[]\TU/TeXGyrePagella(0)/m/n/10.95 where $\OT1/cmr/m/n/10.95 
$ \TU/TeXGyrePagella(0)/m/n/10.95 denotes the multiplicity of microstates compa
tible with the specified macrostate.
 []


Overfull \hbox (5.84607pt too wide) in paragraph at lines 46331--46332
\TU/TeXGyrePagella(0)/m/n/10.95 entropy-decreasing macroscopic events are effec
tively never observed. Yet “effectively never”
 []

[786] [787] [788] [789] [790] [791] [792]
Overfull \hbox (7.63214pt too wide) in paragraph at lines 46742--46743
\TU/TeXGyrePagella(0)/m/n/10.95 Boltzmann’s statistical framework is indispensa
ble when describing ensembles of microstates
 []

[793] [794] [795]
Overfull \hbox (19.16495pt too wide) in paragraph at lines 46945--46946
\TU/TeXGyrePagella(0)/m/n/10.95 Boltzmann showed why equilibrium need not mean 
logical impossibility of departure. Poincaré
 []

[796] [797] [798

]
Chapter 60.

Overfull \hbox (19.01846pt too wide) in paragraph at lines 46975--46976
[]\TU/TeXGyrePagella(0)/m/n/10.95 Poincaré recurrence concerns the geometry of 
trajectories in a bounded, measure-preserving
 []


Underfull \vbox (badness 1163) has occurred while \output is active []

 [799]
[800] [801]
Overfull \hbox (21.49107pt too wide) detected at line 47109
[][][][]
 []


Overfull \hbox (1.09378pt too wide) in paragraph at lines 47135--47136
\TU/TeXGyrePagella(0)/m/n/10.95 the statistical conclusion. The Second Law desc
ribes overwhelmingly probable macroscopic
 []

[802] [803] [804] [805]
Overfull \hbox (19.88231pt too wide) in paragraph at lines 47372--47373
[]\TU/TeXGyrePagella(0)/m/n/10.95 while still beginning from the same operation
al boundary class. Nothing requires Napoleon,
 []

[806] [807] [808]
Overfull \hbox (3.85794pt too wide) in paragraph at lines 47534--47535
[]\TU/TeXGyrePagella(0)/m/n/10.95 RSVP changes the proposed answer. Instead of 
relying upon finite measure and measure-
 []

[809] [810]
Chapter 61.

Overfull \hbox (20.04092pt too wide) in paragraph at lines 47600--47601
\TU/TeXGyrePagella(0)/m/n/10.95 entropy-decreasing trajectories logically impos
sible. Poincaré showed that sufficiently bounded,
 []

[811

]
Overfull \hbox (0.76292pt too wide) in paragraph at lines 47677--47678
\TU/TeXGyrePagella(0)/m/n/10.95 Barbour’s program belongs to a much older tradi
tion extending through Leibniz, Mach [[]],
 []

[812] [813]
Overfull \hbox (6.54808pt too wide) detected at line 47795
[][][][]
 []

[814]
Overfull \hbox (0.6946pt too wide) in paragraph at lines 47877--47878
[]\TU/TeXGyrePagella(0)/m/n/10.95 A sufficiently cold surrounding universe can 
no longer replenish the energy lost through
 []

[815] [816] [817] [818] [819] [820]
Overfull \hbox (4.80907pt too wide) in paragraph at lines 48271--48272
[]\TU/TeXGyrePagella(0)/m/n/10.95 to remain physically meaningful, some chain o
f correlations must connect the two epochs.
 []

[821]
Overfull \hbox (47.26016pt too wide) detected at line 48323
[][][][]
 []

[822]
Overfull \hbox (3.32716pt too wide) in paragraph at lines 48367--48368
[]\TU/TeXGyrePagella(0)/m/n/10.95 How can the beginning and end become equivale
nt if gravitational entropy distinguishes
 []

[823] [824

]
Chapter 62.
[825]
Overfull \hbox (86.21773pt too wide) detected at line 48417
[][][][]
 []

[826] [827] [828] [829] [830] [831]
Overfull \hbox (9.86958pt too wide) in paragraph at lines 48863--48864
\TU/TeXGyrePagella(0)/m/n/10.95 uniform gravitating distribution can represent 
an extremely special low-gravitational-entropy
 []

[832] [833]
Overfull \hbox (13.19748pt too wide) in paragraph at lines 48990--48990
[]\TU/TeXGyrePagella(0)/b/n/14.4 Penrose’s Low-Entropy Boundary and RSVP’s Smoo
th Bound-
 []


Overfull \hbox (1.2471pt too wide) in paragraph at lines 49041--49042
\TU/TeXGyrePagella(0)/m/n/10.95 radically overstate the physically relevant sta
te space. The actual universe explores a history-
 []

[834] [835] [836] [837] [838

]
Chapter 63.

Underfull \vbox (badness 3108) has occurred while \output is active []

 [839]
[840]
Overfull \hbox (20.7442pt too wide) in paragraph at lines 49318--49319
\TU/TeXGyrePagella(0)/m/n/10.95 quency standards. Bound systems provide dynamic
al scales. Galaxies, stars, planets, molecules,
 []

[841] [842]
Overfull \hbox (2.81612pt too wide) in paragraph at lines 49436--49437
[]\TU/TeXGyrePagella(0)/m/n/10.95 when no admissible physical interaction disti
nguishes them beyond its resolution thresh-
 []


Overfull \hbox (0.27373pt too wide) detected at line 49462
[][][][]
 []

[843] [844] [845] [846]
Overfull \hbox (1.94252pt too wide) in paragraph at lines 49729--49730
[]\TU/TeXGyrePagella(0)/m/n/10.95 the region supporting persistent differentiat
ed structures contracts. The terminal bound-
 []

[847]
Overfull \hbox (28.50282pt too wide) detected at line 49801
[][][][]
 []

[848] [849] [850

]
Chapter 64.
[851] [852] [853] [854] [855] [856] [857] [858] [859] [860]
Overfull \hbox (46.42552pt too wide) detected at line 50528
[][][][]
 []

[861] [862]
Chapter 65.

Overfull \hbox (23.69417pt too wide) in paragraph at lines 50576--50577
[]\TU/TeXGyrePagella(0)/m/n/10.95 General relativity does not, in a generic cos
mological spacetime, provide a unique coordinate-
 []


Underfull \vbox (badness 10000) has occurred while \output is active []

 [863

]
[864] [865] [866] [867] [868]
Overfull \hbox (30.868pt too wide) detected at line 51000
[][][][]
 []

[869] [870] [871]
Overfull \hbox (2.50758pt too wide) in paragraph at lines 51218--51219
\TU/TeXGyrePagella(0)/m/n/10.95 This conclusion remains true even if future phy
sical systems become radically unlike present
 []

[872]
Overfull \hbox (5.24873pt too wide) in paragraph at lines 51276--51277
\TU/TeXGyrePagella(0)/m/n/10.95 gous to the Crystal Paradox encountered earlier
: thermodynamic entropy, geometric smooth-
 []

[873] [874] [875] [876] [877] [878] [879

] [880]
Chapter 66.
[881

] [882] [883] [884

]
Chapter 67.

Underfull \vbox (badness 2781) has occurred while \output is active []

 [885]
[886] [887] [888

]
Chapter 68.

Underfull \vbox (badness 10000) has occurred while \output is active []

 [889]
[890] [891] [892

]
Chapter 69.
[893] [894]
Chapter 70.

Overfull \hbox (2.11339pt too wide) in paragraph at lines 51970--51982
\TU/TeXGyrePagella(0)/m/n/10.95 when subsequent dynamics maps the alternatives 
it once distinguished onto states no longer
 []


Overfull \hbox (9.71634pt too wide) in paragraph at lines 51985--51994
\TU/TeXGyrePagella(0)/m/n/10.95 Stating the requirement precisely prevents the 
argument from sliding into something stronger
 []

[895

] [896] [897] [898]
Chapter 71.

Overfull \hbox (0.68991pt too wide) in paragraph at lines 52131--52143
\TU/TeXGyrePagella(0)/m/n/10.95 Chapter [][]43[][] established, as a definition
al equivalence rather than a new derivation, eq. ([][]43.2[][]):
 []

[899

] [900] [901] [902

] [903] [904]
Chapter 72.
[905

] [906]
Overfull \hbox (4.13254pt too wide) in paragraph at lines 52308--52309
[]\TU/TeXGyrePagella(0)/m/n/10.95 The minimal variational sector possesses ordi
nary on-shell conservation properties. Else-
 []


Overfull \hbox (9.78787pt too wide) detected at line 52321
[][][][]
 []

[907] [908] [909] [910] [911] [912] [913]
Overfull \hbox (0.35237pt too wide) in paragraph at lines 52829--52830
\TU/TeXGyrePagella(0)/m/n/10.95 itself require explanation. It must not be manu
factured by identifying $\OML/cmm/m/it/10.95 h[]$\TU/TeXGyrePagella(0)/m/n/10.9
5 , $\OML/cmm/m/it/10.95 ^^V[]$\TU/TeXGyrePagella(0)/m/n/10.95 , and $\OT1/cmr/
m/n/10.95 ^^C$ \TU/TeXGyrePagella(0)/m/n/10.95 through
 []

[914] [915]
Overfull \hbox (33.36566pt too wide) detected at line 52907
[][][][]
 []

[916]
Overfull \hbox (3.3116pt too wide) in paragraph at lines 52945--52946
[]\TU/TeXGyrePagella(0)/m/n/10.95 Bare spectral TARTAN coarse-graining is compa
tible with cosmological dilation through
 []

[917] [918

]
Chapter 73.
[919] [920] [921]

Package hyperref Warning: Token not allowed in a PDF string (Unicode):
(hyperref)                removing `math shift' on input line 53200.


Package hyperref Warning: Token not allowed in a PDF string (Unicode):
(hyperref)                removing `\Lambda' on input line 53200.

[922] [923] [924] [925] [926]
Overfull \hbox (1.73935pt too wide) in paragraph at lines 53433--53434
[]\TU/TeXGyrePagella(0)/m/n/10.95 for some permanently physically accessible se
ctor, then the proposed universal runaway-
 []

[927] [928] [929]

Package hyperref Warning: Token not allowed in a PDF string (Unicode):
(hyperref)                removing `math shift' on input line 53707.


Package hyperref Warning: Token not allowed in a PDF string (Unicode):
(hyperref)                removing `\Lambda' on input line 53707.

[930] [931]
Package microtype Info: Character `ﬆ' is missing
(microtype)             in font `\TU/TeXGyrePagella(0)/m/n/5'.
(microtype)             Ignoring protrusion settings for this character.
Package microtype Info: Character `ﬅ' is missing
(microtype)             in font `\TU/TeXGyrePagella(0)/m/n/5'.
(microtype)             Ignoring protrusion settings for this character.
Package microtype Info: Character `‥' is missing
(microtype)             in font `\TU/TeXGyrePagella(0)/m/n/5'.
(microtype)             Ignoring protrusion settings for this character.
Package microtype Info: Character `‼' is missing
(microtype)             in font `\TU/TeXGyrePagella(0)/m/n/5'.
(microtype)             Ignoring protrusion settings for this character.
Package microtype Info: Character `⁰' is missing
(microtype)             in font `\TU/TeXGyrePagella(0)/m/n/5'.
(microtype)             Ignoring protrusion settings for this character.
Package microtype Info: Character `⁴' is missing
(microtype)             in font `\TU/TeXGyrePagella(0)/m/n/5'.
(microtype)             Ignoring protrusion settings for this character.
Package microtype Info: Character `⁵' is missing
(microtype)             in font `\TU/TeXGyrePagella(0)/m/n/5'.
(microtype)             Ignoring protrusion settings for this character.
Package microtype Info: Character `⁶' is missing
(microtype)             in font `\TU/TeXGyrePagella(0)/m/n/5'.
(microtype)             Ignoring protrusion settings for this character.
Package microtype Info: Character `⁷' is missing
(microtype)             in font `\TU/TeXGyrePagella(0)/m/n/5'.
(microtype)             Ignoring protrusion settings for this character.
Package microtype Info: Character `⁸' is missing
(microtype)             in font `\TU/TeXGyrePagella(0)/m/n/5'.
(microtype)             Ignoring protrusion settings for this character.
Package microtype Info: Character `⁹' is missing
(microtype)             in font `\TU/TeXGyrePagella(0)/m/n/5'.
(microtype)             Ignoring protrusion settings for this character.
Package microtype Info: Character `₀' is missing
(microtype)             in font `\TU/TeXGyrePagella(0)/m/n/5'.
(microtype)             Ignoring protrusion settings for this character.
Package microtype Info: Character `₁' is missing
(microtype)             in font `\TU/TeXGyrePagella(0)/m/n/5'.
(microtype)             Ignoring protrusion settings for this character.
Package microtype Info: Character `₂' is missing
(microtype)             in font `\TU/TeXGyrePagella(0)/m/n/5'.
(microtype)             Ignoring protrusion settings for this character.
Package microtype Info: Character `₃' is missing
(microtype)             in font `\TU/TeXGyrePagella(0)/m/n/5'.
(microtype)             Ignoring protrusion settings for this character.
Package microtype Info: Character `₄' is missing
(microtype)             in font `\TU/TeXGyrePagella(0)/m/n/5'.
(microtype)             Ignoring protrusion settings for this character.
Package microtype Info: Character `₅' is missing
(microtype)             in font `\TU/TeXGyrePagella(0)/m/n/5'.
(microtype)             Ignoring protrusion settings for this character.
Package microtype Info: Character `₆' is missing
(microtype)             in font `\TU/TeXGyrePagella(0)/m/n/5'.
(microtype)             Ignoring protrusion settings for this character.
Package microtype Info: Character `₇' is missing
(microtype)             in font `\TU/TeXGyrePagella(0)/m/n/5'.
(microtype)             Ignoring protrusion settings for this character.
Package microtype Info: Character `₈' is missing
(microtype)             in font `\TU/TeXGyrePagella(0)/m/n/5'.
(microtype)             Ignoring protrusion settings for this character.
Package microtype Info: Character `₉' is missing
(microtype)             in font `\TU/TeXGyrePagella(0)/m/n/5'.
(microtype)             Ignoring protrusion settings for this character.
Package microtype Info: Character `₊' is missing
(microtype)             in font `\TU/TeXGyrePagella(0)/m/n/5'.
(microtype)             Ignoring protrusion settings for this character.
Package microtype Info: Character `₋' is missing
(microtype)             in font `\TU/TeXGyrePagella(0)/m/n/5'.
(microtype)             Ignoring protrusion settings for this character.
Package microtype Info: Character `⁺' is missing
(microtype)             in font `\TU/TeXGyrePagella(0)/m/n/5'.
(microtype)             Ignoring protrusion settings for this character.
Package microtype Info: Character `⁻' is missing
(microtype)             in font `\TU/TeXGyrePagella(0)/m/n/5'.
(microtype)             Ignoring protrusion settings for this character.
Package microtype Info: Character `ﬆ' is missing
(microtype)             in font `\TU/TeXGyrePagella(0)/b/n/5'.
(microtype)             Ignoring protrusion settings for this character.
Package microtype Info: Character `ﬅ' is missing
(microtype)             in font `\TU/TeXGyrePagella(0)/b/n/5'.
(microtype)             Ignoring protrusion settings for this character.
Package microtype Info: Character `‥' is missing
(microtype)             in font `\TU/TeXGyrePagella(0)/b/n/5'.
(microtype)             Ignoring protrusion settings for this character.
Package microtype Info: Character `‼' is missing
(microtype)             in font `\TU/TeXGyrePagella(0)/b/n/5'.
(microtype)             Ignoring protrusion settings for this character.
Package microtype Info: Character `⁰' is missing
(microtype)             in font `\TU/TeXGyrePagella(0)/b/n/5'.
(microtype)             Ignoring protrusion settings for this character.
Package microtype Info: Character `⁴' is missing
(microtype)             in font `\TU/TeXGyrePagella(0)/b/n/5'.
(microtype)             Ignoring protrusion settings for this character.
Package microtype Info: Character `⁵' is missing
(microtype)             in font `\TU/TeXGyrePagella(0)/b/n/5'.
(microtype)             Ignoring protrusion settings for this character.
Package microtype Info: Character `⁶' is missing
(microtype)             in font `\TU/TeXGyrePagella(0)/b/n/5'.
(microtype)             Ignoring protrusion settings for this character.
Package microtype Info: Character `⁷' is missing
(microtype)             in font `\TU/TeXGyrePagella(0)/b/n/5'.
(microtype)             Ignoring protrusion settings for this character.
Package microtype Info: Character `⁸' is missing
(microtype)             in font `\TU/TeXGyrePagella(0)/b/n/5'.
(microtype)             Ignoring protrusion settings for this character.
Package microtype Info: Character `⁹' is missing
(microtype)             in font `\TU/TeXGyrePagella(0)/b/n/5'.
(microtype)             Ignoring protrusion settings for this character.
Package microtype Info: Character `₀' is missing
(microtype)             in font `\TU/TeXGyrePagella(0)/b/n/5'.
(microtype)             Ignoring protrusion settings for this character.
Package microtype Info: Character `₁' is missing
(microtype)             in font `\TU/TeXGyrePagella(0)/b/n/5'.
(microtype)             Ignoring protrusion settings for this character.
Package microtype Info: Character `₂' is missing
(microtype)             in font `\TU/TeXGyrePagella(0)/b/n/5'.
(microtype)             Ignoring protrusion settings for this character.
Package microtype Info: Character `₃' is missing
(microtype)             in font `\TU/TeXGyrePagella(0)/b/n/5'.
(microtype)             Ignoring protrusion settings for this character.
Package microtype Info: Character `₄' is missing
(microtype)             in font `\TU/TeXGyrePagella(0)/b/n/5'.
(microtype)             Ignoring protrusion settings for this character.
Package microtype Info: Character `₅' is missing
(microtype)             in font `\TU/TeXGyrePagella(0)/b/n/5'.
(microtype)             Ignoring protrusion settings for this character.
Package microtype Info: Character `₆' is missing
(microtype)             in font `\TU/TeXGyrePagella(0)/b/n/5'.
(microtype)             Ignoring protrusion settings for this character.
Package microtype Info: Character `₇' is missing
(microtype)             in font `\TU/TeXGyrePagella(0)/b/n/5'.
(microtype)             Ignoring protrusion settings for this character.
Package microtype Info: Character `₈' is missing
(microtype)             in font `\TU/TeXGyrePagella(0)/b/n/5'.
(microtype)             Ignoring protrusion settings for this character.
Package microtype Info: Character `₉' is missing
(microtype)             in font `\TU/TeXGyrePagella(0)/b/n/5'.
(microtype)             Ignoring protrusion settings for this character.
Package microtype Info: Character `₊' is missing
(microtype)             in font `\TU/TeXGyrePagella(0)/b/n/5'.
(microtype)             Ignoring protrusion settings for this character.
Package microtype Info: Character `₋' is missing
(microtype)             in font `\TU/TeXGyrePagella(0)/b/n/5'.
(microtype)             Ignoring protrusion settings for this character.
Package microtype Info: Character `⁺' is missing
(microtype)             in font `\TU/TeXGyrePagella(0)/b/n/5'.
(microtype)             Ignoring protrusion settings for this character.
Package microtype Info: Character `⁻' is missing
(microtype)             in font `\TU/TeXGyrePagella(0)/b/n/5'.
(microtype)             Ignoring protrusion settings for this character.

Underfull \hbox (badness 2096) in paragraph at lines 53860--53861
\TU/TeXGyrePagella(0)/m/n/10 CMB, or growth data cannot be
 []


Underfull \hbox (badness 4647) in paragraph at lines 53863--53863
[]\TU/TeXGyrePagella(0)/m/n/10 RSVP perturbative
 []


Underfull \hbox (badness 10000) in paragraph at lines 53868--53868
[]\TU/TeXGyrePagella(0)/m/n/10 Scale-dependent
 []


Underfull \hbox (badness 10000) in paragraph at lines 53873--53873
[]\TU/TeXGyrePagella(0)/m/n/10 Runaway smooth-
 []


Underfull \hbox (badness 4416) in paragraph at lines 53874--53874
[]\TU/TeXGyrePagella(0)/m/n/10 Accessible distinction tends to-
 []


Underfull \hbox (badness 10000) in paragraph at lines 53875--53876
[]\TU/TeXGyrePagella(0)/m/n/10 Persistent physically accessible
 []


Underfull \hbox (badness 10000) in paragraph at lines 53875--53876
\TU/TeXGyrePagella(0)/m/n/10 differentiated sectors survive
 []


Underfull \hbox (badness 10000) in paragraph at lines 53878--53878
[]\TU/TeXGyrePagella(0)/m/n/10 Primordial–
 []


Underfull \hbox (badness 10000) in paragraph at lines 53878--53878
\TU/TeXGyrePagella(0)/m/n/10 terminal equiv-
 []


Underfull \hbox (badness 5924) in paragraph at lines 53880--53881
\TU/TeXGyrePagella(0)/m/n/10 physically distinguishes the two
 []


Underfull \hbox (badness 10000) in paragraph at lines 53883--53883
[]\TU/TeXGyrePagella(0)/m/n/10 Disappearance of
 []


Underfull \hbox (badness 3919) in paragraph at lines 53889--53889
[]\TU/TeXGyrePagella(0)/m/n/10 Three-gate transition in a con-
 []


Underfull \hbox (badness 4779) in paragraph at lines 53890--53891
[]\TU/TeXGyrePagella(0)/m/n/10 No pre-registered model realiza-
 []


Underfull \hbox (badness 10000) in paragraph at lines 53893--53893
[]\TU/TeXGyrePagella(0)/m/n/10 Terminal reknot-
 []


Underfull \hbox (badness 10000) in paragraph at lines 53898--53898
[]\TU/TeXGyrePagella(0)/m/n/10 Cosmological con-
 []


Underfull \hbox (badness 1184) in paragraph at lines 53899--53899
[]\TU/TeXGyrePagella(0)/m/n/10 Terminal reknotting produces a
 []


Underfull \hbox (badness 1502) in paragraph at lines 53900--53902
[]\TU/TeXGyrePagella(0)/m/n/10 Terminal calculation yields stable
 []

[932] [933] [934]
Overfull \hbox (2.26497pt too wide) in paragraph at lines 53957--53958
[]\TU/TeXGyrePagella(0)/m/n/10.95 If the terminal universe retains permanent ph
ysically accessible scale, the disappearance-
 []

[935] [936

]
Chapter 74.

Overfull \hbox (20.6893pt too wide) detected at line 54087
[][][][]
 []

[937] [938] [939] [940] [941] [942] [943] [944] [945] [946] [947] [948]
[949] [950] [951] [952] [953] [954]
Chapter 75.
[955

] [956] [957] [958] [959] [960] [961] [962] [963] [964]
Overfull \hbox (2.38957pt too wide) in paragraph at lines 56135--56136
\TU/TeXGyrePagella(0)/m/n/10.95 dox. But the compatibility must eventually be d
emonstrated dynamically rather than merely
 []

[965] [966]
Overfull \hbox (3.7128pt too wide) in paragraph at lines 56339--56340
[]\TU/TeXGyrePagella(0)/m/n/10.95 This framing removes much of the metaphysical
 language surrounding “creation.” Noth-
 []

[967] [968] [969]
Overfull \hbox (43.02321pt too wide) detected at line 56517
[][][][]
 []

[970]
Chapter 76.
[971

] [972] [973] [974]
Overfull \hbox (3.26141pt too wide) in paragraph at lines 56796--56797
[]\TU/TeXGyrePagella(0)/m/n/10.95 provided the comparison concerns cumulative c
onstructibility rather than instantaneous
 []

[975] [976] [977] [978] [979] [980] [981] [982] [983] [984] [985] [986]
[987] [988] [989

]
Overfull \hbox (108.84045pt too wide) detected at line 57720
[][][][] [] []\OML/cmm/m/it/10.95 :
 []

[990]
Overfull \hbox (43.17072pt too wide) detected at line 57782
[][][][]
 []

[991] [992] [993] [994]
Overfull \hbox (3.40543pt too wide) detected at line 57947
[][][][]
 []

[995] [996] [997] [998


] [999] [1000]
Underfull \hbox (badness 1102) in paragraph at lines 58220--58223
[]\TU/TeXGyrePagella(0)/m/n/10.95 Viatcheslav Mukhanov, \TU/TeXGyrePagella(0)/m
/it/10.95 Physical Foundations of Cosmology\TU/TeXGyrePagella(0)/m/n/10.95 , Ca
mbridge University
 []

[1001]
Underfull \hbox (badness 1997) in paragraph at lines 58310--58314
\TU/TeXGyrePagella(0)/m/n/10.95 Significance Detection of Primordial Tidal Torq
ue Imprints,” \TU/TeXGyrePagella(0)/m/it/10.95 Nature Astronomy
 []


Underfull \hbox (badness 1237) in paragraph at lines 58398--58403
[]\TU/TeXGyrePagella(0)/m/n/10.95 Ahmed Almheiri, Thomas Hartman, Juan Maldacen
a, Edgar Shaghoulian, and
 []

[1002] [1003] [1004] (./smoothness-paradox.aux)
 ***********
LaTeX2e <2023-11-01> patch level 1
L3 programming layer <2024-01-22>
 ***********
Package rerunfilecheck Info: File `smoothness-paradox.out' has not changed.
(rerunfilecheck)             Checksum: BFF6E4DBE7F4D1C734FD3BC5ABD405F7;358825.

 ) 
Here is how much of TeX's memory you used:
 24621 strings out of 474878
 582636 string characters out of 5762516
 1937627 words of memory out of 5000000
 46397 multiletter control sequences out of 15000+600000
 578564 words of font info for 159 fonts, out of 8000000 for 9000
 1348 hyphenation exceptions out of 8191
 79i,19n,93p,1594b,511s stack positions out of 10000i,1000n,20000p,200000b,200000s

Output written on smoothness-paradox.pdf (1052 pages).
